{"type": "FeatureCollection", "features": [{"type": "Feature", "geometry": {"type": "Polygon", "coordinates": [[[6.0, 46.866667], [6.5, 46.866667], [6.5, 47.2], [6.0, 47.2], [6.0, 46.866667]]]}, "properties": {"Title": "Foglio 1 - PASSO DI RESIA", "DOI": "Disponibile su OAR (Clicca Link)", "URL": "https://www.openaccess-isprambiente.it/simple-search?query=Foglio+1+PASSO+DI+RESIA", "Location": "Italy Grid", "Type": "Official Map"}}, {"type": "Feature", "geometry": {"type": "Polygon", "coordinates": [[[6.5, 46.866667], [7.0, 46.866667], [7.0, 47.2], [6.5, 47.2], [6.5, 46.866667]]]}, "properties": {"Title": "Foglio 2 - CURON VENOSTA", "DOI": "Disponibile su OAR (Clicca Link)", "URL": "https://www.openaccess-isprambiente.it/simple-search?query=Foglio+2+CURON+VENOSTA", "Location": "Italy Grid", "Type": "Official Map"}}, {"type": "Feature", "geometry": {"type": "Polygon", "coordinates": [[[7.0, 46.866667], [7.5, 46.866667], [7.5, 47.2], [7.0, 47.2], [7.0, 46.866667]]]}, "properties": {"Title": "Foglio 3 - VETTA D'ITALIA", "DOI": "Disponibile su OAR (Clicca Link)", "URL": "https://www.openaccess-isprambiente.it/simple-search?query=Foglio+3+VETTA+D'ITALIA", "Location": "Italy Grid", "Type": "Official Map"}}, {"type": "Feature", "geometry": {"type": "Polygon", "coordinates": [[[7.5, 46.866667], [8.0, 46.866667], [8.0, 47.2], [7.5, 47.2], [7.5, 46.866667]]]}, "properties": {"Title": "Foglio 4 - VALLE AURINA", "DOI": "Disponibile su OAR (Clicca Link)", "URL": "https://www.openaccess-isprambiente.it/simple-search?query=Foglio+4+VALLE+AURINA", "Location": "Italy Grid", "Type": "Official Map"}}, {"type": "Feature", "geometry": {"type": "Polygon", "coordinates": [[[8.0, 46.866667], [8.5, 46.866667], [8.5, 47.2], [8.0, 47.2], [8.0, 46.866667]]]}, "properties": {"Title": "Foglio 5 - GRAN PILASTRO", "DOI": "Disponibile su OAR (Clicca Link)", "URL": "https://www.openaccess-isprambiente.it/simple-search?query=Foglio+5+GRAN+PILASTRO", "Location": "Italy Grid", "Type": "Official Map"}}, {"type": "Feature", "geometry": {"type": "Polygon", "coordinates": [[[8.5, 46.866667], [9.0, 46.866667], [9.0, 47.2], [8.5, 47.2], [8.5, 46.866667]]]}, "properties": {"Title": "Foglio 6 - TERENTO", "DOI": "Disponibile su OAR (Clicca Link)", "URL": "https://www.openaccess-isprambiente.it/simple-search?query=Foglio+6+TERENTO", "Location": "Italy Grid", "Type": "Official Map"}}, {"type": "Feature", "geometry": {"type": "Polygon", "coordinates": [[[9.0, 46.866667], [9.5, 46.866667], [9.5, 47.2], [9.0, 47.2], [9.0, 46.866667]]]}, "properties": {"Title": "Foglio 7 - ANTERSELVA", "DOI": "Disponibile su OAR (Clicca Link)", "URL": "https://www.openaccess-isprambiente.it/simple-search?query=Foglio+7+ANTERSELVA", "Location": "Italy Grid", "Type": "Official Map"}}, {"type": "Feature", "geometry": {"type": "Polygon", "coordinates": [[[9.5, 46.866667], [10.0, 46.866667], [10.0, 47.2], [9.5, 47.2], [9.5, 46.866667]]]}, "properties": {"Title": "Foglio 8 - SAN CANDIDO", "DOI": "Disponibile su OAR (Clicca Link)", "URL": "https://www.openaccess-isprambiente.it/simple-search?query=Foglio+8+SAN+CANDIDO", "Location": "Italy Grid", "Type": "Official Map"}}, {"type": "Feature", "geometry": {"type": "Polygon", "coordinates": [[[10.0, 46.866667], [10.5, 46.866667], [10.5, 47.2], [10.0, 47.2], [10.0, 46.866667]]]}, "properties": {"Title": "Foglio 9 - CIMA PALLA BIANCA", "DOI": "Disponibile su OAR (Clicca Link)", "URL": "https://www.openaccess-isprambiente.it/simple-search?query=Foglio+9+CIMA+PALLA+BIANCA", "Location": "Italy Grid", "Type": "Official Map"}}, {"type": "Feature", "geometry": {"type": "Polygon", "coordinates": [[[10.5, 46.866667], [11.0, 46.866667], [11.0, 47.2], [10.5, 47.2], [10.5, 46.866667]]]}, "properties": {"Title": "Foglio 10 - MALLES VENOSTA", "DOI": "Disponibile su OAR (Clicca Link)", "URL": "https://www.openaccess-isprambiente.it/simple-search?query=Foglio+10+MALLES+VENOSTA", "Location": "Italy Grid", "Type": "Official Map"}}, {"type": "Feature", "geometry": {"type": "Polygon", "coordinates": [[[11.0, 46.866667], [11.5, 46.866667], [11.5, 47.2], [11.0, 47.2], [11.0, 46.866667]]]}, "properties": {"Title": "Foglio 11 - MERANO", "DOI": "Disponibile su OAR (Clicca Link)", "URL": "https://www.openaccess-isprambiente.it/simple-search?query=Foglio+11+MERANO", "Location": "Italy Grid", "Type": "Official Map"}}, {"type": "Feature", "geometry": {"type": "Polygon", "coordinates": [[[11.5, 46.866667], [12.0, 46.866667], [12.0, 47.2], [11.5, 47.2], [11.5, 46.866667]]]}, "properties": {"Title": "Foglio 12 - BRESSANONE", "DOI": "Disponibile su OAR (Clicca Link)", "URL": "https://www.openaccess-isprambiente.it/simple-search?query=Foglio+12+BRESSANONE", "Location": "Italy Grid", "Type": "Official Map"}}, {"type": "Feature", "geometry": {"type": "Polygon", "coordinates": [[[12.0, 46.866667], [12.5, 46.866667], [12.5, 47.2], [12.0, 47.2], [12.0, 46.866667]]]}, "properties": {"Title": "Foglio 13 - CAMPO TURES", "DOI": "Disponibile su OAR (Clicca Link)", "URL": "https://www.openaccess-isprambiente.it/simple-search?query=Foglio+13+CAMPO+TURES", "Location": "Italy Grid", "Type": "Official Map"}}, {"type": "Feature", "geometry": {"type": "Polygon", "coordinates": [[[12.5, 46.866667], [13.0, 46.866667], [13.0, 47.2], [12.5, 47.2], [12.5, 46.866667]]]}, "properties": {"Title": "Foglio 14 - DOBBIACO", "DOI": "Disponibile su OAR (Clicca Link)", "URL": "https://www.openaccess-isprambiente.it/simple-search?query=Foglio+14+DOBBIACO", "Location": "Italy Grid", "Type": "Official Map"}}, {"type": "Feature", "geometry": {"type": "Polygon", "coordinates": [[[13.0, 46.866667], [13.5, 46.866667], [13.5, 47.2], [13.0, 47.2], [13.0, 46.866667]]]}, "properties": {"Title": "Foglio 15 - VIPITENO", "DOI": "Disponibile su OAR (Clicca Link)", "URL": "https://www.openaccess-isprambiente.it/simple-search?query=Foglio+15+VIPITENO", "Location": "Italy Grid", "Type": "Official Map"}}, {"type": "Feature", "geometry": {"type": "Polygon", "coordinates": [[[13.5, 46.866667], [14.0, 46.866667], [14.0, 47.2], [13.5, 47.2], [13.5, 46.866667]]]}, "properties": {"Title": "Foglio 16 - BRUNICO", "DOI": "Disponibile su OAR (Clicca Link)", "URL": "https://www.openaccess-isprambiente.it/simple-search?query=Foglio+16+BRUNICO", "Location": "Italy Grid", "Type": "Official Map"}}, {"type": "Feature", "geometry": {"type": "Polygon", "coordinates": [[[14.0, 46.866667], [14.5, 46.866667], [14.5, 47.2], [14.0, 47.2], [14.0, 46.866667]]]}, "properties": {"Title": "Foglio 17 - JIPPA", "DOI": "Disponibile su OAR (Clicca Link)", "URL": "https://www.openaccess-isprambiente.it/simple-search?query=Foglio+17+JIPPA", "Location": "Italy Grid", "Type": "Official Map"}}, {"type": "Feature", "geometry": {"type": "Polygon", "coordinates": [[[14.5, 46.866667], [15.0, 46.866667], [15.0, 47.2], [14.5, 47.2], [14.5, 46.866667]]]}, "properties": {"Title": "Foglio 18 - PASSO DEL BRENNERO", "DOI": "Disponibile su OAR (Clicca Link)", "URL": "https://www.openaccess-isprambiente.it/simple-search?query=Foglio+18+PASSO+DEL+BRENNERO", "Location": "Italy Grid", "Type": "Official Map"}}, {"type": "Feature", "geometry": {"type": "Polygon", "coordinates": [[[15.0, 46.866667], [15.5, 46.866667], [15.5, 47.2], [15.0, 47.2], [15.0, 46.866667]]]}, "properties": {"Title": "Foglio 19 - VIPITENO", "DOI": "Disponibile su OAR (Clicca Link)", "URL": "https://www.openaccess-isprambiente.it/simple-search?query=Foglio+19+VIPITENO", "Location": "Italy Grid", "Type": "Official Map"}}, {"type": "Feature", "geometry": {"type": "Polygon", "coordinates": [[[15.5, 46.866667], [16.0, 46.866667], [16.0, 47.2], [15.5, 47.2], [15.5, 46.866667]]]}, "properties": {"Title": "Foglio 20 - MONTE ROSA", "DOI": "Disponibile su OAR (Clicca Link)", "URL": "https://www.openaccess-isprambiente.it/simple-search?query=Foglio+20+MONTE+ROSA", "Location": "Italy Grid", "Type": "Official Map"}}, {"type": "Feature", "geometry": {"type": "Polygon", "coordinates": [[[16.0, 46.866667], [16.5, 46.866667], [16.5, 47.2], [16.0, 47.2], [16.0, 46.866667]]]}, "properties": {"Title": "Foglio 21 - PASSO DELLO STELVIO", "DOI": "Disponibile su OAR (Clicca Link)", "URL": "https://www.openaccess-isprambiente.it/simple-search?query=Foglio+21+PASSO+DELLO+STELVIO", "Location": "Italy Grid", "Type": "Official Map"}}, {"type": "Feature", "geometry": {"type": "Polygon", "coordinates": [[[16.5, 46.866667], [17.0, 46.866667], [17.0, 47.2], [16.5, 47.2], [16.5, 46.866667]]]}, "properties": {"Title": "Foglio 22 - GLORENZA", "DOI": "Disponibile su OAR (Clicca Link)", "URL": "https://www.openaccess-isprambiente.it/simple-search?query=Foglio+22+GLORENZA", "Location": "Italy Grid", "Type": "Official Map"}}, {"type": "Feature", "geometry": {"type": "Polygon", "coordinates": [[[17.0, 46.866667], [17.5, 46.866667], [17.5, 47.2], [17.0, 47.2], [17.0, 46.866667]]]}, "properties": {"Title": "Foglio 23 - BORMIO", "DOI": "Disponibile su OAR (Clicca Link)", "URL": "https://www.openaccess-isprambiente.it/simple-search?query=Foglio+23+BORMIO", "Location": "Italy Grid", "Type": "Official Map"}}, {"type": "Feature", "geometry": {"type": "Polygon", "coordinates": [[[17.5, 46.866667], [18.0, 46.866667], [18.0, 47.2], [17.5, 47.2], [17.5, 46.866667]]]}, "properties": {"Title": "Foglio 24 - BORMIO", "DOI": "Disponibile su OAR (Clicca Link)", "URL": "https://www.openaccess-isprambiente.it/simple-search?query=Foglio+24+BORMIO", "Location": "Italy Grid", "Type": "Official Map"}}, {"type": "Feature", "geometry": {"type": "Polygon", "coordinates": [[[6.0, 46.533334], [6.5, 46.533334], [6.5, 46.866667], [6.0, 46.866667], [6.0, 46.533334]]]}, "properties": {"Title": "Foglio 25 - RABBI", "DOI": "Disponibile su OAR (Clicca Link)", "URL": "https://www.openaccess-isprambiente.it/simple-search?query=Foglio+25+RABBI", "Location": "Italy Grid", "Type": "Official Map"}}, {"type": "Feature", "geometry": {"type": "Polygon", "coordinates": [[[6.5, 46.533334], [7.0, 46.533334], [7.0, 46.866667], [6.5, 46.866667], [6.5, 46.533334]]]}, "properties": {"Title": "Foglio 26 - APPIANO", "DOI": "Disponibile su OAR (Clicca Link)", "URL": "https://www.openaccess-isprambiente.it/simple-search?query=Foglio+26+APPIANO", "Location": "Italy Grid", "Type": "Official Map"}}, {"type": "Feature", "geometry": {"type": "Polygon", "coordinates": [[[7.0, 46.533334], [7.5, 46.533334], [7.5, 46.866667], [7.0, 46.866667], [7.0, 46.533334]]]}, "properties": {"Title": "Foglio 27 - BOLZANO", "DOI": "Disponibile su OAR (Clicca Link)", "URL": "https://www.openaccess-isprambiente.it/simple-search?query=Foglio+27+BOLZANO", "Location": "Italy Grid", "Type": "Official Map"}}, {"type": "Feature", "geometry": {"type": "Polygon", "coordinates": [[[7.5, 46.533334], [8.0, 46.533334], [8.0, 46.866667], [7.5, 46.866667], [7.5, 46.533334]]]}, "properties": {"Title": "Foglio 28 - LA MARMOLADA", "DOI": "Disponibile su OAR (Clicca Link)", "URL": "https://www.openaccess-isprambiente.it/simple-search?query=Foglio+28+LA+MARMOLADA", "Location": "Italy Grid", "Type": "Official Map"}}, {"type": "Feature", "geometry": {"type": "Polygon", "coordinates": [[[8.0, 46.533334], [8.5, 46.533334], [8.5, 46.866667], [8.0, 46.866667], [8.0, 46.533334]]]}, "properties": {"Title": "Foglio 29 - CORTINA D'AMPEZZO", "DOI": "Disponibile su OAR (Clicca Link)", "URL": "https://www.openaccess-isprambiente.it/simple-search?query=Foglio+29+CORTINA+D'AMPEZZO", "Location": "Italy Grid", "Type": "Official Map"}}, {"type": "Feature", "geometry": {"type": "Polygon", "coordinates": [[[8.5, 46.533334], [9.0, 46.533334], [9.0, 46.866667], [8.5, 46.866667], [8.5, 46.533334]]]}, "properties": {"Title": "Foglio 30 - PIEVE DI CADORE", "DOI": "Disponibile su OAR (Clicca Link)", "URL": "https://www.openaccess-isprambiente.it/simple-search?query=Foglio+30+PIEVE+DI+CADORE", "Location": "Italy Grid", "Type": "Official Map"}}, {"type": "Feature", "geometry": {"type": "Polygon", "coordinates": [[[9.0, 46.533334], [9.5, 46.533334], [9.5, 46.866667], [9.0, 46.866667], [9.0, 46.533334]]]}, "properties": {"Title": "Foglio 31 - AMPEZZO", "DOI": "Disponibile su OAR (Clicca Link)", "URL": "https://www.openaccess-isprambiente.it/simple-search?query=Foglio+31+AMPEZZO", "Location": "Italy Grid", "Type": "Official Map"}}, {"type": "Feature", "geometry": {"type": "Polygon", "coordinates": [[[9.5, 46.533334], [10.0, 46.533334], [10.0, 46.866667], [9.5, 46.866667], [9.5, 46.533334]]]}, "properties": {"Title": "Foglio 32 - TOLMEZZO", "DOI": "Disponibile su OAR (Clicca Link)", "URL": "https://www.openaccess-isprambiente.it/simple-search?query=Foglio+32+TOLMEZZO", "Location": "Italy Grid", "Type": "Official Map"}}, {"type": "Feature", "geometry": {"type": "Polygon", "coordinates": [[[10.0, 46.533334], [10.5, 46.533334], [10.5, 46.866667], [10.0, 46.866667], [10.0, 46.533334]]]}, "properties": {"Title": "Foglio 33 - BERGAMO", "DOI": "Disponibile su OAR (Clicca Link)", "URL": "https://www.openaccess-isprambiente.it/simple-search?query=Foglio+33+BERGAMO", "Location": "Italy Grid", "Type": "Official Map"}}, {"type": "Feature", "geometry": {"type": "Polygon", "coordinates": [[[10.5, 46.533334], [11.0, 46.533334], [11.0, 46.866667], [10.5, 46.866667], [10.5, 46.533334]]]}, "properties": {"Title": "Foglio 34 - TRESPDA", "DOI": "Disponibile su OAR (Clicca Link)", "URL": "https://www.openaccess-isprambiente.it/simple-search?query=Foglio+34+TRESPDA", "Location": "Italy Grid", "Type": "Official Map"}}, {"type": "Feature", "geometry": {"type": "Polygon", "coordinates": [[[11.0, 46.533334], [11.5, 46.533334], [11.5, 46.866667], [11.0, 46.866667], [11.0, 46.533334]]]}, "properties": {"Title": "Foglio 35", "DOI": "Non disponibile / In lavorazione", "URL": "https://progetto-carg.isprambiente.it/cartografia", "Location": "Italy Grid", "Type": "Official Map"}}, {"type": "Feature", "geometry": {"type": "Polygon", "coordinates": [[[11.5, 46.533334], [12.0, 46.533334], [12.0, 46.866667], [11.5, 46.866667], [11.5, 46.533334]]]}, "properties": {"Title": "Foglio 36", "DOI": "Non disponibile / In lavorazione", "URL": "https://progetto-carg.isprambiente.it/cartografia", "Location": "Italy Grid", "Type": "Official Map"}}, {"type": "Feature", "geometry": {"type": "Polygon", "coordinates": [[[12.0, 46.533334], [12.5, 46.533334], [12.5, 46.866667], [12.0, 46.866667], [12.0, 46.533334]]]}, "properties": {"Title": "Foglio 37", "DOI": "Non disponibile / In lavorazione", "URL": "https://progetto-carg.isprambiente.it/cartografia", "Location": "Italy Grid", "Type": "Official Map"}}, {"type": "Feature", "geometry": {"type": "Polygon", "coordinates": [[[12.5, 46.533334], [13.0, 46.533334], [13.0, 46.866667], [12.5, 46.866667], [12.5, 46.533334]]]}, "properties": {"Title": "Foglio 38", "DOI": "Non disponibile / In lavorazione", "URL": "https://progetto-carg.isprambiente.it/cartografia", "Location": "Italy Grid", "Type": "Official Map"}}, {"type": "Feature", "geometry": {"type": "Polygon", "coordinates": [[[13.0, 46.533334], [13.5, 46.533334], [13.5, 46.866667], [13.0, 46.866667], [13.0, 46.533334]]]}, "properties": {"Title": "Foglio 39", "DOI": "Non disponibile / In lavorazione", "URL": "https://progetto-carg.isprambiente.it/cartografia", "Location": "Italy Grid", "Type": "Official Map"}}, {"type": "Feature", "geometry": {"type": "Polygon", "coordinates": [[[13.5, 46.533334], [14.0, 46.533334], [14.0, 46.866667], [13.5, 46.866667], [13.5, 46.533334]]]}, "properties": {"Title": "Foglio 40", "DOI": "Non disponibile / In lavorazione", "URL": "https://progetto-carg.isprambiente.it/cartografia", "Location": "Italy Grid", "Type": "Official Map"}}, {"type": "Feature", "geometry": {"type": "Polygon", "coordinates": [[[14.0, 46.533334], [14.5, 46.533334], [14.5, 46.866667], [14.0, 46.866667], [14.0, 46.533334]]]}, "properties": {"Title": "Foglio 41", "DOI": "Non disponibile / In lavorazione", "URL": "https://progetto-carg.isprambiente.it/cartografia", "Location": "Italy Grid", "Type": "Official Map"}}, {"type": "Feature", "geometry": {"type": "Polygon", "coordinates": [[[14.5, 46.533334], [15.0, 46.533334], [15.0, 46.866667], [14.5, 46.866667], [14.5, 46.533334]]]}, "properties": {"Title": "Foglio 42 - COLICO", "DOI": "Disponibile su OAR (Clicca Link)", "URL": "https://www.openaccess-isprambiente.it/simple-search?query=Foglio+42+COLICO", "Location": "Italy Grid", "Type": "Official Map"}}, {"type": "Feature", "geometry": {"type": "Polygon", "coordinates": [[[15.0, 46.533334], [15.5, 46.533334], [15.5, 46.866667], [15.0, 46.866667], [15.0, 46.533334]]]}, "properties": {"Title": "Foglio 43 - SONDRIO", "DOI": "Disponibile su OAR (Clicca Link)", "URL": "https://www.openaccess-isprambiente.it/simple-search?query=Foglio+43+SONDRIO", "Location": "Italy Grid", "Type": "Official Map"}}, {"type": "Feature", "geometry": {"type": "Polygon", "coordinates": [[[15.5, 46.533334], [16.0, 46.533334], [16.0, 46.866667], [15.5, 46.866667], [15.5, 46.533334]]]}, "properties": {"Title": "Foglio 44 - ADAMELLO", "DOI": "Disponibile su OAR (Clicca Link)", "URL": "https://www.openaccess-isprambiente.it/simple-search?query=Foglio+44+ADAMELLO", "Location": "Italy Grid", "Type": "Official Map"}}, {"type": "Feature", "geometry": {"type": "Polygon", "coordinates": [[[16.0, 46.533334], [16.5, 46.533334], [16.5, 46.866667], [16.0, 46.866667], [16.0, 46.533334]]]}, "properties": {"Title": "Foglio 45 - TIONE DI TRENTO", "DOI": "Disponibile su OAR (Clicca Link)", "URL": "https://www.openaccess-isprambiente.it/simple-search?query=Foglio+45+TIONE+DI+TRENTO", "Location": "Italy Grid", "Type": "Official Map"}}, {"type": "Feature", "geometry": {"type": "Polygon", "coordinates": [[[16.5, 46.533334], [17.0, 46.533334], [17.0, 46.866667], [16.5, 46.866667], [16.5, 46.533334]]]}, "properties": {"Title": "Foglio 46 - LONGARONE", "DOI": "Disponibile su OAR (Clicca Link)", "URL": "https://www.openaccess-isprambiente.it/simple-search?query=Foglio+46+LONGARONE", "Location": "Italy Grid", "Type": "Official Map"}}, {"type": "Feature", "geometry": {"type": "Polygon", "coordinates": [[[17.0, 46.533334], [17.5, 46.533334], [17.5, 46.866667], [17.0, 46.866667], [17.0, 46.533334]]]}, "properties": {"Title": "Foglio 47 - BELLUNO", "DOI": "Disponibile su OAR (Clicca Link)", "URL": "https://www.openaccess-isprambiente.it/simple-search?query=Foglio+47+BELLUNO", "Location": "Italy Grid", "Type": "Official Map"}}, {"type": "Feature", "geometry": {"type": "Polygon", "coordinates": [[[17.5, 46.533334], [18.0, 46.533334], [18.0, 46.866667], [17.5, 46.866667], [17.5, 46.533334]]]}, "properties": {"Title": "Foglio 48 - PORDENONE", "DOI": "Disponibile su OAR (Clicca Link)", "URL": "https://www.openaccess-isprambiente.it/simple-search?query=Foglio+48+PORDENONE", "Location": "Italy Grid", "Type": "Official Map"}}, {"type": "Feature", "geometry": {"type": "Polygon", "coordinates": [[[6.0, 46.200001], [6.5, 46.200001], [6.5, 46.533334], [6.0, 46.533334], [6.0, 46.200001]]]}, "properties": {"Title": "Foglio 49 - GEMONA DEL FRIULI", "DOI": "Disponibile su OAR (Clicca Link)", "URL": "https://www.openaccess-isprambiente.it/simple-search?query=Foglio+49+GEMONA+DEL+FRIULI", "Location": "Italy Grid", "Type": "Official Map"}}, {"type": "Feature", "geometry": {"type": "Polygon", "coordinates": [[[6.5, 46.200001], [7.0, 46.200001], [7.0, 46.533334], [6.5, 46.533334], [6.5, 46.200001]]]}, "properties": {"Title": "Foglio 50", "DOI": "Non disponibile / In lavorazione", "URL": "https://progetto-carg.isprambiente.it/cartografia", "Location": "Italy Grid", "Type": "Official Map"}}, {"type": "Feature", "geometry": {"type": "Polygon", "coordinates": [[[7.0, 46.200001], [7.5, 46.200001], [7.5, 46.533334], [7.0, 46.533334], [7.0, 46.200001]]]}, "properties": {"Title": "Foglio 51", "DOI": "Non disponibile / In lavorazione", "URL": "https://progetto-carg.isprambiente.it/cartografia", "Location": "Italy Grid", "Type": "Official Map"}}, {"type": "Feature", "geometry": {"type": "Polygon", "coordinates": [[[7.5, 46.200001], [8.0, 46.200001], [8.0, 46.533334], [7.5, 46.533334], [7.5, 46.200001]]]}, "properties": {"Title": "Foglio 52", "DOI": "Non disponibile / In lavorazione", "URL": "https://progetto-carg.isprambiente.it/cartografia", "Location": "Italy Grid", "Type": "Official Map"}}, {"type": "Feature", "geometry": {"type": "Polygon", "coordinates": [[[8.0, 46.200001], [8.5, 46.200001], [8.5, 46.533334], [8.0, 46.533334], [8.0, 46.200001]]]}, "properties": {"Title": "Foglio 53", "DOI": "Non disponibile / In lavorazione", "URL": "https://progetto-carg.isprambiente.it/cartografia", "Location": "Italy Grid", "Type": "Official Map"}}, {"type": "Feature", "geometry": {"type": "Polygon", "coordinates": [[[8.5, 46.200001], [9.0, 46.200001], [9.0, 46.533334], [8.5, 46.533334], [8.5, 46.200001]]]}, "properties": {"Title": "Foglio 54", "DOI": "Non disponibile / In lavorazione", "URL": "https://progetto-carg.isprambiente.it/cartografia", "Location": "Italy Grid", "Type": "Official Map"}}, {"type": "Feature", "geometry": {"type": "Polygon", "coordinates": [[[9.0, 46.200001], [9.5, 46.200001], [9.5, 46.533334], [9.0, 46.533334], [9.0, 46.200001]]]}, "properties": {"Title": "Foglio 55", "DOI": "Non disponibile / In lavorazione", "URL": "https://progetto-carg.isprambiente.it/cartografia", "Location": "Italy Grid", "Type": "Official Map"}}, {"type": "Feature", "geometry": {"type": "Polygon", "coordinates": [[[9.5, 46.200001], [10.0, 46.200001], [10.0, 46.533334], [9.5, 46.533334], [9.5, 46.200001]]]}, "properties": {"Title": "Foglio 56 - BRESCIA", "DOI": "Disponibile su OAR (Clicca Link)", "URL": "https://www.openaccess-isprambiente.it/simple-search?query=Foglio+56+BRESCIA", "Location": "Italy Grid", "Type": "Official Map"}}, {"type": "Feature", "geometry": {"type": "Polygon", "coordinates": [[[10.0, 46.200001], [10.5, 46.200001], [10.5, 46.533334], [10.0, 46.533334], [10.0, 46.200001]]]}, "properties": {"Title": "Foglio 57 - MALCESINE", "DOI": "Disponibile su OAR (Clicca Link)", "URL": "https://www.openaccess-isprambiente.it/simple-search?query=Foglio+57+MALCESINE", "Location": "Italy Grid", "Type": "Official Map"}}, {"type": "Feature", "geometry": {"type": "Polygon", "coordinates": [[[10.5, 46.200001], [11.0, 46.200001], [11.0, 46.533334], [10.5, 46.533334], [10.5, 46.200001]]]}, "properties": {"Title": "Foglio 58 - ROVERETO", "DOI": "Disponibile su OAR (Clicca Link)", "URL": "https://www.openaccess-isprambiente.it/simple-search?query=Foglio+58+ROVERETO", "Location": "Italy Grid", "Type": "Official Map"}}, {"type": "Feature", "geometry": {"type": "Polygon", "coordinates": [[[11.0, 46.200001], [11.5, 46.200001], [11.5, 46.533334], [11.0, 46.533334], [11.0, 46.200001]]]}, "properties": {"Title": "Foglio 59 - TRENTO", "DOI": "Disponibile su OAR (Clicca Link)", "URL": "https://www.openaccess-isprambiente.it/simple-search?query=Foglio+59+TRENTO", "Location": "Italy Grid", "Type": "Official Map"}}, {"type": "Feature", "geometry": {"type": "Polygon", "coordinates": [[[11.5, 46.200001], [12.0, 46.200001], [12.0, 46.533334], [11.5, 46.533334], [11.5, 46.200001]]]}, "properties": {"Title": "Foglio 60 - LEVICO", "DOI": "Disponibile su OAR (Clicca Link)", "URL": "https://www.openaccess-isprambiente.it/simple-search?query=Foglio+60+LEVICO", "Location": "Italy Grid", "Type": "Official Map"}}, {"type": "Feature", "geometry": {"type": "Polygon", "coordinates": [[[12.0, 46.200001], [12.5, 46.200001], [12.5, 46.533334], [12.0, 46.533334], [12.0, 46.200001]]]}, "properties": {"Title": "Foglio 61 - CONEGLIANO", "DOI": "Disponibile su OAR (Clicca Link)", "URL": "https://www.openaccess-isprambiente.it/simple-search?query=Foglio+61+CONEGLIANO", "Location": "Italy Grid", "Type": "Official Map"}}, {"type": "Feature", "geometry": {"type": "Polygon", "coordinates": [[[12.5, 46.200001], [13.0, 46.200001], [13.0, 46.533334], [12.5, 46.533334], [12.5, 46.200001]]]}, "properties": {"Title": "Foglio 62 - UDINE", "DOI": "Disponibile su OAR (Clicca Link)", "URL": "https://www.openaccess-isprambiente.it/simple-search?query=Foglio+62+UDINE", "Location": "Italy Grid", "Type": "Official Map"}}, {"type": "Feature", "geometry": {"type": "Polygon", "coordinates": [[[13.0, 46.200001], [13.5, 46.200001], [13.5, 46.533334], [13.0, 46.533334], [13.0, 46.200001]]]}, "properties": {"Title": "Foglio 63 - BELLUNO", "DOI": "Disponibile su OAR (Clicca Link)", "URL": "https://www.openaccess-isprambiente.it/simple-search?query=Foglio+63+BELLUNO", "Location": "Italy Grid", "Type": "Official Map"}}, {"type": "Feature", "geometry": {"type": "Polygon", "coordinates": [[[13.5, 46.200001], [14.0, 46.200001], [14.0, 46.533334], [13.5, 46.533334], [13.5, 46.200001]]]}, "properties": {"Title": "Foglio 64 - ROVATO", "DOI": "Disponibile su OAR (Clicca Link)", "URL": "https://www.openaccess-isprambiente.it/simple-search?query=Foglio+64+ROVATO", "Location": "Italy Grid", "Type": "Official Map"}}, {"type": "Feature", "geometry": {"type": "Polygon", "coordinates": [[[14.0, 46.200001], [14.5, 46.200001], [14.5, 46.533334], [14.0, 46.533334], [14.0, 46.200001]]]}, "properties": {"Title": "Foglio 65 - ADRO", "DOI": "Disponibile su OAR (Clicca Link)", "URL": "https://www.openaccess-isprambiente.it/simple-search?query=Foglio+65+ADRO", "Location": "Italy Grid", "Type": "Official Map"}}, {"type": "Feature", "geometry": {"type": "Polygon", "coordinates": [[[14.5, 46.200001], [15.0, 46.200001], [15.0, 46.533334], [14.5, 46.533334], [14.5, 46.200001]]]}, "properties": {"Title": "Foglio 66 - UDINE", "DOI": "Disponibile su OAR (Clicca Link)", "URL": "https://www.openaccess-isprambiente.it/simple-search?query=Foglio+66+UDINE", "Location": "Italy Grid", "Type": "Official Map"}}, {"type": "Feature", "geometry": {"type": "Polygon", "coordinates": [[[15.0, 46.200001], [15.5, 46.200001], [15.5, 46.533334], [15.0, 46.533334], [15.0, 46.200001]]]}, "properties": {"Title": "Foglio 67 - PORDENONE", "DOI": "Disponibile su OAR (Clicca Link)", "URL": "https://www.openaccess-isprambiente.it/simple-search?query=Foglio+67+PORDENONE", "Location": "Italy Grid", "Type": "Official Map"}}, {"type": "Feature", "geometry": {"type": "Polygon", "coordinates": [[[15.5, 46.200001], [16.0, 46.200001], [16.0, 46.533334], [15.5, 46.533334], [15.5, 46.200001]]]}, "properties": {"Title": "Foglio 68", "DOI": "Non disponibile / In lavorazione", "URL": "https://progetto-carg.isprambiente.it/cartografia", "Location": "Italy Grid", "Type": "Official Map"}}, {"type": "Feature", "geometry": {"type": "Polygon", "coordinates": [[[16.0, 46.200001], [16.5, 46.200001], [16.5, 46.533334], [16.0, 46.533334], [16.0, 46.200001]]]}, "properties": {"Title": "Foglio 69", "DOI": "Non disponibile / In lavorazione", "URL": "https://progetto-carg.isprambiente.it/cartografia", "Location": "Italy Grid", "Type": "Official Map"}}, {"type": "Feature", "geometry": {"type": "Polygon", "coordinates": [[[16.5, 46.200001], [17.0, 46.200001], [17.0, 46.533334], [16.5, 46.533334], [16.5, 46.200001]]]}, "properties": {"Title": "Foglio 70", "DOI": "Non disponibile / In lavorazione", "URL": "https://progetto-carg.isprambiente.it/cartografia", "Location": "Italy Grid", "Type": "Official Map"}}, {"type": "Feature", "geometry": {"type": "Polygon", "coordinates": [[[17.0, 46.200001], [17.5, 46.200001], [17.5, 46.533334], [17.0, 46.533334], [17.0, 46.200001]]]}, "properties": {"Title": "Foglio 71", "DOI": "Non disponibile / In lavorazione", "URL": "https://progetto-carg.isprambiente.it/cartografia", "Location": "Italy Grid", "Type": "Official Map"}}, {"type": "Feature", "geometry": {"type": "Polygon", "coordinates": [[[17.5, 46.200001], [18.0, 46.200001], [18.0, 46.533334], [17.5, 46.533334], [17.5, 46.200001]]]}, "properties": {"Title": "Foglio 72", "DOI": "Non disponibile / In lavorazione", "URL": "https://progetto-carg.isprambiente.it/cartografia", "Location": "Italy Grid", "Type": "Official Map"}}, {"type": "Feature", "geometry": {"type": "Polygon", "coordinates": [[[6.0, 45.866668], [6.5, 45.866668], [6.5, 46.200001], [6.0, 46.200001], [6.0, 45.866668]]]}, "properties": {"Title": "Foglio 73", "DOI": "Non disponibile / In lavorazione", "URL": "https://progetto-carg.isprambiente.it/cartografia", "Location": "Italy Grid", "Type": "Official Map"}}, {"type": "Feature", "geometry": {"type": "Polygon", "coordinates": [[[6.5, 45.866668], [7.0, 45.866668], [7.0, 46.200001], [6.5, 46.200001], [6.5, 45.866668]]]}, "properties": {"Title": "Foglio 74", "DOI": "Non disponibile / In lavorazione", "URL": "https://progetto-carg.isprambiente.it/cartografia", "Location": "Italy Grid", "Type": "Official Map"}}, {"type": "Feature", "geometry": {"type": "Polygon", "coordinates": [[[7.0, 45.866668], [7.5, 45.866668], [7.5, 46.200001], [7.0, 46.200001], [7.0, 45.866668]]]}, "properties": {"Title": "Foglio 75", "DOI": "Non disponibile / In lavorazione", "URL": "https://progetto-carg.isprambiente.it/cartografia", "Location": "Italy Grid", "Type": "Official Map"}}, {"type": "Feature", "geometry": {"type": "Polygon", "coordinates": [[[7.5, 45.866668], [8.0, 45.866668], [8.0, 46.200001], [7.5, 46.200001], [7.5, 45.866668]]]}, "properties": {"Title": "Foglio 76", "DOI": "Non disponibile / In lavorazione", "URL": "https://progetto-carg.isprambiente.it/cartografia", "Location": "Italy Grid", "Type": "Official Map"}}, {"type": "Feature", "geometry": {"type": "Polygon", "coordinates": [[[8.0, 45.866668], [8.5, 45.866668], [8.5, 46.200001], [8.0, 46.200001], [8.0, 45.866668]]]}, "properties": {"Title": "Foglio 77", "DOI": "Non disponibile / In lavorazione", "URL": "https://progetto-carg.isprambiente.it/cartografia", "Location": "Italy Grid", "Type": "Official Map"}}, {"type": "Feature", "geometry": {"type": "Polygon", "coordinates": [[[8.5, 45.866668], [9.0, 45.866668], [9.0, 46.200001], [8.5, 46.200001], [8.5, 45.866668]]]}, "properties": {"Title": "Foglio 78", "DOI": "Non disponibile / In lavorazione", "URL": "https://progetto-carg.isprambiente.it/cartografia", "Location": "Italy Grid", "Type": "Official Map"}}, {"type": "Feature", "geometry": {"type": "Polygon", "coordinates": [[[9.0, 45.866668], [9.5, 45.866668], [9.5, 46.200001], [9.0, 46.200001], [9.0, 45.866668]]]}, "properties": {"Title": "Foglio 79", "DOI": "Non disponibile / In lavorazione", "URL": "https://progetto-carg.isprambiente.it/cartografia", "Location": "Italy Grid", "Type": "Official Map"}}, {"type": "Feature", "geometry": {"type": "Polygon", "coordinates": [[[9.5, 45.866668], [10.0, 45.866668], [10.0, 46.200001], [9.5, 46.200001], [9.5, 45.866668]]]}, "properties": {"Title": "Foglio 80", "DOI": "Non disponibile / In lavorazione", "URL": "https://progetto-carg.isprambiente.it/cartografia", "Location": "Italy Grid", "Type": "Official Map"}}, {"type": "Feature", "geometry": {"type": "Polygon", "coordinates": [[[10.0, 45.866668], [10.5, 45.866668], [10.5, 46.200001], [10.0, 46.200001], [10.0, 45.866668]]]}, "properties": {"Title": "Foglio 81", "DOI": "Non disponibile / In lavorazione", "URL": "https://progetto-carg.isprambiente.it/cartografia", "Location": "Italy Grid", "Type": "Official Map"}}, {"type": "Feature", "geometry": {"type": "Polygon", "coordinates": [[[10.5, 45.866668], [11.0, 45.866668], [11.0, 46.200001], [10.5, 46.200001], [10.5, 45.866668]]]}, "properties": {"Title": "Foglio 82", "DOI": "Non disponibile / In lavorazione", "URL": "https://progetto-carg.isprambiente.it/cartografia", "Location": "Italy Grid", "Type": "Official Map"}}, {"type": "Feature", "geometry": {"type": "Polygon", "coordinates": [[[11.0, 45.866668], [11.5, 45.866668], [11.5, 46.200001], [11.0, 46.200001], [11.0, 45.866668]]]}, "properties": {"Title": "Foglio 83", "DOI": "Non disponibile / In lavorazione", "URL": "https://progetto-carg.isprambiente.it/cartografia", "Location": "Italy Grid", "Type": "Official Map"}}, {"type": "Feature", "geometry": {"type": "Polygon", "coordinates": [[[11.5, 45.866668], [12.0, 45.866668], [12.0, 46.200001], [11.5, 46.200001], [11.5, 45.866668]]]}, "properties": {"Title": "Foglio 84", "DOI": "Non disponibile / In lavorazione", "URL": "https://progetto-carg.isprambiente.it/cartografia", "Location": "Italy Grid", "Type": "Official Map"}}, {"type": "Feature", "geometry": {"type": "Polygon", "coordinates": [[[12.0, 45.866668], [12.5, 45.866668], [12.5, 46.200001], [12.0, 46.200001], [12.0, 45.866668]]]}, "properties": {"Title": "Foglio 85", "DOI": "Non disponibile / In lavorazione", "URL": "https://progetto-carg.isprambiente.it/cartografia", "Location": "Italy Grid", "Type": "Official Map"}}, {"type": "Feature", "geometry": {"type": "Polygon", "coordinates": [[[12.5, 45.866668], [13.0, 45.866668], [13.0, 46.200001], [12.5, 46.200001], [12.5, 45.866668]]]}, "properties": {"Title": "Foglio 86 - SAN VITO AL TAGLIAMENTO", "DOI": "Disponibile su OAR (Clicca Link)", "URL": "https://www.openaccess-isprambiente.it/simple-search?query=Foglio+86+SAN+VITO+AL+TAGLIAMENTO", "Location": "Italy Grid", "Type": "Official Map"}}, {"type": "Feature", "geometry": {"type": "Polygon", "coordinates": [[[13.0, 45.866668], [13.5, 45.866668], [13.5, 46.200001], [13.0, 46.200001], [13.0, 45.866668]]]}, "properties": {"Title": "Foglio 87 - GRADISCA D'ISONZO", "DOI": "Disponibile su OAR (Clicca Link)", "URL": "https://www.openaccess-isprambiente.it/simple-search?query=Foglio+87+GRADISCA+D'ISONZO", "Location": "Italy Grid", "Type": "Official Map"}}, {"type": "Feature", "geometry": {"type": "Polygon", "coordinates": [[[13.5, 45.866668], [14.0, 45.866668], [14.0, 46.200001], [13.5, 46.200001], [13.5, 45.866668]]]}, "properties": {"Title": "Foglio 88 - TRIESTE", "DOI": "Disponibile su OAR (Clicca Link)", "URL": "https://www.openaccess-isprambiente.it/simple-search?query=Foglio+88+TRIESTE", "Location": "Italy Grid", "Type": "Official Map"}}, {"type": "Feature", "geometry": {"type": "Polygon", "coordinates": [[[14.0, 45.866668], [14.5, 45.866668], [14.5, 46.200001], [14.0, 46.200001], [14.0, 45.866668]]]}, "properties": {"Title": "Foglio 89", "DOI": "Non disponibile / In lavorazione", "URL": "https://progetto-carg.isprambiente.it/cartografia", "Location": "Italy Grid", "Type": "Official Map"}}, {"type": "Feature", "geometry": {"type": "Polygon", "coordinates": [[[14.5, 45.866668], [15.0, 45.866668], [15.0, 46.200001], [14.5, 46.200001], [14.5, 45.866668]]]}, "properties": {"Title": "Foglio 90", "DOI": "Non disponibile / In lavorazione", "URL": "https://progetto-carg.isprambiente.it/cartografia", "Location": "Italy Grid", "Type": "Official Map"}}, {"type": "Feature", "geometry": {"type": "Polygon", "coordinates": [[[15.0, 45.866668], [15.5, 45.866668], [15.5, 46.200001], [15.0, 46.200001], [15.0, 45.866668]]]}, "properties": {"Title": "Foglio 91 - CHATILLON", "DOI": "Disponibile su OAR (Clicca Link)", "URL": "https://www.openaccess-isprambiente.it/simple-search?query=Foglio+91+CHATILLON", "Location": "Italy Grid", "Type": "Official Map"}}, {"type": "Feature", "geometry": {"type": "Polygon", "coordinates": [[[15.5, 45.866668], [16.0, 45.866668], [16.0, 46.200001], [15.5, 46.200001], [15.5, 45.866668]]]}, "properties": {"Title": "Foglio 92 - AOSTA", "DOI": "Disponibile su OAR (Clicca Link)", "URL": "https://www.openaccess-isprambiente.it/simple-search?query=Foglio+92+AOSTA", "Location": "Italy Grid", "Type": "Official Map"}}, {"type": "Feature", "geometry": {"type": "Polygon", "coordinates": [[[16.0, 45.866668], [16.5, 45.866668], [16.5, 46.200001], [16.0, 46.200001], [16.0, 45.866668]]]}, "properties": {"Title": "Foglio 93 - MORGEX", "DOI": "Disponibile su OAR (Clicca Link)", "URL": "https://www.openaccess-isprambiente.it/simple-search?query=Foglio+93+MORGEX", "Location": "Italy Grid", "Type": "Official Map"}}, {"type": "Feature", "geometry": {"type": "Polygon", "coordinates": [[[16.5, 45.866668], [17.0, 45.866668], [17.0, 46.200001], [16.5, 46.200001], [16.5, 45.866668]]]}, "properties": {"Title": "Foglio 94", "DOI": "Non disponibile / In lavorazione", "URL": "https://progetto-carg.isprambiente.it/cartografia", "Location": "Italy Grid", "Type": "Official Map"}}, {"type": "Feature", "geometry": {"type": "Polygon", "coordinates": [[[17.0, 45.866668], [17.5, 45.866668], [17.5, 46.200001], [17.0, 46.200001], [17.0, 45.866668]]]}, "properties": {"Title": "Foglio 95", "DOI": "Non disponibile / In lavorazione", "URL": "https://progetto-carg.isprambiente.it/cartografia", "Location": "Italy Grid", "Type": "Official Map"}}, {"type": "Feature", "geometry": {"type": "Polygon", "coordinates": [[[17.5, 45.866668], [18.0, 45.866668], [18.0, 46.200001], [17.5, 46.200001], [17.5, 45.866668]]]}, "properties": {"Title": "Foglio 96", "DOI": "Non disponibile / In lavorazione", "URL": "https://progetto-carg.isprambiente.it/cartografia", "Location": "Italy Grid", "Type": "Official Map"}}, {"type": "Feature", "geometry": {"type": "Polygon", "coordinates": [[[6.0, 45.533335], [6.5, 45.533335], [6.5, 45.866668], [6.0, 45.866668], [6.0, 45.533335]]]}, "properties": {"Title": "Foglio 97", "DOI": "Non disponibile / In lavorazione", "URL": "https://progetto-carg.isprambiente.it/cartografia", "Location": "Italy Grid", "Type": "Official Map"}}, {"type": "Feature", "geometry": {"type": "Polygon", "coordinates": [[[6.5, 45.533335], [7.0, 45.533335], [7.0, 45.866668], [6.5, 45.866668], [6.5, 45.533335]]]}, "properties": {"Title": "Foglio 98", "DOI": "Non disponibile / In lavorazione", "URL": "https://progetto-carg.isprambiente.it/cartografia", "Location": "Italy Grid", "Type": "Official Map"}}, {"type": "Feature", "geometry": {"type": "Polygon", "coordinates": [[[7.0, 45.533335], [7.5, 45.533335], [7.5, 45.866668], [7.0, 45.866668], [7.0, 45.533335]]]}, "properties": {"Title": "Foglio 99", "DOI": "Non disponibile / In lavorazione", "URL": "https://progetto-carg.isprambiente.it/cartografia", "Location": "Italy Grid", "Type": "Official Map"}}, {"type": "Feature", "geometry": {"type": "Polygon", "coordinates": [[[7.5, 45.533335], [8.0, 45.533335], [8.0, 45.866668], [7.5, 45.866668], [7.5, 45.533335]]]}, "properties": {"Title": "Foglio 100", "DOI": "Non disponibile / In lavorazione", "URL": "https://progetto-carg.isprambiente.it/cartografia", "Location": "Italy Grid", "Type": "Official Map"}}, {"type": "Feature", "geometry": {"type": "Polygon", "coordinates": [[[8.0, 45.533335], [8.5, 45.533335], [8.5, 45.866668], [8.0, 45.866668], [8.0, 45.533335]]]}, "properties": {"Title": "Foglio 101", "DOI": "Non disponibile / In lavorazione", "URL": "https://progetto-carg.isprambiente.it/cartografia", "Location": "Italy Grid", "Type": "Official Map"}}, {"type": "Feature", "geometry": {"type": "Polygon", "coordinates": [[[8.5, 45.533335], [9.0, 45.533335], [9.0, 45.866668], [8.5, 45.866668], [8.5, 45.533335]]]}, "properties": {"Title": "Foglio 102", "DOI": "Non disponibile / In lavorazione", "URL": "https://progetto-carg.isprambiente.it/cartografia", "Location": "Italy Grid", "Type": "Official Map"}}, {"type": "Feature", "geometry": {"type": "Polygon", "coordinates": [[[9.0, 45.533335], [9.5, 45.533335], [9.5, 45.866668], [9.0, 45.866668], [9.0, 45.533335]]]}, "properties": {"Title": "Foglio 103", "DOI": "Non disponibile / In lavorazione", "URL": "https://progetto-carg.isprambiente.it/cartografia", "Location": "Italy Grid", "Type": "Official Map"}}, {"type": "Feature", "geometry": {"type": "Polygon", "coordinates": [[[9.5, 45.533335], [10.0, 45.533335], [10.0, 45.866668], [9.5, 45.866668], [9.5, 45.533335]]]}, "properties": {"Title": "Foglio 104", "DOI": "Non disponibile / In lavorazione", "URL": "https://progetto-carg.isprambiente.it/cartografia", "Location": "Italy Grid", "Type": "Official Map"}}, {"type": "Feature", "geometry": {"type": "Polygon", "coordinates": [[[10.0, 45.533335], [10.5, 45.533335], [10.5, 45.866668], [10.0, 45.866668], [10.0, 45.533335]]]}, "properties": {"Title": "Foglio 105", "DOI": "Non disponibile / In lavorazione", "URL": "https://progetto-carg.isprambiente.it/cartografia", "Location": "Italy Grid", "Type": "Official Map"}}, {"type": "Feature", "geometry": {"type": "Polygon", "coordinates": [[[10.5, 45.533335], [11.0, 45.533335], [11.0, 45.866668], [10.5, 45.866668], [10.5, 45.533335]]]}, "properties": {"Title": "Foglio 106", "DOI": "Non disponibile / In lavorazione", "URL": "https://progetto-carg.isprambiente.it/cartografia", "Location": "Italy Grid", "Type": "Official Map"}}, {"type": "Feature", "geometry": {"type": "Polygon", "coordinates": [[[11.0, 45.533335], [11.5, 45.533335], [11.5, 45.866668], [11.0, 45.866668], [11.0, 45.533335]]]}, "properties": {"Title": "Foglio 107", "DOI": "Non disponibile / In lavorazione", "URL": "https://progetto-carg.isprambiente.it/cartografia", "Location": "Italy Grid", "Type": "Official Map"}}, {"type": "Feature", "geometry": {"type": "Polygon", "coordinates": [[[11.5, 45.533335], [12.0, 45.533335], [12.0, 45.866668], [11.5, 45.866668], [11.5, 45.533335]]]}, "properties": {"Title": "Foglio 108", "DOI": "Non disponibile / In lavorazione", "URL": "https://progetto-carg.isprambiente.it/cartografia", "Location": "Italy Grid", "Type": "Official Map"}}, {"type": "Feature", "geometry": {"type": "Polygon", "coordinates": [[[12.0, 45.533335], [12.5, 45.533335], [12.5, 45.866668], [12.0, 45.866668], [12.0, 45.533335]]]}, "properties": {"Title": "Foglio 109", "DOI": "Non disponibile / In lavorazione", "URL": "https://progetto-carg.isprambiente.it/cartografia", "Location": "Italy Grid", "Type": "Official Map"}}, {"type": "Feature", "geometry": {"type": "Polygon", "coordinates": [[[12.5, 45.533335], [13.0, 45.533335], [13.0, 45.866668], [12.5, 45.866668], [12.5, 45.533335]]]}, "properties": {"Title": "Foglio 110", "DOI": "Non disponibile / In lavorazione", "URL": "https://progetto-carg.isprambiente.it/cartografia", "Location": "Italy Grid", "Type": "Official Map"}}, {"type": "Feature", "geometry": {"type": "Polygon", "coordinates": [[[13.0, 45.533335], [13.5, 45.533335], [13.5, 45.866668], [13.0, 45.866668], [13.0, 45.533335]]]}, "properties": {"Title": "Foglio 111", "DOI": "Non disponibile / In lavorazione", "URL": "https://progetto-carg.isprambiente.it/cartografia", "Location": "Italy Grid", "Type": "Official Map"}}, {"type": "Feature", "geometry": {"type": "Polygon", "coordinates": [[[13.5, 45.533335], [14.0, 45.533335], [14.0, 45.866668], [13.5, 45.866668], [13.5, 45.533335]]]}, "properties": {"Title": "Foglio 112", "DOI": "Non disponibile / In lavorazione", "URL": "https://progetto-carg.isprambiente.it/cartografia", "Location": "Italy Grid", "Type": "Official Map"}}, {"type": "Feature", "geometry": {"type": "Polygon", "coordinates": [[[14.0, 45.533335], [14.5, 45.533335], [14.5, 45.866668], [14.0, 45.866668], [14.0, 45.533335]]]}, "properties": {"Title": "Foglio 113", "DOI": "Non disponibile / In lavorazione", "URL": "https://progetto-carg.isprambiente.it/cartografia", "Location": "Italy Grid", "Type": "Official Map"}}, {"type": "Feature", "geometry": {"type": "Polygon", "coordinates": [[[14.5, 45.533335], [15.0, 45.533335], [15.0, 45.866668], [14.5, 45.866668], [14.5, 45.533335]]]}, "properties": {"Title": "Foglio 114", "DOI": "Non disponibile / In lavorazione", "URL": "https://progetto-carg.isprambiente.it/cartografia", "Location": "Italy Grid", "Type": "Official Map"}}, {"type": "Feature", "geometry": {"type": "Polygon", "coordinates": [[[15.0, 45.533335], [15.5, 45.533335], [15.5, 45.866668], [15.0, 45.866668], [15.0, 45.533335]]]}, "properties": {"Title": "Foglio 115", "DOI": "Non disponibile / In lavorazione", "URL": "https://progetto-carg.isprambiente.it/cartografia", "Location": "Italy Grid", "Type": "Official Map"}}, {"type": "Feature", "geometry": {"type": "Polygon", "coordinates": [[[15.5, 45.533335], [16.0, 45.533335], [16.0, 45.866668], [15.5, 45.866668], [15.5, 45.533335]]]}, "properties": {"Title": "Foglio 116", "DOI": "Non disponibile / In lavorazione", "URL": "https://progetto-carg.isprambiente.it/cartografia", "Location": "Italy Grid", "Type": "Official Map"}}, {"type": "Feature", "geometry": {"type": "Polygon", "coordinates": [[[16.0, 45.533335], [16.5, 45.533335], [16.5, 45.866668], [16.0, 45.866668], [16.0, 45.533335]]]}, "properties": {"Title": "Foglio 117", "DOI": "Non disponibile / In lavorazione", "URL": "https://progetto-carg.isprambiente.it/cartografia", "Location": "Italy Grid", "Type": "Official Map"}}, {"type": "Feature", "geometry": {"type": "Polygon", "coordinates": [[[16.5, 45.533335], [17.0, 45.533335], [17.0, 45.866668], [16.5, 45.866668], [16.5, 45.533335]]]}, "properties": {"Title": "Foglio 118 - MILANO", "DOI": "Disponibile su OAR (Clicca Link)", "URL": "https://www.openaccess-isprambiente.it/simple-search?query=Foglio+118+MILANO", "Location": "Italy Grid", "Type": "Official Map"}}, {"type": "Feature", "geometry": {"type": "Polygon", "coordinates": [[[17.0, 45.533335], [17.5, 45.533335], [17.5, 45.866668], [17.0, 45.866668], [17.0, 45.533335]]]}, "properties": {"Title": "Foglio 119 - TREVIGLIO", "DOI": "Disponibile su OAR (Clicca Link)", "URL": "https://www.openaccess-isprambiente.it/simple-search?query=Foglio+119+TREVIGLIO", "Location": "Italy Grid", "Type": "Official Map"}}, {"type": "Feature", "geometry": {"type": "Polygon", "coordinates": [[[17.5, 45.533335], [18.0, 45.533335], [18.0, 45.866668], [17.5, 45.866668], [17.5, 45.533335]]]}, "properties": {"Title": "Foglio 120 - CHIARI", "DOI": "Disponibile su OAR (Clicca Link)", "URL": "https://www.openaccess-isprambiente.it/simple-search?query=Foglio+120+CHIARI", "Location": "Italy Grid", "Type": "Official Map"}}, {"type": "Feature", "geometry": {"type": "Polygon", "coordinates": [[[6.0, 45.200002], [6.5, 45.200002], [6.5, 45.533335], [6.0, 45.533335], [6.0, 45.200002]]]}, "properties": {"Title": "Foglio 121 - SALO", "DOI": "Disponibile su OAR (Clicca Link)", "URL": "https://www.openaccess-isprambiente.it/simple-search?query=Foglio+121+SALO", "Location": "Italy Grid", "Type": "Official Map"}}, {"type": "Feature", "geometry": {"type": "Polygon", "coordinates": [[[6.5, 45.200002], [7.0, 45.200002], [7.0, 45.533335], [6.5, 45.533335], [6.5, 45.200002]]]}, "properties": {"Title": "Foglio 122", "DOI": "Non disponibile / In lavorazione", "URL": "https://progetto-carg.isprambiente.it/cartografia", "Location": "Italy Grid", "Type": "Official Map"}}, {"type": "Feature", "geometry": {"type": "Polygon", "coordinates": [[[7.0, 45.200002], [7.5, 45.200002], [7.5, 45.533335], [7.0, 45.533335], [7.0, 45.200002]]]}, "properties": {"Title": "Foglio 123", "DOI": "Non disponibile / In lavorazione", "URL": "https://progetto-carg.isprambiente.it/cartografia", "Location": "Italy Grid", "Type": "Official Map"}}, {"type": "Feature", "geometry": {"type": "Polygon", "coordinates": [[[7.5, 45.200002], [8.0, 45.200002], [8.0, 45.533335], [7.5, 45.533335], [7.5, 45.200002]]]}, "properties": {"Title": "Foglio 124", "DOI": "Non disponibile / In lavorazione", "URL": "https://progetto-carg.isprambiente.it/cartografia", "Location": "Italy Grid", "Type": "Official Map"}}, {"type": "Feature", "geometry": {"type": "Polygon", "coordinates": [[[8.0, 45.200002], [8.5, 45.200002], [8.5, 45.533335], [8.0, 45.533335], [8.0, 45.200002]]]}, "properties": {"Title": "Foglio 125", "DOI": "Non disponibile / In lavorazione", "URL": "https://progetto-carg.isprambiente.it/cartografia", "Location": "Italy Grid", "Type": "Official Map"}}, {"type": "Feature", "geometry": {"type": "Polygon", "coordinates": [[[8.5, 45.200002], [9.0, 45.200002], [9.0, 45.533335], [8.5, 45.533335], [8.5, 45.200002]]]}, "properties": {"Title": "Foglio 126", "DOI": "Non disponibile / In lavorazione", "URL": "https://progetto-carg.isprambiente.it/cartografia", "Location": "Italy Grid", "Type": "Official Map"}}, {"type": "Feature", "geometry": {"type": "Polygon", "coordinates": [[[9.0, 45.200002], [9.5, 45.200002], [9.5, 45.533335], [9.0, 45.533335], [9.0, 45.200002]]]}, "properties": {"Title": "Foglio 127", "DOI": "Non disponibile / In lavorazione", "URL": "https://progetto-carg.isprambiente.it/cartografia", "Location": "Italy Grid", "Type": "Official Map"}}, {"type": "Feature", "geometry": {"type": "Polygon", "coordinates": [[[9.5, 45.200002], [10.0, 45.200002], [10.0, 45.533335], [9.5, 45.533335], [9.5, 45.200002]]]}, "properties": {"Title": "Foglio 128 - VENEZIA", "DOI": "Disponibile su OAR (Clicca Link)", "URL": "https://www.openaccess-isprambiente.it/simple-search?query=Foglio+128+VENEZIA", "Location": "Italy Grid", "Type": "Official Map"}}, {"type": "Feature", "geometry": {"type": "Polygon", "coordinates": [[[10.0, 45.200002], [10.5, 45.200002], [10.5, 45.533335], [10.0, 45.533335], [10.0, 45.200002]]]}, "properties": {"Title": "Foglio 129", "DOI": "Non disponibile / In lavorazione", "URL": "https://progetto-carg.isprambiente.it/cartografia", "Location": "Italy Grid", "Type": "Official Map"}}, {"type": "Feature", "geometry": {"type": "Polygon", "coordinates": [[[10.5, 45.200002], [11.0, 45.200002], [11.0, 45.533335], [10.5, 45.533335], [10.5, 45.200002]]]}, "properties": {"Title": "Foglio 130", "DOI": "Non disponibile / In lavorazione", "URL": "https://progetto-carg.isprambiente.it/cartografia", "Location": "Italy Grid", "Type": "Official Map"}}, {"type": "Feature", "geometry": {"type": "Polygon", "coordinates": [[[11.0, 45.200002], [11.5, 45.200002], [11.5, 45.533335], [11.0, 45.533335], [11.0, 45.200002]]]}, "properties": {"Title": "Foglio 131", "DOI": "Non disponibile / In lavorazione", "URL": "https://progetto-carg.isprambiente.it/cartografia", "Location": "Italy Grid", "Type": "Official Map"}}, {"type": "Feature", "geometry": {"type": "Polygon", "coordinates": [[[11.5, 45.200002], [12.0, 45.200002], [12.0, 45.533335], [11.5, 45.533335], [11.5, 45.200002]]]}, "properties": {"Title": "Foglio 132", "DOI": "Non disponibile / In lavorazione", "URL": "https://progetto-carg.isprambiente.it/cartografia", "Location": "Italy Grid", "Type": "Official Map"}}, {"type": "Feature", "geometry": {"type": "Polygon", "coordinates": [[[12.0, 45.200002], [12.5, 45.200002], [12.5, 45.533335], [12.0, 45.533335], [12.0, 45.200002]]]}, "properties": {"Title": "Foglio 133 - VIMERCATE", "DOI": "Disponibile su OAR (Clicca Link)", "URL": "https://www.openaccess-isprambiente.it/simple-search?query=Foglio+133+VIMERCATE", "Location": "Italy Grid", "Type": "Official Map"}}, {"type": "Feature", "geometry": {"type": "Polygon", "coordinates": [[[12.5, 45.200002], [13.0, 45.200002], [13.0, 45.533335], [12.5, 45.533335], [12.5, 45.200002]]]}, "properties": {"Title": "Foglio 134 - CREMA", "DOI": "Disponibile su OAR (Clicca Link)", "URL": "https://www.openaccess-isprambiente.it/simple-search?query=Foglio+134+CREMA", "Location": "Italy Grid", "Type": "Official Map"}}, {"type": "Feature", "geometry": {"type": "Polygon", "coordinates": [[[13.0, 45.200002], [13.5, 45.200002], [13.5, 45.533335], [13.0, 45.533335], [13.0, 45.200002]]]}, "properties": {"Title": "Foglio 135", "DOI": "Non disponibile / In lavorazione", "URL": "https://progetto-carg.isprambiente.it/cartografia", "Location": "Italy Grid", "Type": "Official Map"}}, {"type": "Feature", "geometry": {"type": "Polygon", "coordinates": [[[13.5, 45.200002], [14.0, 45.200002], [14.0, 45.533335], [13.5, 45.533335], [13.5, 45.200002]]]}, "properties": {"Title": "Foglio 136", "DOI": "Non disponibile / In lavorazione", "URL": "https://progetto-carg.isprambiente.it/cartografia", "Location": "Italy Grid", "Type": "Official Map"}}, {"type": "Feature", "geometry": {"type": "Polygon", "coordinates": [[[14.0, 45.200002], [14.5, 45.200002], [14.5, 45.533335], [14.0, 45.533335], [14.0, 45.200002]]]}, "properties": {"Title": "Foglio 137", "DOI": "Non disponibile / In lavorazione", "URL": "https://progetto-carg.isprambiente.it/cartografia", "Location": "Italy Grid", "Type": "Official Map"}}, {"type": "Feature", "geometry": {"type": "Polygon", "coordinates": [[[14.5, 45.200002], [15.0, 45.200002], [15.0, 45.533335], [14.5, 45.533335], [14.5, 45.200002]]]}, "properties": {"Title": "Foglio 138", "DOI": "Non disponibile / In lavorazione", "URL": "https://progetto-carg.isprambiente.it/cartografia", "Location": "Italy Grid", "Type": "Official Map"}}, {"type": "Feature", "geometry": {"type": "Polygon", "coordinates": [[[15.0, 45.200002], [15.5, 45.200002], [15.5, 45.533335], [15.0, 45.533335], [15.0, 45.200002]]]}, "properties": {"Title": "Foglio 139 - GRADO", "DOI": "Disponibile su OAR (Clicca Link)", "URL": "https://www.openaccess-isprambiente.it/simple-search?query=Foglio+139+GRADO", "Location": "Italy Grid", "Type": "Official Map"}}, {"type": "Feature", "geometry": {"type": "Polygon", "coordinates": [[[15.5, 45.200002], [16.0, 45.200002], [16.0, 45.533335], [15.5, 45.533335], [15.5, 45.200002]]]}, "properties": {"Title": "Foglio 140", "DOI": "Non disponibile / In lavorazione", "URL": "https://progetto-carg.isprambiente.it/cartografia", "Location": "Italy Grid", "Type": "Official Map"}}, {"type": "Feature", "geometry": {"type": "Polygon", "coordinates": [[[16.0, 45.200002], [16.5, 45.200002], [16.5, 45.533335], [16.0, 45.533335], [16.0, 45.200002]]]}, "properties": {"Title": "Foglio 141", "DOI": "Non disponibile / In lavorazione", "URL": "https://progetto-carg.isprambiente.it/cartografia", "Location": "Italy Grid", "Type": "Official Map"}}, {"type": "Feature", "geometry": {"type": "Polygon", "coordinates": [[[16.5, 45.200002], [17.0, 45.200002], [17.0, 45.533335], [16.5, 45.533335], [16.5, 45.200002]]]}, "properties": {"Title": "Foglio 142", "DOI": "Non disponibile / In lavorazione", "URL": "https://progetto-carg.isprambiente.it/cartografia", "Location": "Italy Grid", "Type": "Official Map"}}, {"type": "Feature", "geometry": {"type": "Polygon", "coordinates": [[[17.0, 45.200002], [17.5, 45.200002], [17.5, 45.533335], [17.0, 45.533335], [17.0, 45.200002]]]}, "properties": {"Title": "Foglio 143", "DOI": "Non disponibile / In lavorazione", "URL": "https://progetto-carg.isprambiente.it/cartografia", "Location": "Italy Grid", "Type": "Official Map"}}, {"type": "Feature", "geometry": {"type": "Polygon", "coordinates": [[[17.5, 45.200002], [18.0, 45.200002], [18.0, 45.533335], [17.5, 45.533335], [17.5, 45.200002]]]}, "properties": {"Title": "Foglio 144", "DOI": "Non disponibile / In lavorazione", "URL": "https://progetto-carg.isprambiente.it/cartografia", "Location": "Italy Grid", "Type": "Official Map"}}, {"type": "Feature", "geometry": {"type": "Polygon", "coordinates": [[[6.0, 44.866669], [6.5, 44.866669], [6.5, 45.200002], [6.0, 45.200002], [6.0, 44.866669]]]}, "properties": {"Title": "Foglio 145", "DOI": "Non disponibile / In lavorazione", "URL": "https://progetto-carg.isprambiente.it/cartografia", "Location": "Italy Grid", "Type": "Official Map"}}, {"type": "Feature", "geometry": {"type": "Polygon", "coordinates": [[[6.5, 44.866669], [7.0, 44.866669], [7.0, 45.200002], [6.5, 45.200002], [6.5, 44.866669]]]}, "properties": {"Title": "Foglio 146", "DOI": "Non disponibile / In lavorazione", "URL": "https://progetto-carg.isprambiente.it/cartografia", "Location": "Italy Grid", "Type": "Official Map"}}, {"type": "Feature", "geometry": {"type": "Polygon", "coordinates": [[[7.0, 44.866669], [7.5, 44.866669], [7.5, 45.200002], [7.0, 45.200002], [7.0, 44.866669]]]}, "properties": {"Title": "Foglio 147", "DOI": "Non disponibile / In lavorazione", "URL": "https://progetto-carg.isprambiente.it/cartografia", "Location": "Italy Grid", "Type": "Official Map"}}, {"type": "Feature", "geometry": {"type": "Polygon", "coordinates": [[[7.5, 44.866669], [8.0, 44.866669], [8.0, 45.200002], [7.5, 45.200002], [7.5, 44.866669]]]}, "properties": {"Title": "Foglio 148", "DOI": "Non disponibile / In lavorazione", "URL": "https://progetto-carg.isprambiente.it/cartografia", "Location": "Italy Grid", "Type": "Official Map"}}, {"type": "Feature", "geometry": {"type": "Polygon", "coordinates": [[[8.0, 44.866669], [8.5, 44.866669], [8.5, 45.200002], [8.0, 45.200002], [8.0, 44.866669]]]}, "properties": {"Title": "Foglio 149 - GIACCIANO CON BARUCHELLA", "DOI": "Disponibile su OAR (Clicca Link)", "URL": "https://www.openaccess-isprambiente.it/simple-search?query=Foglio+149+GIACCIANO+CON+BARUCHELLA", "Location": "Italy Grid", "Type": "Official Map"}}, {"type": "Feature", "geometry": {"type": "Polygon", "coordinates": [[[8.5, 44.866669], [9.0, 44.866669], [9.0, 45.200002], [8.5, 45.200002], [8.5, 44.866669]]]}, "properties": {"Title": "Foglio 150 - MASSA FISCAGLIA", "DOI": "Disponibile su OAR (Clicca Link)", "URL": "https://www.openaccess-isprambiente.it/simple-search?query=Foglio+150+MASSA+FISCAGLIA", "Location": "Italy Grid", "Type": "Official Map"}}, {"type": "Feature", "geometry": {"type": "Polygon", "coordinates": [[[9.0, 44.866669], [9.5, 44.866669], [9.5, 45.200002], [9.0, 45.200002], [9.0, 44.866669]]]}, "properties": {"Title": "Foglio 151 - PORTO TOLLE", "DOI": "Disponibile su OAR (Clicca Link)", "URL": "https://www.openaccess-isprambiente.it/simple-search?query=Foglio+151+PORTO+TOLLE", "Location": "Italy Grid", "Type": "Official Map"}}, {"type": "Feature", "geometry": {"type": "Polygon", "coordinates": [[[9.5, 44.866669], [10.0, 44.866669], [10.0, 45.200002], [9.5, 45.200002], [9.5, 44.866669]]]}, "properties": {"Title": "Foglio 152", "DOI": "Non disponibile / In lavorazione", "URL": "https://progetto-carg.isprambiente.it/cartografia", "Location": "Italy Grid", "Type": "Official Map"}}, {"type": "Feature", "geometry": {"type": "Polygon", "coordinates": [[[10.0, 44.866669], [10.5, 44.866669], [10.5, 45.200002], [10.0, 45.200002], [10.0, 44.866669]]]}, "properties": {"Title": "Foglio 153", "DOI": "Non disponibile / In lavorazione", "URL": "https://progetto-carg.isprambiente.it/cartografia", "Location": "Italy Grid", "Type": "Official Map"}}, {"type": "Feature", "geometry": {"type": "Polygon", "coordinates": [[[10.5, 44.866669], [11.0, 44.866669], [11.0, 45.200002], [10.5, 45.200002], [10.5, 44.866669]]]}, "properties": {"Title": "Foglio 154", "DOI": "Non disponibile / In lavorazione", "URL": "https://progetto-carg.isprambiente.it/cartografia", "Location": "Italy Grid", "Type": "Official Map"}}, {"type": "Feature", "geometry": {"type": "Polygon", "coordinates": [[[11.0, 44.866669], [11.5, 44.866669], [11.5, 45.200002], [11.0, 45.200002], [11.0, 44.866669]]]}, "properties": {"Title": "Foglio 155 - TORINO OVEST", "DOI": "Disponibile su OAR (Clicca Link)", "URL": "https://www.openaccess-isprambiente.it/simple-search?query=Foglio+155+TORINO+OVEST", "Location": "Italy Grid", "Type": "Official Map"}}, {"type": "Feature", "geometry": {"type": "Polygon", "coordinates": [[[11.5, 44.866669], [12.0, 44.866669], [12.0, 45.200002], [11.5, 45.200002], [11.5, 44.866669]]]}, "properties": {"Title": "Foglio 156 - TORINO EST", "DOI": "Disponibile su OAR (Clicca Link)", "URL": "https://www.openaccess-isprambiente.it/simple-search?query=Foglio+156+TORINO+EST", "Location": "Italy Grid", "Type": "Official Map"}}, {"type": "Feature", "geometry": {"type": "Polygon", "coordinates": [[[12.0, 44.866669], [12.5, 44.866669], [12.5, 45.200002], [12.0, 45.200002], [12.0, 44.866669]]]}, "properties": {"Title": "Foglio 157 - TRINO", "DOI": "Disponibile su OAR (Clicca Link)", "URL": "https://www.openaccess-isprambiente.it/simple-search?query=Foglio+157+TRINO", "Location": "Italy Grid", "Type": "Official Map"}}, {"type": "Feature", "geometry": {"type": "Polygon", "coordinates": [[[12.5, 44.866669], [13.0, 44.866669], [13.0, 45.200002], [12.5, 45.200002], [12.5, 44.866669]]]}, "properties": {"Title": "Foglio 158", "DOI": "Non disponibile / In lavorazione", "URL": "https://progetto-carg.isprambiente.it/cartografia", "Location": "Italy Grid", "Type": "Official Map"}}, {"type": "Feature", "geometry": {"type": "Polygon", "coordinates": [[[13.0, 44.866669], [13.5, 44.866669], [13.5, 45.200002], [13.0, 45.200002], [13.0, 44.866669]]]}, "properties": {"Title": "Foglio 159", "DOI": "Non disponibile / In lavorazione", "URL": "https://progetto-carg.isprambiente.it/cartografia", "Location": "Italy Grid", "Type": "Official Map"}}, {"type": "Feature", "geometry": {"type": "Polygon", "coordinates": [[[13.5, 44.866669], [14.0, 44.866669], [14.0, 45.200002], [13.5, 45.200002], [13.5, 44.866669]]]}, "properties": {"Title": "Foglio 160", "DOI": "Non disponibile / In lavorazione", "URL": "https://progetto-carg.isprambiente.it/cartografia", "Location": "Italy Grid", "Type": "Official Map"}}, {"type": "Feature", "geometry": {"type": "Polygon", "coordinates": [[[14.0, 44.866669], [14.5, 44.866669], [14.5, 45.200002], [14.0, 45.200002], [14.0, 44.866669]]]}, "properties": {"Title": "Foglio 161", "DOI": "Non disponibile / In lavorazione", "URL": "https://progetto-carg.isprambiente.it/cartografia", "Location": "Italy Grid", "Type": "Official Map"}}, {"type": "Feature", "geometry": {"type": "Polygon", "coordinates": [[[14.5, 44.866669], [15.0, 44.866669], [15.0, 45.200002], [14.5, 45.200002], [14.5, 44.866669]]]}, "properties": {"Title": "Foglio 162", "DOI": "Non disponibile / In lavorazione", "URL": "https://progetto-carg.isprambiente.it/cartografia", "Location": "Italy Grid", "Type": "Official Map"}}, {"type": "Feature", "geometry": {"type": "Polygon", "coordinates": [[[15.0, 44.866669], [15.5, 44.866669], [15.5, 45.200002], [15.0, 45.200002], [15.0, 44.866669]]]}, "properties": {"Title": "Foglio 163", "DOI": "Non disponibile / In lavorazione", "URL": "https://progetto-carg.isprambiente.it/cartografia", "Location": "Italy Grid", "Type": "Official Map"}}, {"type": "Feature", "geometry": {"type": "Polygon", "coordinates": [[[15.5, 44.866669], [16.0, 44.866669], [16.0, 45.200002], [15.5, 45.200002], [15.5, 44.866669]]]}, "properties": {"Title": "Foglio 164", "DOI": "Non disponibile / In lavorazione", "URL": "https://progetto-carg.isprambiente.it/cartografia", "Location": "Italy Grid", "Type": "Official Map"}}, {"type": "Feature", "geometry": {"type": "Polygon", "coordinates": [[[16.0, 44.866669], [16.5, 44.866669], [16.5, 45.200002], [16.0, 45.200002], [16.0, 44.866669]]]}, "properties": {"Title": "Foglio 165", "DOI": "Non disponibile / In lavorazione", "URL": "https://progetto-carg.isprambiente.it/cartografia", "Location": "Italy Grid", "Type": "Official Map"}}, {"type": "Feature", "geometry": {"type": "Polygon", "coordinates": [[[16.5, 44.866669], [17.0, 44.866669], [17.0, 45.200002], [16.5, 45.200002], [16.5, 44.866669]]]}, "properties": {"Title": "Foglio 166", "DOI": "Non disponibile / In lavorazione", "URL": "https://progetto-carg.isprambiente.it/cartografia", "Location": "Italy Grid", "Type": "Official Map"}}, {"type": "Feature", "geometry": {"type": "Polygon", "coordinates": [[[17.0, 44.866669], [17.5, 44.866669], [17.5, 45.200002], [17.0, 45.200002], [17.0, 44.866669]]]}, "properties": {"Title": "Foglio 167", "DOI": "Non disponibile / In lavorazione", "URL": "https://progetto-carg.isprambiente.it/cartografia", "Location": "Italy Grid", "Type": "Official Map"}}, {"type": "Feature", "geometry": {"type": "Polygon", "coordinates": [[[17.5, 44.866669], [18.0, 44.866669], [18.0, 45.200002], [17.5, 45.200002], [17.5, 44.866669]]]}, "properties": {"Title": "Foglio 168", "DOI": "Non disponibile / In lavorazione", "URL": "https://progetto-carg.isprambiente.it/cartografia", "Location": "Italy Grid", "Type": "Official Map"}}, {"type": "Feature", "geometry": {"type": "Polygon", "coordinates": [[[6.0, 44.533336], [6.5, 44.533336], [6.5, 44.866669], [6.0, 44.866669], [6.0, 44.533336]]]}, "properties": {"Title": "Foglio 169", "DOI": "Non disponibile / In lavorazione", "URL": "https://progetto-carg.isprambiente.it/cartografia", "Location": "Italy Grid", "Type": "Official Map"}}, {"type": "Feature", "geometry": {"type": "Polygon", "coordinates": [[[6.5, 44.533336], [7.0, 44.533336], [7.0, 44.866669], [6.5, 44.866669], [6.5, 44.533336]]]}, "properties": {"Title": "Foglio 170 - LIDO DI VENEZIA", "DOI": "Disponibile su OAR (Clicca Link)", "URL": "https://www.openaccess-isprambiente.it/simple-search?query=Foglio+170+LIDO+DI+VENEZIA", "Location": "Italy Grid", "Type": "Official Map"}}, {"type": "Feature", "geometry": {"type": "Polygon", "coordinates": [[[7.0, 44.533336], [7.5, 44.533336], [7.5, 44.866669], [7.0, 44.866669], [7.0, 44.533336]]]}, "properties": {"Title": "Foglio 171", "DOI": "Non disponibile / In lavorazione", "URL": "https://progetto-carg.isprambiente.it/cartografia", "Location": "Italy Grid", "Type": "Official Map"}}, {"type": "Feature", "geometry": {"type": "Polygon", "coordinates": [[[7.5, 44.533336], [8.0, 44.533336], [8.0, 44.866669], [7.5, 44.866669], [7.5, 44.533336]]]}, "properties": {"Title": "Foglio 172", "DOI": "Non disponibile / In lavorazione", "URL": "https://progetto-carg.isprambiente.it/cartografia", "Location": "Italy Grid", "Type": "Official Map"}}, {"type": "Feature", "geometry": {"type": "Polygon", "coordinates": [[[8.0, 44.533336], [8.5, 44.533336], [8.5, 44.866669], [8.0, 44.866669], [8.0, 44.533336]]]}, "properties": {"Title": "Foglio 173 - CHIOGGIA", "DOI": "Disponibile su OAR (Clicca Link)", "URL": "https://www.openaccess-isprambiente.it/simple-search?query=Foglio+173+CHIOGGIA", "Location": "Italy Grid", "Type": "Official Map"}}, {"type": "Feature", "geometry": {"type": "Polygon", "coordinates": [[[8.5, 44.533336], [9.0, 44.533336], [9.0, 44.866669], [8.5, 44.866669], [8.5, 44.533336]]]}, "properties": {"Title": "Foglio 174 - ADRIA", "DOI": "Disponibile su OAR (Clicca Link)", "URL": "https://www.openaccess-isprambiente.it/simple-search?query=Foglio+174+ADRIA", "Location": "Italy Grid", "Type": "Official Map"}}, {"type": "Feature", "geometry": {"type": "Polygon", "coordinates": [[[9.0, 44.533336], [9.5, 44.533336], [9.5, 44.866669], [9.0, 44.866669], [9.0, 44.533336]]]}, "properties": {"Title": "Foglio 175", "DOI": "Non disponibile / In lavorazione", "URL": "https://progetto-carg.isprambiente.it/cartografia", "Location": "Italy Grid", "Type": "Official Map"}}, {"type": "Feature", "geometry": {"type": "Polygon", "coordinates": [[[9.5, 44.533336], [10.0, 44.533336], [10.0, 44.866669], [9.5, 44.866669], [9.5, 44.533336]]]}, "properties": {"Title": "Foglio 176", "DOI": "Non disponibile / In lavorazione", "URL": "https://progetto-carg.isprambiente.it/cartografia", "Location": "Italy Grid", "Type": "Official Map"}}, {"type": "Feature", "geometry": {"type": "Polygon", "coordinates": [[[10.0, 44.533336], [10.5, 44.533336], [10.5, 44.866669], [10.0, 44.866669], [10.0, 44.533336]]]}, "properties": {"Title": "Foglio 177", "DOI": "Non disponibile / In lavorazione", "URL": "https://progetto-carg.isprambiente.it/cartografia", "Location": "Italy Grid", "Type": "Official Map"}}, {"type": "Feature", "geometry": {"type": "Polygon", "coordinates": [[[10.5, 44.533336], [11.0, 44.533336], [11.0, 44.866669], [10.5, 44.866669], [10.5, 44.533336]]]}, "properties": {"Title": "Foglio 178", "DOI": "Non disponibile / In lavorazione", "URL": "https://progetto-carg.isprambiente.it/cartografia", "Location": "Italy Grid", "Type": "Official Map"}}, {"type": "Feature", "geometry": {"type": "Polygon", "coordinates": [[[11.0, 44.533336], [11.5, 44.533336], [11.5, 44.866669], [11.0, 44.866669], [11.0, 44.533336]]]}, "properties": {"Title": "Foglio 179", "DOI": "Non disponibile / In lavorazione", "URL": "https://progetto-carg.isprambiente.it/cartografia", "Location": "Italy Grid", "Type": "Official Map"}}, {"type": "Feature", "geometry": {"type": "Polygon", "coordinates": [[[11.5, 44.533336], [12.0, 44.533336], [12.0, 44.866669], [11.5, 44.866669], [11.5, 44.533336]]]}, "properties": {"Title": "Foglio 180", "DOI": "Non disponibile / In lavorazione", "URL": "https://progetto-carg.isprambiente.it/cartografia", "Location": "Italy Grid", "Type": "Official Map"}}, {"type": "Feature", "geometry": {"type": "Polygon", "coordinates": [[[12.0, 44.533336], [12.5, 44.533336], [12.5, 44.866669], [12.0, 44.866669], [12.0, 44.533336]]]}, "properties": {"Title": "Foglio 181", "DOI": "Non disponibile / In lavorazione", "URL": "https://progetto-carg.isprambiente.it/cartografia", "Location": "Italy Grid", "Type": "Official Map"}}, {"type": "Feature", "geometry": {"type": "Polygon", "coordinates": [[[12.5, 44.533336], [13.0, 44.533336], [13.0, 44.866669], [12.5, 44.866669], [12.5, 44.533336]]]}, "properties": {"Title": "Foglio 182", "DOI": "Non disponibile / In lavorazione", "URL": "https://progetto-carg.isprambiente.it/cartografia", "Location": "Italy Grid", "Type": "Official Map"}}, {"type": "Feature", "geometry": {"type": "Polygon", "coordinates": [[[13.0, 44.533336], [13.5, 44.533336], [13.5, 44.866669], [13.0, 44.866669], [13.0, 44.533336]]]}, "properties": {"Title": "Foglio 183 - CODIGORO", "DOI": "Disponibile su OAR (Clicca Link)", "URL": "https://www.openaccess-isprambiente.it/simple-search?query=Foglio+183+CODIGORO", "Location": "Italy Grid", "Type": "Official Map"}}, {"type": "Feature", "geometry": {"type": "Polygon", "coordinates": [[[13.5, 44.533336], [14.0, 44.533336], [14.0, 44.866669], [13.5, 44.866669], [13.5, 44.533336]]]}, "properties": {"Title": "Foglio 184 - COMACCHIO", "DOI": "Disponibile su OAR (Clicca Link)", "URL": "https://www.openaccess-isprambiente.it/simple-search?query=Foglio+184+COMACCHIO", "Location": "Italy Grid", "Type": "Official Map"}}, {"type": "Feature", "geometry": {"type": "Polygon", "coordinates": [[[14.0, 44.533336], [14.5, 44.533336], [14.5, 44.866669], [14.0, 44.866669], [14.0, 44.533336]]]}, "properties": {"Title": "Foglio 185", "DOI": "Non disponibile / In lavorazione", "URL": "https://progetto-carg.isprambiente.it/cartografia", "Location": "Italy Grid", "Type": "Official Map"}}, {"type": "Feature", "geometry": {"type": "Polygon", "coordinates": [[[14.5, 44.533336], [15.0, 44.533336], [15.0, 44.866669], [14.5, 44.866669], [14.5, 44.533336]]]}, "properties": {"Title": "Foglio 186", "DOI": "Non disponibile / In lavorazione", "URL": "https://progetto-carg.isprambiente.it/cartografia", "Location": "Italy Grid", "Type": "Official Map"}}, {"type": "Feature", "geometry": {"type": "Polygon", "coordinates": [[[15.0, 44.533336], [15.5, 44.533336], [15.5, 44.866669], [15.0, 44.866669], [15.0, 44.533336]]]}, "properties": {"Title": "Foglio 187", "DOI": "Non disponibile / In lavorazione", "URL": "https://progetto-carg.isprambiente.it/cartografia", "Location": "Italy Grid", "Type": "Official Map"}}, {"type": "Feature", "geometry": {"type": "Polygon", "coordinates": [[[15.5, 44.533336], [16.0, 44.533336], [16.0, 44.866669], [15.5, 44.866669], [15.5, 44.533336]]]}, "properties": {"Title": "Foglio 188", "DOI": "Non disponibile / In lavorazione", "URL": "https://progetto-carg.isprambiente.it/cartografia", "Location": "Italy Grid", "Type": "Official Map"}}, {"type": "Feature", "geometry": {"type": "Polygon", "coordinates": [[[16.0, 44.533336], [16.5, 44.533336], [16.5, 44.866669], [16.0, 44.866669], [16.0, 44.533336]]]}, "properties": {"Title": "Foglio 189", "DOI": "Non disponibile / In lavorazione", "URL": "https://progetto-carg.isprambiente.it/cartografia", "Location": "Italy Grid", "Type": "Official Map"}}, {"type": "Feature", "geometry": {"type": "Polygon", "coordinates": [[[16.5, 44.533336], [17.0, 44.533336], [17.0, 44.866669], [16.5, 44.866669], [16.5, 44.533336]]]}, "properties": {"Title": "Foglio 190", "DOI": "Non disponibile / In lavorazione", "URL": "https://progetto-carg.isprambiente.it/cartografia", "Location": "Italy Grid", "Type": "Official Map"}}, {"type": "Feature", "geometry": {"type": "Polygon", "coordinates": [[[17.0, 44.533336], [17.5, 44.533336], [17.5, 44.866669], [17.0, 44.866669], [17.0, 44.533336]]]}, "properties": {"Title": "Foglio 191", "DOI": "Non disponibile / In lavorazione", "URL": "https://progetto-carg.isprambiente.it/cartografia", "Location": "Italy Grid", "Type": "Official Map"}}, {"type": "Feature", "geometry": {"type": "Polygon", "coordinates": [[[17.5, 44.533336], [18.0, 44.533336], [18.0, 44.866669], [17.5, 44.866669], [17.5, 44.533336]]]}, "properties": {"Title": "Foglio 192", "DOI": "Non disponibile / In lavorazione", "URL": "https://progetto-carg.isprambiente.it/cartografia", "Location": "Italy Grid", "Type": "Official Map"}}, {"type": "Feature", "geometry": {"type": "Polygon", "coordinates": [[[6.0, 44.200003], [6.5, 44.200003], [6.5, 44.533336], [6.0, 44.533336], [6.0, 44.200003]]]}, "properties": {"Title": "Foglio 193", "DOI": "Non disponibile / In lavorazione", "URL": "https://progetto-carg.isprambiente.it/cartografia", "Location": "Italy Grid", "Type": "Official Map"}}, {"type": "Feature", "geometry": {"type": "Polygon", "coordinates": [[[6.5, 44.200003], [7.0, 44.200003], [7.0, 44.533336], [6.5, 44.533336], [6.5, 44.200003]]]}, "properties": {"Title": "Foglio 194", "DOI": "Non disponibile / In lavorazione", "URL": "https://progetto-carg.isprambiente.it/cartografia", "Location": "Italy Grid", "Type": "Official Map"}}, {"type": "Feature", "geometry": {"type": "Polygon", "coordinates": [[[7.0, 44.200003], [7.5, 44.200003], [7.5, 44.533336], [7.0, 44.533336], [7.0, 44.200003]]]}, "properties": {"Title": "Foglio 195", "DOI": "Non disponibile / In lavorazione", "URL": "https://progetto-carg.isprambiente.it/cartografia", "Location": "Italy Grid", "Type": "Official Map"}}, {"type": "Feature", "geometry": {"type": "Polygon", "coordinates": [[[7.5, 44.200003], [8.0, 44.200003], [8.0, 44.533336], [7.5, 44.533336], [7.5, 44.200003]]]}, "properties": {"Title": "Foglio 196 - CABELLA LIGURE", "DOI": "Disponibile su OAR (Clicca Link)", "URL": "https://www.openaccess-isprambiente.it/simple-search?query=Foglio+196+CABELLA+LIGURE", "Location": "Italy Grid", "Type": "Official Map"}}, {"type": "Feature", "geometry": {"type": "Polygon", "coordinates": [[[8.0, 44.200003], [8.5, 44.200003], [8.5, 44.533336], [8.0, 44.533336], [8.0, 44.200003]]]}, "properties": {"Title": "Foglio 197 - BOBBIO", "DOI": "Disponibile su OAR (Clicca Link)", "URL": "https://www.openaccess-isprambiente.it/simple-search?query=Foglio+197+BOBBIO", "Location": "Italy Grid", "Type": "Official Map"}}, {"type": "Feature", "geometry": {"type": "Polygon", "coordinates": [[[8.5, 44.200003], [9.0, 44.200003], [9.0, 44.533336], [8.5, 44.533336], [8.5, 44.200003]]]}, "properties": {"Title": "Foglio 198", "DOI": "Non disponibile / In lavorazione", "URL": "https://progetto-carg.isprambiente.it/cartografia", "Location": "Italy Grid", "Type": "Official Map"}}, {"type": "Feature", "geometry": {"type": "Polygon", "coordinates": [[[9.0, 44.200003], [9.5, 44.200003], [9.5, 44.533336], [9.0, 44.533336], [9.0, 44.200003]]]}, "properties": {"Title": "Foglio 199", "DOI": "Non disponibile / In lavorazione", "URL": "https://progetto-carg.isprambiente.it/cartografia", "Location": "Italy Grid", "Type": "Official Map"}}, {"type": "Feature", "geometry": {"type": "Polygon", "coordinates": [[[9.5, 44.200003], [10.0, 44.200003], [10.0, 44.533336], [9.5, 44.533336], [9.5, 44.200003]]]}, "properties": {"Title": "Foglio 200", "DOI": "Non disponibile / In lavorazione", "URL": "https://progetto-carg.isprambiente.it/cartografia", "Location": "Italy Grid", "Type": "Official Map"}}, {"type": "Feature", "geometry": {"type": "Polygon", "coordinates": [[[10.0, 44.200003], [10.5, 44.200003], [10.5, 44.533336], [10.0, 44.533336], [10.0, 44.200003]]]}, "properties": {"Title": "Foglio 201", "DOI": "Non disponibile / In lavorazione", "URL": "https://progetto-carg.isprambiente.it/cartografia", "Location": "Italy Grid", "Type": "Official Map"}}, {"type": "Feature", "geometry": {"type": "Polygon", "coordinates": [[[10.5, 44.200003], [11.0, 44.200003], [11.0, 44.533336], [10.5, 44.533336], [10.5, 44.200003]]]}, "properties": {"Title": "Foglio 202", "DOI": "Non disponibile / In lavorazione", "URL": "https://progetto-carg.isprambiente.it/cartografia", "Location": "Italy Grid", "Type": "Official Map"}}, {"type": "Feature", "geometry": {"type": "Polygon", "coordinates": [[[11.0, 44.200003], [11.5, 44.200003], [11.5, 44.533336], [11.0, 44.533336], [11.0, 44.200003]]]}, "properties": {"Title": "Foglio 203", "DOI": "Non disponibile / In lavorazione", "URL": "https://progetto-carg.isprambiente.it/cartografia", "Location": "Italy Grid", "Type": "Official Map"}}, {"type": "Feature", "geometry": {"type": "Polygon", "coordinates": [[[11.5, 44.200003], [12.0, 44.200003], [12.0, 44.533336], [11.5, 44.533336], [11.5, 44.200003]]]}, "properties": {"Title": "Foglio 204", "DOI": "Non disponibile / In lavorazione", "URL": "https://progetto-carg.isprambiente.it/cartografia", "Location": "Italy Grid", "Type": "Official Map"}}, {"type": "Feature", "geometry": {"type": "Polygon", "coordinates": [[[12.0, 44.200003], [12.5, 44.200003], [12.5, 44.533336], [12.0, 44.533336], [12.0, 44.200003]]]}, "properties": {"Title": "Foglio 205", "DOI": "Non disponibile / In lavorazione", "URL": "https://progetto-carg.isprambiente.it/cartografia", "Location": "Italy Grid", "Type": "Official Map"}}, {"type": "Feature", "geometry": {"type": "Polygon", "coordinates": [[[12.5, 44.200003], [13.0, 44.200003], [13.0, 44.533336], [12.5, 44.533336], [12.5, 44.200003]]]}, "properties": {"Title": "Foglio 206", "DOI": "Non disponibile / In lavorazione", "URL": "https://progetto-carg.isprambiente.it/cartografia", "Location": "Italy Grid", "Type": "Official Map"}}, {"type": "Feature", "geometry": {"type": "Polygon", "coordinates": [[[13.0, 44.200003], [13.5, 44.200003], [13.5, 44.533336], [13.0, 44.533336], [13.0, 44.200003]]]}, "properties": {"Title": "Foglio 207", "DOI": "Non disponibile / In lavorazione", "URL": "https://progetto-carg.isprambiente.it/cartografia", "Location": "Italy Grid", "Type": "Official Map"}}, {"type": "Feature", "geometry": {"type": "Polygon", "coordinates": [[[13.5, 44.200003], [14.0, 44.200003], [14.0, 44.533336], [13.5, 44.533336], [13.5, 44.200003]]]}, "properties": {"Title": "Foglio 208", "DOI": "Non disponibile / In lavorazione", "URL": "https://progetto-carg.isprambiente.it/cartografia", "Location": "Italy Grid", "Type": "Official Map"}}, {"type": "Feature", "geometry": {"type": "Polygon", "coordinates": [[[14.0, 44.200003], [14.5, 44.200003], [14.5, 44.533336], [14.0, 44.533336], [14.0, 44.200003]]]}, "properties": {"Title": "Foglio 209", "DOI": "Non disponibile / In lavorazione", "URL": "https://progetto-carg.isprambiente.it/cartografia", "Location": "Italy Grid", "Type": "Official Map"}}, {"type": "Feature", "geometry": {"type": "Polygon", "coordinates": [[[14.5, 44.200003], [15.0, 44.200003], [15.0, 44.533336], [14.5, 44.533336], [14.5, 44.200003]]]}, "properties": {"Title": "Foglio 210", "DOI": "Non disponibile / In lavorazione", "URL": "https://progetto-carg.isprambiente.it/cartografia", "Location": "Italy Grid", "Type": "Official Map"}}, {"type": "Feature", "geometry": {"type": "Polygon", "coordinates": [[[15.0, 44.200003], [15.5, 44.200003], [15.5, 44.533336], [15.0, 44.533336], [15.0, 44.200003]]]}, "properties": {"Title": "Foglio 211", "DOI": "Non disponibile / In lavorazione", "URL": "https://progetto-carg.isprambiente.it/cartografia", "Location": "Italy Grid", "Type": "Official Map"}}, {"type": "Feature", "geometry": {"type": "Polygon", "coordinates": [[[15.5, 44.200003], [16.0, 44.200003], [16.0, 44.533336], [15.5, 44.533336], [15.5, 44.200003]]]}, "properties": {"Title": "Foglio 212", "DOI": "Non disponibile / In lavorazione", "URL": "https://progetto-carg.isprambiente.it/cartografia", "Location": "Italy Grid", "Type": "Official Map"}}, {"type": "Feature", "geometry": {"type": "Polygon", "coordinates": [[[16.0, 44.200003], [16.5, 44.200003], [16.5, 44.533336], [16.0, 44.533336], [16.0, 44.200003]]]}, "properties": {"Title": "Foglio 213 - GENOVA", "DOI": "Disponibile su OAR (Clicca Link)", "URL": "https://www.openaccess-isprambiente.it/simple-search?query=Foglio+213+GENOVA", "Location": "Italy Grid", "Type": "Official Map"}}, {"type": "Feature", "geometry": {"type": "Polygon", "coordinates": [[[16.5, 44.200003], [17.0, 44.200003], [17.0, 44.533336], [16.5, 44.533336], [16.5, 44.200003]]]}, "properties": {"Title": "Foglio 214 - BARGALI", "DOI": "Disponibile su OAR (Clicca Link)", "URL": "https://www.openaccess-isprambiente.it/simple-search?query=Foglio+214+BARGALI", "Location": "Italy Grid", "Type": "Official Map"}}, {"type": "Feature", "geometry": {"type": "Polygon", "coordinates": [[[17.0, 44.200003], [17.5, 44.200003], [17.5, 44.533336], [17.0, 44.533336], [17.0, 44.200003]]]}, "properties": {"Title": "Foglio 215", "DOI": "Non disponibile / In lavorazione", "URL": "https://progetto-carg.isprambiente.it/cartografia", "Location": "Italy Grid", "Type": "Official Map"}}, {"type": "Feature", "geometry": {"type": "Polygon", "coordinates": [[[17.5, 44.200003], [18.0, 44.200003], [18.0, 44.533336], [17.5, 44.533336], [17.5, 44.200003]]]}, "properties": {"Title": "Foglio 216", "DOI": "Non disponibile / In lavorazione", "URL": "https://progetto-carg.isprambiente.it/cartografia", "Location": "Italy Grid", "Type": "Official Map"}}, {"type": "Feature", "geometry": {"type": "Polygon", "coordinates": [[[6.0, 43.86667], [6.5, 43.86667], [6.5, 44.200003], [6.0, 44.200003], [6.0, 43.86667]]]}, "properties": {"Title": "Foglio 217", "DOI": "Non disponibile / In lavorazione", "URL": "https://progetto-carg.isprambiente.it/cartografia", "Location": "Italy Grid", "Type": "Official Map"}}, {"type": "Feature", "geometry": {"type": "Polygon", "coordinates": [[[6.5, 43.86667], [7.0, 43.86667], [7.0, 44.200003], [6.5, 44.200003], [6.5, 43.86667]]]}, "properties": {"Title": "Foglio 218 - MODENA", "DOI": "Disponibile su OAR (Clicca Link)", "URL": "https://www.openaccess-isprambiente.it/simple-search?query=Foglio+218+MODENA", "Location": "Italy Grid", "Type": "Official Map"}}, {"type": "Feature", "geometry": {"type": "Polygon", "coordinates": [[[7.0, 43.86667], [7.5, 43.86667], [7.5, 44.200003], [7.0, 44.200003], [7.0, 43.86667]]]}, "properties": {"Title": "Foglio 219", "DOI": "Non disponibile / In lavorazione", "URL": "https://progetto-carg.isprambiente.it/cartografia", "Location": "Italy Grid", "Type": "Official Map"}}, {"type": "Feature", "geometry": {"type": "Polygon", "coordinates": [[[7.5, 43.86667], [8.0, 43.86667], [8.0, 44.200003], [7.5, 44.200003], [7.5, 43.86667]]]}, "properties": {"Title": "Foglio 220 - BOLOGNA", "DOI": "Disponibile su OAR (Clicca Link)", "URL": "https://www.openaccess-isprambiente.it/simple-search?query=Foglio+220+BOLOGNA", "Location": "Italy Grid", "Type": "Official Map"}}, {"type": "Feature", "geometry": {"type": "Polygon", "coordinates": [[[8.0, 43.86667], [8.5, 43.86667], [8.5, 44.200003], [8.0, 44.200003], [8.0, 43.86667]]]}, "properties": {"Title": "Foglio 221 - IMOLA", "DOI": "Disponibile su OAR (Clicca Link)", "URL": "https://www.openaccess-isprambiente.it/simple-search?query=Foglio+221+IMOLA", "Location": "Italy Grid", "Type": "Official Map"}}, {"type": "Feature", "geometry": {"type": "Polygon", "coordinates": [[[8.5, 43.86667], [9.0, 43.86667], [9.0, 44.200003], [8.5, 44.200003], [8.5, 43.86667]]]}, "properties": {"Title": "Foglio 222 - LUGO", "DOI": "Disponibile su OAR (Clicca Link)", "URL": "https://www.openaccess-isprambiente.it/simple-search?query=Foglio+222+LUGO", "Location": "Italy Grid", "Type": "Official Map"}}, {"type": "Feature", "geometry": {"type": "Polygon", "coordinates": [[[9.0, 43.86667], [9.5, 43.86667], [9.5, 44.200003], [9.0, 44.200003], [9.0, 43.86667]]]}, "properties": {"Title": "Foglio 223 - RAVENNA", "DOI": "Disponibile su OAR (Clicca Link)", "URL": "https://www.openaccess-isprambiente.it/simple-search?query=Foglio+223+RAVENNA", "Location": "Italy Grid", "Type": "Official Map"}}, {"type": "Feature", "geometry": {"type": "Polygon", "coordinates": [[[9.5, 43.86667], [10.0, 43.86667], [10.0, 44.200003], [9.5, 44.200003], [9.5, 43.86667]]]}, "properties": {"Title": "Foglio 224", "DOI": "Non disponibile / In lavorazione", "URL": "https://progetto-carg.isprambiente.it/cartografia", "Location": "Italy Grid", "Type": "Official Map"}}, {"type": "Feature", "geometry": {"type": "Polygon", "coordinates": [[[10.0, 43.86667], [10.5, 43.86667], [10.5, 44.200003], [10.0, 44.200003], [10.0, 43.86667]]]}, "properties": {"Title": "Foglio 225", "DOI": "Non disponibile / In lavorazione", "URL": "https://progetto-carg.isprambiente.it/cartografia", "Location": "Italy Grid", "Type": "Official Map"}}, {"type": "Feature", "geometry": {"type": "Polygon", "coordinates": [[[10.5, 43.86667], [11.0, 43.86667], [11.0, 44.200003], [10.5, 44.200003], [10.5, 43.86667]]]}, "properties": {"Title": "Foglio 226", "DOI": "Non disponibile / In lavorazione", "URL": "https://progetto-carg.isprambiente.it/cartografia", "Location": "Italy Grid", "Type": "Official Map"}}, {"type": "Feature", "geometry": {"type": "Polygon", "coordinates": [[[11.0, 43.86667], [11.5, 43.86667], [11.5, 44.200003], [11.0, 44.200003], [11.0, 43.86667]]]}, "properties": {"Title": "Foglio 227", "DOI": "Non disponibile / In lavorazione", "URL": "https://progetto-carg.isprambiente.it/cartografia", "Location": "Italy Grid", "Type": "Official Map"}}, {"type": "Feature", "geometry": {"type": "Polygon", "coordinates": [[[11.5, 43.86667], [12.0, 43.86667], [12.0, 44.200003], [11.5, 44.200003], [11.5, 43.86667]]]}, "properties": {"Title": "Foglio 228", "DOI": "Non disponibile / In lavorazione", "URL": "https://progetto-carg.isprambiente.it/cartografia", "Location": "Italy Grid", "Type": "Official Map"}}, {"type": "Feature", "geometry": {"type": "Polygon", "coordinates": [[[12.0, 43.86667], [12.5, 43.86667], [12.5, 44.200003], [12.0, 44.200003], [12.0, 43.86667]]]}, "properties": {"Title": "Foglio 229", "DOI": "Non disponibile / In lavorazione", "URL": "https://progetto-carg.isprambiente.it/cartografia", "Location": "Italy Grid", "Type": "Official Map"}}, {"type": "Feature", "geometry": {"type": "Polygon", "coordinates": [[[12.5, 43.86667], [13.0, 43.86667], [13.0, 44.200003], [12.5, 44.200003], [12.5, 43.86667]]]}, "properties": {"Title": "Foglio 230", "DOI": "Non disponibile / In lavorazione", "URL": "https://progetto-carg.isprambiente.it/cartografia", "Location": "Italy Grid", "Type": "Official Map"}}, {"type": "Feature", "geometry": {"type": "Polygon", "coordinates": [[[13.0, 43.86667], [13.5, 43.86667], [13.5, 44.200003], [13.0, 44.200003], [13.0, 43.86667]]]}, "properties": {"Title": "Foglio 231", "DOI": "Non disponibile / In lavorazione", "URL": "https://progetto-carg.isprambiente.it/cartografia", "Location": "Italy Grid", "Type": "Official Map"}}, {"type": "Feature", "geometry": {"type": "Polygon", "coordinates": [[[13.5, 43.86667], [14.0, 43.86667], [14.0, 44.200003], [13.5, 44.200003], [13.5, 43.86667]]]}, "properties": {"Title": "Foglio 232 - SESTRI LEVANTE", "DOI": "Disponibile su OAR (Clicca Link)", "URL": "https://www.openaccess-isprambiente.it/simple-search?query=Foglio+232+SESTRI+LEVANTE", "Location": "Italy Grid", "Type": "Official Map"}}, {"type": "Feature", "geometry": {"type": "Polygon", "coordinates": [[[14.0, 43.86667], [14.5, 43.86667], [14.5, 44.200003], [14.0, 44.200003], [14.0, 43.86667]]]}, "properties": {"Title": "Foglio 233 - PONTREMOLI", "DOI": "Disponibile su OAR (Clicca Link)", "URL": "https://www.openaccess-isprambiente.it/simple-search?query=Foglio+233+PONTREMOLI", "Location": "Italy Grid", "Type": "Official Map"}}, {"type": "Feature", "geometry": {"type": "Polygon", "coordinates": [[[14.5, 43.86667], [15.0, 43.86667], [15.0, 44.200003], [14.5, 44.200003], [14.5, 43.86667]]]}, "properties": {"Title": "Foglio 234 - FIVIZZANO", "DOI": "Disponibile su OAR (Clicca Link)", "URL": "https://www.openaccess-isprambiente.it/simple-search?query=Foglio+234+FIVIZZANO", "Location": "Italy Grid", "Type": "Official Map"}}, {"type": "Feature", "geometry": {"type": "Polygon", "coordinates": [[[15.0, 43.86667], [15.5, 43.86667], [15.5, 44.200003], [15.0, 44.200003], [15.0, 43.86667]]]}, "properties": {"Title": "Foglio 235", "DOI": "Non disponibile / In lavorazione", "URL": "https://progetto-carg.isprambiente.it/cartografia", "Location": "Italy Grid", "Type": "Official Map"}}, {"type": "Feature", "geometry": {"type": "Polygon", "coordinates": [[[15.5, 43.86667], [16.0, 43.86667], [16.0, 44.200003], [15.5, 44.200003], [15.5, 43.86667]]]}, "properties": {"Title": "Foglio 236", "DOI": "Non disponibile / In lavorazione", "URL": "https://progetto-carg.isprambiente.it/cartografia", "Location": "Italy Grid", "Type": "Official Map"}}, {"type": "Feature", "geometry": {"type": "Polygon", "coordinates": [[[16.0, 43.86667], [16.5, 43.86667], [16.5, 44.200003], [16.0, 44.200003], [16.0, 43.86667]]]}, "properties": {"Title": "Foglio 237", "DOI": "Non disponibile / In lavorazione", "URL": "https://progetto-carg.isprambiente.it/cartografia", "Location": "Italy Grid", "Type": "Official Map"}}, {"type": "Feature", "geometry": {"type": "Polygon", "coordinates": [[[16.5, 43.86667], [17.0, 43.86667], [17.0, 44.200003], [16.5, 44.200003], [16.5, 43.86667]]]}, "properties": {"Title": "Foglio 238", "DOI": "Non disponibile / In lavorazione", "URL": "https://progetto-carg.isprambiente.it/cartografia", "Location": "Italy Grid", "Type": "Official Map"}}, {"type": "Feature", "geometry": {"type": "Polygon", "coordinates": [[[17.0, 43.86667], [17.5, 43.86667], [17.5, 44.200003], [17.0, 44.200003], [17.0, 43.86667]]]}, "properties": {"Title": "Foglio 239", "DOI": "Non disponibile / In lavorazione", "URL": "https://progetto-carg.isprambiente.it/cartografia", "Location": "Italy Grid", "Type": "Official Map"}}, {"type": "Feature", "geometry": {"type": "Polygon", "coordinates": [[[17.5, 43.86667], [18.0, 43.86667], [18.0, 44.200003], [17.5, 44.200003], [17.5, 43.86667]]]}, "properties": {"Title": "Foglio 240", "DOI": "Non disponibile / In lavorazione", "URL": "https://progetto-carg.isprambiente.it/cartografia", "Location": "Italy Grid", "Type": "Official Map"}}, {"type": "Feature", "geometry": {"type": "Polygon", "coordinates": [[[6.0, 43.533337], [6.5, 43.533337], [6.5, 43.86667], [6.0, 43.86667], [6.0, 43.533337]]]}, "properties": {"Title": "Foglio 241", "DOI": "Non disponibile / In lavorazione", "URL": "https://progetto-carg.isprambiente.it/cartografia", "Location": "Italy Grid", "Type": "Official Map"}}, {"type": "Feature", "geometry": {"type": "Polygon", "coordinates": [[[6.5, 43.533337], [7.0, 43.533337], [7.0, 43.86667], [6.5, 43.86667], [6.5, 43.533337]]]}, "properties": {"Title": "Foglio 242", "DOI": "Non disponibile / In lavorazione", "URL": "https://progetto-carg.isprambiente.it/cartografia", "Location": "Italy Grid", "Type": "Official Map"}}, {"type": "Feature", "geometry": {"type": "Polygon", "coordinates": [[[7.0, 43.533337], [7.5, 43.533337], [7.5, 43.86667], [7.0, 43.86667], [7.0, 43.533337]]]}, "properties": {"Title": "Foglio 243", "DOI": "Non disponibile / In lavorazione", "URL": "https://progetto-carg.isprambiente.it/cartografia", "Location": "Italy Grid", "Type": "Official Map"}}, {"type": "Feature", "geometry": {"type": "Polygon", "coordinates": [[[7.5, 43.533337], [8.0, 43.533337], [8.0, 43.86667], [7.5, 43.86667], [7.5, 43.533337]]]}, "properties": {"Title": "Foglio 244", "DOI": "Non disponibile / In lavorazione", "URL": "https://progetto-carg.isprambiente.it/cartografia", "Location": "Italy Grid", "Type": "Official Map"}}, {"type": "Feature", "geometry": {"type": "Polygon", "coordinates": [[[8.0, 43.533337], [8.5, 43.533337], [8.5, 43.86667], [8.0, 43.86667], [8.0, 43.533337]]]}, "properties": {"Title": "Foglio 245", "DOI": "Non disponibile / In lavorazione", "URL": "https://progetto-carg.isprambiente.it/cartografia", "Location": "Italy Grid", "Type": "Official Map"}}, {"type": "Feature", "geometry": {"type": "Polygon", "coordinates": [[[8.5, 43.533337], [9.0, 43.533337], [9.0, 43.86667], [8.5, 43.86667], [8.5, 43.533337]]]}, "properties": {"Title": "Foglio 246", "DOI": "Non disponibile / In lavorazione", "URL": "https://progetto-carg.isprambiente.it/cartografia", "Location": "Italy Grid", "Type": "Official Map"}}, {"type": "Feature", "geometry": {"type": "Polygon", "coordinates": [[[9.0, 43.533337], [9.5, 43.533337], [9.5, 43.86667], [9.0, 43.86667], [9.0, 43.533337]]]}, "properties": {"Title": "Foglio 247", "DOI": "Non disponibile / In lavorazione", "URL": "https://progetto-carg.isprambiente.it/cartografia", "Location": "Italy Grid", "Type": "Official Map"}}, {"type": "Feature", "geometry": {"type": "Polygon", "coordinates": [[[9.5, 43.533337], [10.0, 43.533337], [10.0, 43.86667], [9.5, 43.86667], [9.5, 43.533337]]]}, "properties": {"Title": "Foglio 248", "DOI": "Non disponibile / In lavorazione", "URL": "https://progetto-carg.isprambiente.it/cartografia", "Location": "Italy Grid", "Type": "Official Map"}}, {"type": "Feature", "geometry": {"type": "Polygon", "coordinates": [[[10.0, 43.533337], [10.5, 43.533337], [10.5, 43.86667], [10.0, 43.86667], [10.0, 43.533337]]]}, "properties": {"Title": "Foglio 249", "DOI": "Non disponibile / In lavorazione", "URL": "https://progetto-carg.isprambiente.it/cartografia", "Location": "Italy Grid", "Type": "Official Map"}}, {"type": "Feature", "geometry": {"type": "Polygon", "coordinates": [[[10.5, 43.533337], [11.0, 43.533337], [11.0, 43.86667], [10.5, 43.86667], [10.5, 43.533337]]]}, "properties": {"Title": "Foglio 250", "DOI": "Non disponibile / In lavorazione", "URL": "https://progetto-carg.isprambiente.it/cartografia", "Location": "Italy Grid", "Type": "Official Map"}}, {"type": "Feature", "geometry": {"type": "Polygon", "coordinates": [[[11.0, 43.533337], [11.5, 43.533337], [11.5, 43.86667], [11.0, 43.86667], [11.0, 43.533337]]]}, "properties": {"Title": "Foglio 251", "DOI": "Non disponibile / In lavorazione", "URL": "https://progetto-carg.isprambiente.it/cartografia", "Location": "Italy Grid", "Type": "Official Map"}}, {"type": "Feature", "geometry": {"type": "Polygon", "coordinates": [[[11.5, 43.533337], [12.0, 43.533337], [12.0, 43.86667], [11.5, 43.86667], [11.5, 43.533337]]]}, "properties": {"Title": "Foglio 252", "DOI": "Non disponibile / In lavorazione", "URL": "https://progetto-carg.isprambiente.it/cartografia", "Location": "Italy Grid", "Type": "Official Map"}}, {"type": "Feature", "geometry": {"type": "Polygon", "coordinates": [[[12.0, 43.533337], [12.5, 43.533337], [12.5, 43.86667], [12.0, 43.86667], [12.0, 43.533337]]]}, "properties": {"Title": "Foglio 253 - MARRADI", "DOI": "Disponibile su OAR (Clicca Link)", "URL": "https://www.openaccess-isprambiente.it/simple-search?query=Foglio+253+MARRADI", "Location": "Italy Grid", "Type": "Official Map"}}, {"type": "Feature", "geometry": {"type": "Polygon", "coordinates": [[[12.5, 43.533337], [13.0, 43.533337], [13.0, 43.86667], [12.5, 43.86667], [12.5, 43.533337]]]}, "properties": {"Title": "Foglio 254 - MODIGLIANA", "DOI": "Disponibile su OAR (Clicca Link)", "URL": "https://www.openaccess-isprambiente.it/simple-search?query=Foglio+254+MODIGLIANA", "Location": "Italy Grid", "Type": "Official Map"}}, {"type": "Feature", "geometry": {"type": "Polygon", "coordinates": [[[13.0, 43.533337], [13.5, 43.533337], [13.5, 43.86667], [13.0, 43.86667], [13.0, 43.533337]]]}, "properties": {"Title": "Foglio 255 - FAENZA", "DOI": "Disponibile su OAR (Clicca Link)", "URL": "https://www.openaccess-isprambiente.it/simple-search?query=Foglio+255+FAENZA", "Location": "Italy Grid", "Type": "Official Map"}}, {"type": "Feature", "geometry": {"type": "Polygon", "coordinates": [[[13.5, 43.533337], [14.0, 43.533337], [14.0, 43.86667], [13.5, 43.86667], [13.5, 43.533337]]]}, "properties": {"Title": "Foglio 256 - RIMINI", "DOI": "Disponibile su OAR (Clicca Link)", "URL": "https://www.openaccess-isprambiente.it/simple-search?query=Foglio+256+RIMINI", "Location": "Italy Grid", "Type": "Official Map"}}, {"type": "Feature", "geometry": {"type": "Polygon", "coordinates": [[[14.0, 43.533337], [14.5, 43.533337], [14.5, 43.86667], [14.0, 43.86667], [14.0, 43.533337]]]}, "properties": {"Title": "Foglio 257", "DOI": "Non disponibile / In lavorazione", "URL": "https://progetto-carg.isprambiente.it/cartografia", "Location": "Italy Grid", "Type": "Official Map"}}, {"type": "Feature", "geometry": {"type": "Polygon", "coordinates": [[[14.5, 43.533337], [15.0, 43.533337], [15.0, 43.86667], [14.5, 43.86667], [14.5, 43.533337]]]}, "properties": {"Title": "Foglio 258", "DOI": "Non disponibile / In lavorazione", "URL": "https://progetto-carg.isprambiente.it/cartografia", "Location": "Italy Grid", "Type": "Official Map"}}, {"type": "Feature", "geometry": {"type": "Polygon", "coordinates": [[[15.0, 43.533337], [15.5, 43.533337], [15.5, 43.86667], [15.0, 43.86667], [15.0, 43.533337]]]}, "properties": {"Title": "Foglio 259", "DOI": "Non disponibile / In lavorazione", "URL": "https://progetto-carg.isprambiente.it/cartografia", "Location": "Italy Grid", "Type": "Official Map"}}, {"type": "Feature", "geometry": {"type": "Polygon", "coordinates": [[[15.5, 43.533337], [16.0, 43.533337], [16.0, 43.86667], [15.5, 43.86667], [15.5, 43.533337]]]}, "properties": {"Title": "Foglio 260", "DOI": "Non disponibile / In lavorazione", "URL": "https://progetto-carg.isprambiente.it/cartografia", "Location": "Italy Grid", "Type": "Official Map"}}, {"type": "Feature", "geometry": {"type": "Polygon", "coordinates": [[[16.0, 43.533337], [16.5, 43.533337], [16.5, 43.86667], [16.0, 43.86667], [16.0, 43.533337]]]}, "properties": {"Title": "Foglio 261", "DOI": "Non disponibile / In lavorazione", "URL": "https://progetto-carg.isprambiente.it/cartografia", "Location": "Italy Grid", "Type": "Official Map"}}, {"type": "Feature", "geometry": {"type": "Polygon", "coordinates": [[[16.5, 43.533337], [17.0, 43.533337], [17.0, 43.86667], [16.5, 43.86667], [16.5, 43.533337]]]}, "properties": {"Title": "Foglio 262 - PICA", "DOI": "Disponibile su OAR (Clicca Link)", "URL": "https://www.openaccess-isprambiente.it/simple-search?query=Foglio+262+PICA", "Location": "Italy Grid", "Type": "Official Map"}}, {"type": "Feature", "geometry": {"type": "Polygon", "coordinates": [[[17.0, 43.533337], [17.5, 43.533337], [17.5, 43.86667], [17.0, 43.86667], [17.0, 43.533337]]]}, "properties": {"Title": "Foglio 263 - FIRENZE", "DOI": "Disponibile su OAR (Clicca Link)", "URL": "https://www.openaccess-isprambiente.it/simple-search?query=Foglio+263+FIRENZE", "Location": "Italy Grid", "Type": "Official Map"}}, {"type": "Feature", "geometry": {"type": "Polygon", "coordinates": [[[17.5, 43.533337], [18.0, 43.533337], [18.0, 43.86667], [17.5, 43.86667], [17.5, 43.533337]]]}, "properties": {"Title": "Foglio 264 - BORGO SAN LORENZO", "DOI": "Disponibile su OAR (Clicca Link)", "URL": "https://www.openaccess-isprambiente.it/simple-search?query=Foglio+264+BORGO+SAN+LORENZO", "Location": "Italy Grid", "Type": "Official Map"}}, {"type": "Feature", "geometry": {"type": "Polygon", "coordinates": [[[6.0, 43.200004], [6.5, 43.200004], [6.5, 43.533337], [6.0, 43.533337], [6.0, 43.200004]]]}, "properties": {"Title": "Foglio 265 - SAN MARINO", "DOI": "Disponibile su OAR (Clicca Link)", "URL": "https://www.openaccess-isprambiente.it/simple-search?query=Foglio+265+SAN+MARINO", "Location": "Italy Grid", "Type": "Official Map"}}, {"type": "Feature", "geometry": {"type": "Polygon", "coordinates": [[[6.5, 43.200004], [7.0, 43.200004], [7.0, 43.533337], [6.5, 43.533337], [6.5, 43.200004]]]}, "properties": {"Title": "Foglio 266 - MERCATO SARACENO", "DOI": "Disponibile su OAR (Clicca Link)", "URL": "https://www.openaccess-isprambiente.it/simple-search?query=Foglio+266+MERCATO+SARACENO", "Location": "Italy Grid", "Type": "Official Map"}}, {"type": "Feature", "geometry": {"type": "Polygon", "coordinates": [[[7.0, 43.200004], [7.5, 43.200004], [7.5, 43.533337], [7.0, 43.533337], [7.0, 43.200004]]]}, "properties": {"Title": "Foglio 267 - PESARO", "DOI": "Disponibile su OAR (Clicca Link)", "URL": "https://www.openaccess-isprambiente.it/simple-search?query=Foglio+267+PESARO", "Location": "Italy Grid", "Type": "Official Map"}}, {"type": "Feature", "geometry": {"type": "Polygon", "coordinates": [[[7.5, 43.200004], [8.0, 43.200004], [8.0, 43.533337], [7.5, 43.533337], [7.5, 43.200004]]]}, "properties": {"Title": "Foglio 268", "DOI": "Non disponibile / In lavorazione", "URL": "https://progetto-carg.isprambiente.it/cartografia", "Location": "Italy Grid", "Type": "Official Map"}}, {"type": "Feature", "geometry": {"type": "Polygon", "coordinates": [[[8.0, 43.200004], [8.5, 43.200004], [8.5, 43.533337], [8.0, 43.533337], [8.0, 43.200004]]]}, "properties": {"Title": "Foglio 269", "DOI": "Non disponibile / In lavorazione", "URL": "https://progetto-carg.isprambiente.it/cartografia", "Location": "Italy Grid", "Type": "Official Map"}}, {"type": "Feature", "geometry": {"type": "Polygon", "coordinates": [[[8.5, 43.200004], [9.0, 43.200004], [9.0, 43.533337], [8.5, 43.533337], [8.5, 43.200004]]]}, "properties": {"Title": "Foglio 270", "DOI": "Non disponibile / In lavorazione", "URL": "https://progetto-carg.isprambiente.it/cartografia", "Location": "Italy Grid", "Type": "Official Map"}}, {"type": "Feature", "geometry": {"type": "Polygon", "coordinates": [[[9.0, 43.200004], [9.5, 43.200004], [9.5, 43.533337], [9.0, 43.533337], [9.0, 43.200004]]]}, "properties": {"Title": "Foglio 271", "DOI": "Non disponibile / In lavorazione", "URL": "https://progetto-carg.isprambiente.it/cartografia", "Location": "Italy Grid", "Type": "Official Map"}}, {"type": "Feature", "geometry": {"type": "Polygon", "coordinates": [[[9.5, 43.200004], [10.0, 43.200004], [10.0, 43.533337], [9.5, 43.533337], [9.5, 43.200004]]]}, "properties": {"Title": "Foglio 272", "DOI": "Non disponibile / In lavorazione", "URL": "https://progetto-carg.isprambiente.it/cartografia", "Location": "Italy Grid", "Type": "Official Map"}}, {"type": "Feature", "geometry": {"type": "Polygon", "coordinates": [[[10.0, 43.200004], [10.5, 43.200004], [10.5, 43.533337], [10.0, 43.533337], [10.0, 43.200004]]]}, "properties": {"Title": "Foglio 273", "DOI": "Non disponibile / In lavorazione", "URL": "https://progetto-carg.isprambiente.it/cartografia", "Location": "Italy Grid", "Type": "Official Map"}}, {"type": "Feature", "geometry": {"type": "Polygon", "coordinates": [[[10.5, 43.200004], [11.0, 43.200004], [11.0, 43.533337], [10.5, 43.533337], [10.5, 43.200004]]]}, "properties": {"Title": "Foglio 274 - VOLTERRA", "DOI": "Disponibile su OAR (Clicca Link)", "URL": "https://www.openaccess-isprambiente.it/simple-search?query=Foglio+274+VOLTERRA", "Location": "Italy Grid", "Type": "Official Map"}}, {"type": "Feature", "geometry": {"type": "Polygon", "coordinates": [[[11.0, 43.200004], [11.5, 43.200004], [11.5, 43.533337], [11.0, 43.533337], [11.0, 43.200004]]]}, "properties": {"Title": "Foglio 275 - POGGIBONSI", "DOI": "Disponibile su OAR (Clicca Link)", "URL": "https://www.openaccess-isprambiente.it/simple-search?query=Foglio+275+POGGIBONSI", "Location": "Italy Grid", "Type": "Official Map"}}, {"type": "Feature", "geometry": {"type": "Polygon", "coordinates": [[[11.5, 43.200004], [12.0, 43.200004], [12.0, 43.533337], [11.5, 43.533337], [11.5, 43.200004]]]}, "properties": {"Title": "Foglio 276 - FIGLINE VALDARNO", "DOI": "Disponibile su OAR (Clicca Link)", "URL": "https://www.openaccess-isprambiente.it/simple-search?query=Foglio+276+FIGLINE+VALDARNO", "Location": "Italy Grid", "Type": "Official Map"}}, {"type": "Feature", "geometry": {"type": "Polygon", "coordinates": [[[12.0, 43.200004], [12.5, 43.200004], [12.5, 43.533337], [12.0, 43.533337], [12.0, 43.200004]]]}, "properties": {"Title": "Foglio 277", "DOI": "Non disponibile / In lavorazione", "URL": "https://progetto-carg.isprambiente.it/cartografia", "Location": "Italy Grid", "Type": "Official Map"}}, {"type": "Feature", "geometry": {"type": "Polygon", "coordinates": [[[12.5, 43.200004], [13.0, 43.200004], [13.0, 43.533337], [12.5, 43.533337], [12.5, 43.200004]]]}, "properties": {"Title": "Foglio 278", "DOI": "Non disponibile / In lavorazione", "URL": "https://progetto-carg.isprambiente.it/cartografia", "Location": "Italy Grid", "Type": "Official Map"}}, {"type": "Feature", "geometry": {"type": "Polygon", "coordinates": [[[13.0, 43.200004], [13.5, 43.200004], [13.5, 43.533337], [13.0, 43.533337], [13.0, 43.200004]]]}, "properties": {"Title": "Foglio 279", "DOI": "Non disponibile / In lavorazione", "URL": "https://progetto-carg.isprambiente.it/cartografia", "Location": "Italy Grid", "Type": "Official Map"}}, {"type": "Feature", "geometry": {"type": "Polygon", "coordinates": [[[13.5, 43.200004], [14.0, 43.200004], [14.0, 43.533337], [13.5, 43.533337], [13.5, 43.200004]]]}, "properties": {"Title": "Foglio 280 - FOSSOMBRONE", "DOI": "Disponibile su OAR (Clicca Link)", "URL": "https://www.openaccess-isprambiente.it/simple-search?query=Foglio+280+FOSSOMBRONE", "Location": "Italy Grid", "Type": "Official Map"}}, {"type": "Feature", "geometry": {"type": "Polygon", "coordinates": [[[14.0, 43.200004], [14.5, 43.200004], [14.5, 43.533337], [14.0, 43.533337], [14.0, 43.200004]]]}, "properties": {"Title": "Foglio 281 - JESI", "DOI": "Disponibile su OAR (Clicca Link)", "URL": "https://www.openaccess-isprambiente.it/simple-search?query=Foglio+281+JESI", "Location": "Italy Grid", "Type": "Official Map"}}, {"type": "Feature", "geometry": {"type": "Polygon", "coordinates": [[[14.5, 43.200004], [15.0, 43.200004], [15.0, 43.533337], [14.5, 43.533337], [14.5, 43.200004]]]}, "properties": {"Title": "Foglio 282 - ANCONA", "DOI": "Disponibile su OAR (Clicca Link)", "URL": "https://www.openaccess-isprambiente.it/simple-search?query=Foglio+282+ANCONA", "Location": "Italy Grid", "Type": "Official Map"}}, {"type": "Feature", "geometry": {"type": "Polygon", "coordinates": [[[15.0, 43.200004], [15.5, 43.200004], [15.5, 43.533337], [15.0, 43.533337], [15.0, 43.200004]]]}, "properties": {"Title": "Foglio 283 - NUMANA", "DOI": "Disponibile su OAR (Clicca Link)", "URL": "https://www.openaccess-isprambiente.it/simple-search?query=Foglio+283+NUMANA", "Location": "Italy Grid", "Type": "Official Map"}}, {"type": "Feature", "geometry": {"type": "Polygon", "coordinates": [[[15.5, 43.200004], [16.0, 43.200004], [16.0, 43.533337], [15.5, 43.533337], [15.5, 43.200004]]]}, "properties": {"Title": "Foglio 284", "DOI": "Non disponibile / In lavorazione", "URL": "https://progetto-carg.isprambiente.it/cartografia", "Location": "Italy Grid", "Type": "Official Map"}}, {"type": "Feature", "geometry": {"type": "Polygon", "coordinates": [[[16.0, 43.200004], [16.5, 43.200004], [16.5, 43.533337], [16.0, 43.533337], [16.0, 43.200004]]]}, "properties": {"Title": "Foglio 285", "DOI": "Non disponibile / In lavorazione", "URL": "https://progetto-carg.isprambiente.it/cartografia", "Location": "Italy Grid", "Type": "Official Map"}}, {"type": "Feature", "geometry": {"type": "Polygon", "coordinates": [[[16.5, 43.200004], [17.0, 43.200004], [17.0, 43.533337], [16.5, 43.533337], [16.5, 43.200004]]]}, "properties": {"Title": "Foglio 286", "DOI": "Non disponibile / In lavorazione", "URL": "https://progetto-carg.isprambiente.it/cartografia", "Location": "Italy Grid", "Type": "Official Map"}}, {"type": "Feature", "geometry": {"type": "Polygon", "coordinates": [[[17.0, 43.200004], [17.5, 43.200004], [17.5, 43.533337], [17.0, 43.533337], [17.0, 43.200004]]]}, "properties": {"Title": "Foglio 287", "DOI": "Non disponibile / In lavorazione", "URL": "https://progetto-carg.isprambiente.it/cartografia", "Location": "Italy Grid", "Type": "Official Map"}}, {"type": "Feature", "geometry": {"type": "Polygon", "coordinates": [[[17.5, 43.200004], [18.0, 43.200004], [18.0, 43.533337], [17.5, 43.533337], [17.5, 43.200004]]]}, "properties": {"Title": "Foglio 288 - AREZZO", "DOI": "Disponibile su OAR (Clicca Link)", "URL": "https://www.openaccess-isprambiente.it/simple-search?query=Foglio+288+AREZZO", "Location": "Italy Grid", "Type": "Official Map"}}, {"type": "Feature", "geometry": {"type": "Polygon", "coordinates": [[[6.0, 42.866671], [6.5, 42.866671], [6.5, 43.200004], [6.0, 43.200004], [6.0, 42.866671]]]}, "properties": {"Title": "Foglio 289 - CITTA DI CASTELLO", "DOI": "Disponibile su OAR (Clicca Link)", "URL": "https://www.openaccess-isprambiente.it/simple-search?query=Foglio+289+CITTA+DI+CASTELLO", "Location": "Italy Grid", "Type": "Official Map"}}, {"type": "Feature", "geometry": {"type": "Polygon", "coordinates": [[[6.5, 42.866671], [7.0, 42.866671], [7.0, 43.200004], [6.5, 43.200004], [6.5, 42.866671]]]}, "properties": {"Title": "Foglio 290 - CAGLI", "DOI": "Disponibile su OAR (Clicca Link)", "URL": "https://www.openaccess-isprambiente.it/simple-search?query=Foglio+290+CAGLI", "Location": "Italy Grid", "Type": "Official Map"}}, {"type": "Feature", "geometry": {"type": "Polygon", "coordinates": [[[7.0, 42.866671], [7.5, 42.866671], [7.5, 43.200004], [7.0, 43.200004], [7.0, 42.866671]]]}, "properties": {"Title": "Foglio 291 - PERGOLA", "DOI": "Disponibile su OAR (Clicca Link)", "URL": "https://www.openaccess-isprambiente.it/simple-search?query=Foglio+291+PERGOLA", "Location": "Italy Grid", "Type": "Official Map"}}, {"type": "Feature", "geometry": {"type": "Polygon", "coordinates": [[[7.5, 42.866671], [8.0, 42.866671], [8.0, 43.200004], [7.5, 43.200004], [7.5, 42.866671]]]}, "properties": {"Title": "Foglio 292", "DOI": "Non disponibile / In lavorazione", "URL": "https://progetto-carg.isprambiente.it/cartografia", "Location": "Italy Grid", "Type": "Official Map"}}, {"type": "Feature", "geometry": {"type": "Polygon", "coordinates": [[[8.0, 42.866671], [8.5, 42.866671], [8.5, 43.200004], [8.0, 43.200004], [8.0, 42.866671]]]}, "properties": {"Title": "Foglio 293", "DOI": "Non disponibile / In lavorazione", "URL": "https://progetto-carg.isprambiente.it/cartografia", "Location": "Italy Grid", "Type": "Official Map"}}, {"type": "Feature", "geometry": {"type": "Polygon", "coordinates": [[[8.5, 42.866671], [9.0, 42.866671], [9.0, 43.200004], [8.5, 43.200004], [8.5, 42.866671]]]}, "properties": {"Title": "Foglio 294", "DOI": "Non disponibile / In lavorazione", "URL": "https://progetto-carg.isprambiente.it/cartografia", "Location": "Italy Grid", "Type": "Official Map"}}, {"type": "Feature", "geometry": {"type": "Polygon", "coordinates": [[[9.0, 42.866671], [9.5, 42.866671], [9.5, 43.200004], [9.0, 43.200004], [9.0, 42.866671]]]}, "properties": {"Title": "Foglio 295", "DOI": "Non disponibile / In lavorazione", "URL": "https://progetto-carg.isprambiente.it/cartografia", "Location": "Italy Grid", "Type": "Official Map"}}, {"type": "Feature", "geometry": {"type": "Polygon", "coordinates": [[[9.5, 42.866671], [10.0, 42.866671], [10.0, 43.200004], [9.5, 43.200004], [9.5, 42.866671]]]}, "properties": {"Title": "Foglio 296 - SIENA", "DOI": "Disponibile su OAR (Clicca Link)", "URL": "https://www.openaccess-isprambiente.it/simple-search?query=Foglio+296+SIENA", "Location": "Italy Grid", "Type": "Official Map"}}, {"type": "Feature", "geometry": {"type": "Polygon", "coordinates": [[[10.0, 42.866671], [10.5, 42.866671], [10.5, 43.200004], [10.0, 43.200004], [10.0, 42.866671]]]}, "properties": {"Title": "Foglio 297 - ASCIANO", "DOI": "Disponibile su OAR (Clicca Link)", "URL": "https://www.openaccess-isprambiente.it/simple-search?query=Foglio+297+ASCIANO", "Location": "Italy Grid", "Type": "Official Map"}}, {"type": "Feature", "geometry": {"type": "Polygon", "coordinates": [[[10.5, 42.866671], [11.0, 42.866671], [11.0, 43.200004], [10.5, 43.200004], [10.5, 42.866671]]]}, "properties": {"Title": "Foglio 298", "DOI": "Non disponibile / In lavorazione", "URL": "https://progetto-carg.isprambiente.it/cartografia", "Location": "Italy Grid", "Type": "Official Map"}}, {"type": "Feature", "geometry": {"type": "Polygon", "coordinates": [[[11.0, 42.866671], [11.5, 42.866671], [11.5, 43.200004], [11.0, 43.200004], [11.0, 42.866671]]]}, "properties": {"Title": "Foglio 299 - PERUGIA", "DOI": "Disponibile su OAR (Clicca Link)", "URL": "https://www.openaccess-isprambiente.it/simple-search?query=Foglio+299+PERUGIA", "Location": "Italy Grid", "Type": "Official Map"}}, {"type": "Feature", "geometry": {"type": "Polygon", "coordinates": [[[11.5, 42.866671], [12.0, 42.866671], [12.0, 43.200004], [11.5, 43.200004], [11.5, 42.866671]]]}, "properties": {"Title": "Foglio 300 - GUBBIO", "DOI": "Disponibile su OAR (Clicca Link)", "URL": "https://www.openaccess-isprambiente.it/simple-search?query=Foglio+300+GUBBIO", "Location": "Italy Grid", "Type": "Official Map"}}, {"type": "Feature", "geometry": {"type": "Polygon", "coordinates": [[[12.0, 42.866671], [12.5, 42.866671], [12.5, 43.200004], [12.0, 43.200004], [12.0, 42.866671]]]}, "properties": {"Title": "Foglio 301 - FABRIANO", "DOI": "Disponibile su OAR (Clicca Link)", "URL": "https://www.openaccess-isprambiente.it/simple-search?query=Foglio+301+FABRIANO", "Location": "Italy Grid", "Type": "Official Map"}}, {"type": "Feature", "geometry": {"type": "Polygon", "coordinates": [[[12.5, 42.866671], [13.0, 42.866671], [13.0, 43.200004], [12.5, 43.200004], [12.5, 42.866671]]]}, "properties": {"Title": "Foglio 302 - TOLENTINO", "DOI": "Disponibile su OAR (Clicca Link)", "URL": "https://www.openaccess-isprambiente.it/simple-search?query=Foglio+302+TOLENTINO", "Location": "Italy Grid", "Type": "Official Map"}}, {"type": "Feature", "geometry": {"type": "Polygon", "coordinates": [[[13.0, 42.866671], [13.5, 42.866671], [13.5, 43.200004], [13.0, 43.200004], [13.0, 42.866671]]]}, "properties": {"Title": "Foglio 303 - MACERATA", "DOI": "Disponibile su OAR (Clicca Link)", "URL": "https://www.openaccess-isprambiente.it/simple-search?query=Foglio+303+MACERATA", "Location": "Italy Grid", "Type": "Official Map"}}, {"type": "Feature", "geometry": {"type": "Polygon", "coordinates": [[[13.5, 42.866671], [14.0, 42.866671], [14.0, 43.200004], [13.5, 43.200004], [13.5, 42.866671]]]}, "properties": {"Title": "Foglio 304 - CIVITANOVA MARCHE", "DOI": "Disponibile su OAR (Clicca Link)", "URL": "https://www.openaccess-isprambiente.it/simple-search?query=Foglio+304+CIVITANOVA+MARCHE", "Location": "Italy Grid", "Type": "Official Map"}}, {"type": "Feature", "geometry": {"type": "Polygon", "coordinates": [[[14.0, 42.866671], [14.5, 42.866671], [14.5, 43.200004], [14.0, 43.200004], [14.0, 42.866671]]]}, "properties": {"Title": "Foglio 305", "DOI": "Non disponibile / In lavorazione", "URL": "https://progetto-carg.isprambiente.it/cartografia", "Location": "Italy Grid", "Type": "Official Map"}}, {"type": "Feature", "geometry": {"type": "Polygon", "coordinates": [[[14.5, 42.866671], [15.0, 42.866671], [15.0, 43.200004], [14.5, 43.200004], [14.5, 42.866671]]]}, "properties": {"Title": "Foglio 306", "DOI": "Non disponibile / In lavorazione", "URL": "https://progetto-carg.isprambiente.it/cartografia", "Location": "Italy Grid", "Type": "Official Map"}}, {"type": "Feature", "geometry": {"type": "Polygon", "coordinates": [[[15.0, 42.866671], [15.5, 42.866671], [15.5, 43.200004], [15.0, 43.200004], [15.0, 42.866671]]]}, "properties": {"Title": "Foglio 307", "DOI": "Non disponibile / In lavorazione", "URL": "https://progetto-carg.isprambiente.it/cartografia", "Location": "Italy Grid", "Type": "Official Map"}}, {"type": "Feature", "geometry": {"type": "Polygon", "coordinates": [[[15.5, 42.866671], [16.0, 42.866671], [16.0, 43.200004], [15.5, 43.200004], [15.5, 42.866671]]]}, "properties": {"Title": "Foglio 308 - MASSA MARITTIMA", "DOI": "Disponibile su OAR (Clicca Link)", "URL": "https://www.openaccess-isprambiente.it/simple-search?query=Foglio+308+MASSA+MARITTIMA", "Location": "Italy Grid", "Type": "Official Map"}}, {"type": "Feature", "geometry": {"type": "Polygon", "coordinates": [[[16.0, 42.866671], [16.5, 42.866671], [16.5, 43.200004], [16.0, 43.200004], [16.0, 42.866671]]]}, "properties": {"Title": "Foglio 309 - ROCCASTRADA", "DOI": "Disponibile su OAR (Clicca Link)", "URL": "https://www.openaccess-isprambiente.it/simple-search?query=Foglio+309+ROCCASTRADA", "Location": "Italy Grid", "Type": "Official Map"}}, {"type": "Feature", "geometry": {"type": "Polygon", "coordinates": [[[16.5, 42.866671], [17.0, 42.866671], [17.0, 43.200004], [16.5, 43.200004], [16.5, 42.866671]]]}, "properties": {"Title": "Foglio 310", "DOI": "Non disponibile / In lavorazione", "URL": "https://progetto-carg.isprambiente.it/cartografia", "Location": "Italy Grid", "Type": "Official Map"}}, {"type": "Feature", "geometry": {"type": "Polygon", "coordinates": [[[17.0, 42.866671], [17.5, 42.866671], [17.5, 43.200004], [17.0, 43.200004], [17.0, 42.866671]]]}, "properties": {"Title": "Foglio 311", "DOI": "Non disponibile / In lavorazione", "URL": "https://progetto-carg.isprambiente.it/cartografia", "Location": "Italy Grid", "Type": "Official Map"}}, {"type": "Feature", "geometry": {"type": "Polygon", "coordinates": [[[17.5, 42.866671], [18.0, 42.866671], [18.0, 43.200004], [17.5, 43.200004], [17.5, 42.866671]]]}, "properties": {"Title": "Foglio 312", "DOI": "Non disponibile / In lavorazione", "URL": "https://progetto-carg.isprambiente.it/cartografia", "Location": "Italy Grid", "Type": "Official Map"}}, {"type": "Feature", "geometry": {"type": "Polygon", "coordinates": [[[6.0, 42.533338], [6.5, 42.533338], [6.5, 42.866671], [6.0, 42.866671], [6.0, 42.533338]]]}, "properties": {"Title": "Foglio 313", "DOI": "Non disponibile / In lavorazione", "URL": "https://progetto-carg.isprambiente.it/cartografia", "Location": "Italy Grid", "Type": "Official Map"}}, {"type": "Feature", "geometry": {"type": "Polygon", "coordinates": [[[6.5, 42.533338], [7.0, 42.533338], [7.0, 42.866671], [6.5, 42.866671], [6.5, 42.533338]]]}, "properties": {"Title": "Foglio 314", "DOI": "Non disponibile / In lavorazione", "URL": "https://progetto-carg.isprambiente.it/cartografia", "Location": "Italy Grid", "Type": "Official Map"}}, {"type": "Feature", "geometry": {"type": "Polygon", "coordinates": [[[7.0, 42.533338], [7.5, 42.533338], [7.5, 42.866671], [7.0, 42.866671], [7.0, 42.533338]]]}, "properties": {"Title": "Foglio 315 - ORVIETO", "DOI": "Disponibile su OAR (Clicca Link)", "URL": "https://www.openaccess-isprambiente.it/simple-search?query=Foglio+315+ORVIETO", "Location": "Italy Grid", "Type": "Official Map"}}, {"type": "Feature", "geometry": {"type": "Polygon", "coordinates": [[[7.5, 42.533338], [8.0, 42.533338], [8.0, 42.866671], [7.5, 42.866671], [7.5, 42.533338]]]}, "properties": {"Title": "Foglio 316 - MONTECASTRILLI", "DOI": "Disponibile su OAR (Clicca Link)", "URL": "https://www.openaccess-isprambiente.it/simple-search?query=Foglio+316+MONTECASTRILLI", "Location": "Italy Grid", "Type": "Official Map"}}, {"type": "Feature", "geometry": {"type": "Polygon", "coordinates": [[[8.0, 42.533338], [8.5, 42.533338], [8.5, 42.866671], [8.0, 42.866671], [8.0, 42.533338]]]}, "properties": {"Title": "Foglio 317 - FOLIGNO", "DOI": "Disponibile su OAR (Clicca Link)", "URL": "https://www.openaccess-isprambiente.it/simple-search?query=Foglio+317+FOLIGNO", "Location": "Italy Grid", "Type": "Official Map"}}, {"type": "Feature", "geometry": {"type": "Polygon", "coordinates": [[[8.5, 42.533338], [9.0, 42.533338], [9.0, 42.866671], [8.5, 42.866671], [8.5, 42.533338]]]}, "properties": {"Title": "Foglio 318 - CAMERINO", "DOI": "Disponibile su OAR (Clicca Link)", "URL": "https://www.openaccess-isprambiente.it/simple-search?query=Foglio+318+CAMERINO", "Location": "Italy Grid", "Type": "Official Map"}}, {"type": "Feature", "geometry": {"type": "Polygon", "coordinates": [[[9.0, 42.533338], [9.5, 42.533338], [9.5, 42.866671], [9.0, 42.866671], [9.0, 42.533338]]]}, "properties": {"Title": "Foglio 319 - FERMO", "DOI": "Disponibile su OAR (Clicca Link)", "URL": "https://www.openaccess-isprambiente.it/simple-search?query=Foglio+319+FERMO", "Location": "Italy Grid", "Type": "Official Map"}}, {"type": "Feature", "geometry": {"type": "Polygon", "coordinates": [[[9.5, 42.533338], [10.0, 42.533338], [10.0, 42.866671], [9.5, 42.866671], [9.5, 42.533338]]]}, "properties": {"Title": "Foglio 320", "DOI": "Non disponibile / In lavorazione", "URL": "https://progetto-carg.isprambiente.it/cartografia", "Location": "Italy Grid", "Type": "Official Map"}}, {"type": "Feature", "geometry": {"type": "Polygon", "coordinates": [[[10.0, 42.533338], [10.5, 42.533338], [10.5, 42.866671], [10.0, 42.866671], [10.0, 42.533338]]]}, "properties": {"Title": "Foglio 321", "DOI": "Non disponibile / In lavorazione", "URL": "https://progetto-carg.isprambiente.it/cartografia", "Location": "Italy Grid", "Type": "Official Map"}}, {"type": "Feature", "geometry": {"type": "Polygon", "coordinates": [[[10.5, 42.533338], [11.0, 42.533338], [11.0, 42.866671], [10.5, 42.866671], [10.5, 42.533338]]]}, "properties": {"Title": "Foglio 322", "DOI": "Non disponibile / In lavorazione", "URL": "https://progetto-carg.isprambiente.it/cartografia", "Location": "Italy Grid", "Type": "Official Map"}}, {"type": "Feature", "geometry": {"type": "Polygon", "coordinates": [[[11.0, 42.533338], [11.5, 42.533338], [11.5, 42.866671], [11.0, 42.866671], [11.0, 42.533338]]]}, "properties": {"Title": "Foglio 323", "DOI": "Non disponibile / In lavorazione", "URL": "https://progetto-carg.isprambiente.it/cartografia", "Location": "Italy Grid", "Type": "Official Map"}}, {"type": "Feature", "geometry": {"type": "Polygon", "coordinates": [[[11.5, 42.533338], [12.0, 42.533338], [12.0, 42.866671], [11.5, 42.866671], [11.5, 42.533338]]]}, "properties": {"Title": "Foglio 324 - MONTEFIASCONE", "DOI": "Disponibile su OAR (Clicca Link)", "URL": "https://www.openaccess-isprambiente.it/simple-search?query=Foglio+324+MONTEFIASCONE", "Location": "Italy Grid", "Type": "Official Map"}}, {"type": "Feature", "geometry": {"type": "Polygon", "coordinates": [[[12.0, 42.533338], [12.5, 42.533338], [12.5, 42.866671], [12.0, 42.866671], [12.0, 42.533338]]]}, "properties": {"Title": "Foglio 325 - VITERBO", "DOI": "Disponibile su OAR (Clicca Link)", "URL": "https://www.openaccess-isprambiente.it/simple-search?query=Foglio+325+VITERBO", "Location": "Italy Grid", "Type": "Official Map"}}, {"type": "Feature", "geometry": {"type": "Polygon", "coordinates": [[[12.5, 42.533338], [13.0, 42.533338], [13.0, 42.866671], [12.5, 42.866671], [12.5, 42.533338]]]}, "properties": {"Title": "Foglio 326 - NARNI", "DOI": "Disponibile su OAR (Clicca Link)", "URL": "https://www.openaccess-isprambiente.it/simple-search?query=Foglio+326+NARNI", "Location": "Italy Grid", "Type": "Official Map"}}, {"type": "Feature", "geometry": {"type": "Polygon", "coordinates": [[[13.0, 42.533338], [13.5, 42.533338], [13.5, 42.866671], [13.0, 42.866671], [13.0, 42.533338]]]}, "properties": {"Title": "Foglio 327 - TERNI", "DOI": "Disponibile su OAR (Clicca Link)", "URL": "https://www.openaccess-isprambiente.it/simple-search?query=Foglio+327+TERNI", "Location": "Italy Grid", "Type": "Official Map"}}, {"type": "Feature", "geometry": {"type": "Polygon", "coordinates": [[[13.5, 42.533338], [14.0, 42.533338], [14.0, 42.866671], [13.5, 42.866671], [13.5, 42.533338]]]}, "properties": {"Title": "Foglio 328 - SPOLETO", "DOI": "Disponibile su OAR (Clicca Link)", "URL": "https://www.openaccess-isprambiente.it/simple-search?query=Foglio+328+SPOLETO", "Location": "Italy Grid", "Type": "Official Map"}}, {"type": "Feature", "geometry": {"type": "Polygon", "coordinates": [[[14.0, 42.533338], [14.5, 42.533338], [14.5, 42.866671], [14.0, 42.866671], [14.0, 42.533338]]]}, "properties": {"Title": "Foglio 329 - ASCOLI PICENO", "DOI": "Disponibile su OAR (Clicca Link)", "URL": "https://www.openaccess-isprambiente.it/simple-search?query=Foglio+329+ASCOLI+PICENO", "Location": "Italy Grid", "Type": "Official Map"}}, {"type": "Feature", "geometry": {"type": "Polygon", "coordinates": [[[14.5, 42.533338], [15.0, 42.533338], [15.0, 42.866671], [14.5, 42.866671], [14.5, 42.533338]]]}, "properties": {"Title": "Foglio 330 - SAN BENEDETTO DEL TRONTO", "DOI": "Disponibile su OAR (Clicca Link)", "URL": "https://www.openaccess-isprambiente.it/simple-search?query=Foglio+330+SAN+BENEDETTO+DEL+TRONTO", "Location": "Italy Grid", "Type": "Official Map"}}, {"type": "Feature", "geometry": {"type": "Polygon", "coordinates": [[[15.0, 42.533338], [15.5, 42.533338], [15.5, 42.866671], [15.0, 42.866671], [15.0, 42.533338]]]}, "properties": {"Title": "Foglio 331", "DOI": "Non disponibile / In lavorazione", "URL": "https://progetto-carg.isprambiente.it/cartografia", "Location": "Italy Grid", "Type": "Official Map"}}, {"type": "Feature", "geometry": {"type": "Polygon", "coordinates": [[[15.5, 42.533338], [16.0, 42.533338], [16.0, 42.866671], [15.5, 42.866671], [15.5, 42.533338]]]}, "properties": {"Title": "Foglio 332", "DOI": "Non disponibile / In lavorazione", "URL": "https://progetto-carg.isprambiente.it/cartografia", "Location": "Italy Grid", "Type": "Official Map"}}, {"type": "Feature", "geometry": {"type": "Polygon", "coordinates": [[[16.0, 42.533338], [16.5, 42.533338], [16.5, 42.866671], [16.0, 42.866671], [16.0, 42.533338]]]}, "properties": {"Title": "Foglio 333", "DOI": "Non disponibile / In lavorazione", "URL": "https://progetto-carg.isprambiente.it/cartografia", "Location": "Italy Grid", "Type": "Official Map"}}, {"type": "Feature", "geometry": {"type": "Polygon", "coordinates": [[[16.5, 42.533338], [17.0, 42.533338], [17.0, 42.866671], [16.5, 42.866671], [16.5, 42.533338]]]}, "properties": {"Title": "Foglio 334", "DOI": "Non disponibile / In lavorazione", "URL": "https://progetto-carg.isprambiente.it/cartografia", "Location": "Italy Grid", "Type": "Official Map"}}, {"type": "Feature", "geometry": {"type": "Polygon", "coordinates": [[[17.0, 42.533338], [17.5, 42.533338], [17.5, 42.866671], [17.0, 42.866671], [17.0, 42.533338]]]}, "properties": {"Title": "Foglio 335", "DOI": "Non disponibile / In lavorazione", "URL": "https://progetto-carg.isprambiente.it/cartografia", "Location": "Italy Grid", "Type": "Official Map"}}, {"type": "Feature", "geometry": {"type": "Polygon", "coordinates": [[[17.5, 42.533338], [18.0, 42.533338], [18.0, 42.866671], [17.5, 42.866671], [17.5, 42.533338]]]}, "properties": {"Title": "Foglio 336", "DOI": "Non disponibile / In lavorazione", "URL": "https://progetto-carg.isprambiente.it/cartografia", "Location": "Italy Grid", "Type": "Official Map"}}, {"type": "Feature", "geometry": {"type": "Polygon", "coordinates": [[[6.0, 42.200005], [6.5, 42.200005], [6.5, 42.533338], [6.0, 42.533338], [6.0, 42.200005]]]}, "properties": {"Title": "Foglio 337 - SORIANO NEL CIMINO", "DOI": "Disponibile su OAR (Clicca Link)", "URL": "https://www.openaccess-isprambiente.it/simple-search?query=Foglio+337+SORIANO+NEL+CIMINO", "Location": "Italy Grid", "Type": "Official Map"}}, {"type": "Feature", "geometry": {"type": "Polygon", "coordinates": [[[6.5, 42.200005], [7.0, 42.200005], [7.0, 42.533338], [6.5, 42.533338], [6.5, 42.200005]]]}, "properties": {"Title": "Foglio 338", "DOI": "Non disponibile / In lavorazione", "URL": "https://progetto-carg.isprambiente.it/cartografia", "Location": "Italy Grid", "Type": "Official Map"}}, {"type": "Feature", "geometry": {"type": "Polygon", "coordinates": [[[7.0, 42.200005], [7.5, 42.200005], [7.5, 42.533338], [7.0, 42.533338], [7.0, 42.200005]]]}, "properties": {"Title": "Foglio 339 - RIETI", "DOI": "Disponibile su OAR (Clicca Link)", "URL": "https://www.openaccess-isprambiente.it/simple-search?query=Foglio+339+RIETI", "Location": "Italy Grid", "Type": "Official Map"}}, {"type": "Feature", "geometry": {"type": "Polygon", "coordinates": [[[7.5, 42.200005], [8.0, 42.200005], [8.0, 42.533338], [7.5, 42.533338], [7.5, 42.200005]]]}, "properties": {"Title": "Foglio 340", "DOI": "Non disponibile / In lavorazione", "URL": "https://progetto-carg.isprambiente.it/cartografia", "Location": "Italy Grid", "Type": "Official Map"}}, {"type": "Feature", "geometry": {"type": "Polygon", "coordinates": [[[8.0, 42.200005], [8.5, 42.200005], [8.5, 42.533338], [8.0, 42.533338], [8.0, 42.200005]]]}, "properties": {"Title": "Foglio 341", "DOI": "Non disponibile / In lavorazione", "URL": "https://progetto-carg.isprambiente.it/cartografia", "Location": "Italy Grid", "Type": "Official Map"}}, {"type": "Feature", "geometry": {"type": "Polygon", "coordinates": [[[8.5, 42.200005], [9.0, 42.200005], [9.0, 42.533338], [8.5, 42.533338], [8.5, 42.200005]]]}, "properties": {"Title": "Foglio 342", "DOI": "Non disponibile / In lavorazione", "URL": "https://progetto-carg.isprambiente.it/cartografia", "Location": "Italy Grid", "Type": "Official Map"}}, {"type": "Feature", "geometry": {"type": "Polygon", "coordinates": [[[9.0, 42.200005], [9.5, 42.200005], [9.5, 42.533338], [9.0, 42.533338], [9.0, 42.200005]]]}, "properties": {"Title": "Foglio 343", "DOI": "Non disponibile / In lavorazione", "URL": "https://progetto-carg.isprambiente.it/cartografia", "Location": "Italy Grid", "Type": "Official Map"}}, {"type": "Feature", "geometry": {"type": "Polygon", "coordinates": [[[9.5, 42.200005], [10.0, 42.200005], [10.0, 42.533338], [9.5, 42.533338], [9.5, 42.200005]]]}, "properties": {"Title": "Foglio 344", "DOI": "Non disponibile / In lavorazione", "URL": "https://progetto-carg.isprambiente.it/cartografia", "Location": "Italy Grid", "Type": "Official Map"}}, {"type": "Feature", "geometry": {"type": "Polygon", "coordinates": [[[10.0, 42.200005], [10.5, 42.200005], [10.5, 42.533338], [10.0, 42.533338], [10.0, 42.200005]]]}, "properties": {"Title": "Foglio 345", "DOI": "Non disponibile / In lavorazione", "URL": "https://progetto-carg.isprambiente.it/cartografia", "Location": "Italy Grid", "Type": "Official Map"}}, {"type": "Feature", "geometry": {"type": "Polygon", "coordinates": [[[10.5, 42.200005], [11.0, 42.200005], [11.0, 42.533338], [10.5, 42.533338], [10.5, 42.200005]]]}, "properties": {"Title": "Foglio 346 - TARQUINIA", "DOI": "Disponibile su OAR (Clicca Link)", "URL": "https://www.openaccess-isprambiente.it/simple-search?query=Foglio+346+TARQUINIA", "Location": "Italy Grid", "Type": "Official Map"}}, {"type": "Feature", "geometry": {"type": "Polygon", "coordinates": [[[11.0, 42.200005], [11.5, 42.200005], [11.5, 42.533338], [11.0, 42.533338], [11.0, 42.200005]]]}, "properties": {"Title": "Foglio 347 - ROMA", "DOI": "Disponibile su OAR (Clicca Link)", "URL": "https://www.openaccess-isprambiente.it/simple-search?query=Foglio+347+ROMA", "Location": "Italy Grid", "Type": "Official Map"}}, {"type": "Feature", "geometry": {"type": "Polygon", "coordinates": [[[11.5, 42.200005], [12.0, 42.200005], [12.0, 42.533338], [11.5, 42.533338], [11.5, 42.200005]]]}, "properties": {"Title": "Foglio 348 - ANTRODOCO", "DOI": "Disponibile su OAR (Clicca Link)", "URL": "https://www.openaccess-isprambiente.it/simple-search?query=Foglio+348+ANTRODOCO", "Location": "Italy Grid", "Type": "Official Map"}}, {"type": "Feature", "geometry": {"type": "Polygon", "coordinates": [[[12.0, 42.200005], [12.5, 42.200005], [12.5, 42.533338], [12.0, 42.533338], [12.0, 42.200005]]]}, "properties": {"Title": "Foglio 349 - GRAN SASSO D'ITALIA", "DOI": "Disponibile su OAR (Clicca Link)", "URL": "https://www.openaccess-isprambiente.it/simple-search?query=Foglio+349+GRAN+SASSO+D'ITALIA", "Location": "Italy Grid", "Type": "Official Map"}}, {"type": "Feature", "geometry": {"type": "Polygon", "coordinates": [[[12.5, 42.200005], [13.0, 42.200005], [13.0, 42.533338], [12.5, 42.533338], [12.5, 42.200005]]]}, "properties": {"Title": "Foglio 350 - TERAMO", "DOI": "Disponibile su OAR (Clicca Link)", "URL": "https://www.openaccess-isprambiente.it/simple-search?query=Foglio+350+TERAMO", "Location": "Italy Grid", "Type": "Official Map"}}, {"type": "Feature", "geometry": {"type": "Polygon", "coordinates": [[[13.0, 42.200005], [13.5, 42.200005], [13.5, 42.533338], [13.0, 42.533338], [13.0, 42.200005]]]}, "properties": {"Title": "Foglio 351 - PESCARA", "DOI": "Disponibile su OAR (Clicca Link)", "URL": "https://www.openaccess-isprambiente.it/simple-search?query=Foglio+351+PESCARA", "Location": "Italy Grid", "Type": "Official Map"}}, {"type": "Feature", "geometry": {"type": "Polygon", "coordinates": [[[13.5, 42.200005], [14.0, 42.200005], [14.0, 42.533338], [13.5, 42.533338], [13.5, 42.200005]]]}, "properties": {"Title": "Foglio 352", "DOI": "Non disponibile / In lavorazione", "URL": "https://progetto-carg.isprambiente.it/cartografia", "Location": "Italy Grid", "Type": "Official Map"}}, {"type": "Feature", "geometry": {"type": "Polygon", "coordinates": [[[14.0, 42.200005], [14.5, 42.200005], [14.5, 42.533338], [14.0, 42.533338], [14.0, 42.200005]]]}, "properties": {"Title": "Foglio 353", "DOI": "Non disponibile / In lavorazione", "URL": "https://progetto-carg.isprambiente.it/cartografia", "Location": "Italy Grid", "Type": "Official Map"}}, {"type": "Feature", "geometry": {"type": "Polygon", "coordinates": [[[14.5, 42.200005], [15.0, 42.200005], [15.0, 42.533338], [14.5, 42.533338], [14.5, 42.200005]]]}, "properties": {"Title": "Foglio 354", "DOI": "Non disponibile / In lavorazione", "URL": "https://progetto-carg.isprambiente.it/cartografia", "Location": "Italy Grid", "Type": "Official Map"}}, {"type": "Feature", "geometry": {"type": "Polygon", "coordinates": [[[15.0, 42.200005], [15.5, 42.200005], [15.5, 42.533338], [15.0, 42.533338], [15.0, 42.200005]]]}, "properties": {"Title": "Foglio 355 - RONCIGLIONE", "DOI": "Disponibile su OAR (Clicca Link)", "URL": "https://www.openaccess-isprambiente.it/simple-search?query=Foglio+355+RONCIGLIONE", "Location": "Italy Grid", "Type": "Official Map"}}, {"type": "Feature", "geometry": {"type": "Polygon", "coordinates": [[[15.5, 42.200005], [16.0, 42.200005], [16.0, 42.533338], [15.5, 42.533338], [15.5, 42.200005]]]}, "properties": {"Title": "Foglio 356", "DOI": "Non disponibile / In lavorazione", "URL": "https://progetto-carg.isprambiente.it/cartografia", "Location": "Italy Grid", "Type": "Official Map"}}, {"type": "Feature", "geometry": {"type": "Polygon", "coordinates": [[[16.0, 42.200005], [16.5, 42.200005], [16.5, 42.533338], [16.0, 42.533338], [16.0, 42.200005]]]}, "properties": {"Title": "Foglio 357 - CIVITAVECCHIA", "DOI": "Disponibile su OAR (Clicca Link)", "URL": "https://www.openaccess-isprambiente.it/simple-search?query=Foglio+357+CIVITAVECCHIA", "Location": "Italy Grid", "Type": "Official Map"}}, {"type": "Feature", "geometry": {"type": "Polygon", "coordinates": [[[16.5, 42.200005], [17.0, 42.200005], [17.0, 42.533338], [16.5, 42.533338], [16.5, 42.200005]]]}, "properties": {"Title": "Foglio 358 - BRACCIANO", "DOI": "Disponibile su OAR (Clicca Link)", "URL": "https://www.openaccess-isprambiente.it/simple-search?query=Foglio+358+BRACCIANO", "Location": "Italy Grid", "Type": "Official Map"}}, {"type": "Feature", "geometry": {"type": "Polygon", "coordinates": [[[17.0, 42.200005], [17.5, 42.200005], [17.5, 42.533338], [17.0, 42.533338], [17.0, 42.200005]]]}, "properties": {"Title": "Foglio 359 - L'AQUILA", "DOI": "Disponibile su OAR (Clicca Link)", "URL": "https://www.openaccess-isprambiente.it/simple-search?query=Foglio+359+L'AQUILA", "Location": "Italy Grid", "Type": "Official Map"}}, {"type": "Feature", "geometry": {"type": "Polygon", "coordinates": [[[17.5, 42.200005], [18.0, 42.200005], [18.0, 42.533338], [17.5, 42.533338], [17.5, 42.200005]]]}, "properties": {"Title": "Foglio 360 - TORRE DE PASSERI", "DOI": "Disponibile su OAR (Clicca Link)", "URL": "https://www.openaccess-isprambiente.it/simple-search?query=Foglio+360+TORRE+DE+PASSERI", "Location": "Italy Grid", "Type": "Official Map"}}, {"type": "Feature", "geometry": {"type": "Polygon", "coordinates": [[[6.0, 41.866672], [6.5, 41.866672], [6.5, 42.200005], [6.0, 42.200005], [6.0, 41.866672]]]}, "properties": {"Title": "Foglio 361 - CHIETI", "DOI": "Disponibile su OAR (Clicca Link)", "URL": "https://www.openaccess-isprambiente.it/simple-search?query=Foglio+361+CHIETI", "Location": "Italy Grid", "Type": "Official Map"}}, {"type": "Feature", "geometry": {"type": "Polygon", "coordinates": [[[6.5, 41.866672], [7.0, 41.866672], [7.0, 42.200005], [6.5, 42.200005], [6.5, 41.866672]]]}, "properties": {"Title": "Foglio 362 - ORTONA", "DOI": "Disponibile su OAR (Clicca Link)", "URL": "https://www.openaccess-isprambiente.it/simple-search?query=Foglio+362+ORTONA", "Location": "Italy Grid", "Type": "Official Map"}}, {"type": "Feature", "geometry": {"type": "Polygon", "coordinates": [[[7.0, 41.866672], [7.5, 41.866672], [7.5, 42.200005], [7.0, 42.200005], [7.0, 41.866672]]]}, "properties": {"Title": "Foglio 363", "DOI": "Non disponibile / In lavorazione", "URL": "https://progetto-carg.isprambiente.it/cartografia", "Location": "Italy Grid", "Type": "Official Map"}}, {"type": "Feature", "geometry": {"type": "Polygon", "coordinates": [[[7.5, 41.866672], [8.0, 41.866672], [8.0, 42.200005], [7.5, 42.200005], [7.5, 41.866672]]]}, "properties": {"Title": "Foglio 364 - BRACCIANO", "DOI": "Disponibile su OAR (Clicca Link)", "URL": "https://www.openaccess-isprambiente.it/simple-search?query=Foglio+364+BRACCIANO", "Location": "Italy Grid", "Type": "Official Map"}}, {"type": "Feature", "geometry": {"type": "Polygon", "coordinates": [[[8.0, 41.866672], [8.5, 41.866672], [8.5, 42.200005], [8.0, 42.200005], [8.0, 41.866672]]]}, "properties": {"Title": "Foglio 365 - MONTEROTONDO", "DOI": "Disponibile su OAR (Clicca Link)", "URL": "https://www.openaccess-isprambiente.it/simple-search?query=Foglio+365+MONTEROTONDO", "Location": "Italy Grid", "Type": "Official Map"}}, {"type": "Feature", "geometry": {"type": "Polygon", "coordinates": [[[8.5, 41.866672], [9.0, 41.866672], [9.0, 42.200005], [8.5, 42.200005], [8.5, 41.866672]]]}, "properties": {"Title": "Foglio 366 - AVEZZANO", "DOI": "Disponibile su OAR (Clicca Link)", "URL": "https://www.openaccess-isprambiente.it/simple-search?query=Foglio+366+AVEZZANO", "Location": "Italy Grid", "Type": "Official Map"}}, {"type": "Feature", "geometry": {"type": "Polygon", "coordinates": [[[9.0, 41.866672], [9.5, 41.866672], [9.5, 42.200005], [9.0, 42.200005], [9.0, 41.866672]]]}, "properties": {"Title": "Foglio 367 - SULMONA", "DOI": "Disponibile su OAR (Clicca Link)", "URL": "https://www.openaccess-isprambiente.it/simple-search?query=Foglio+367+SULMONA", "Location": "Italy Grid", "Type": "Official Map"}}, {"type": "Feature", "geometry": {"type": "Polygon", "coordinates": [[[9.5, 41.866672], [10.0, 41.866672], [10.0, 42.200005], [9.5, 42.200005], [9.5, 41.866672]]]}, "properties": {"Title": "Foglio 368 - ATESSA", "DOI": "Disponibile su OAR (Clicca Link)", "URL": "https://www.openaccess-isprambiente.it/simple-search?query=Foglio+368+ATESSA", "Location": "Italy Grid", "Type": "Official Map"}}, {"type": "Feature", "geometry": {"type": "Polygon", "coordinates": [[[10.0, 41.866672], [10.5, 41.866672], [10.5, 42.200005], [10.0, 42.200005], [10.0, 41.866672]]]}, "properties": {"Title": "Foglio 369", "DOI": "Non disponibile / In lavorazione", "URL": "https://progetto-carg.isprambiente.it/cartografia", "Location": "Italy Grid", "Type": "Official Map"}}, {"type": "Feature", "geometry": {"type": "Polygon", "coordinates": [[[10.5, 41.866672], [11.0, 41.866672], [11.0, 42.200005], [10.5, 42.200005], [10.5, 41.866672]]]}, "properties": {"Title": "Foglio 370", "DOI": "Non disponibile / In lavorazione", "URL": "https://progetto-carg.isprambiente.it/cartografia", "Location": "Italy Grid", "Type": "Official Map"}}, {"type": "Feature", "geometry": {"type": "Polygon", "coordinates": [[[11.0, 41.866672], [11.5, 41.866672], [11.5, 42.200005], [11.0, 42.200005], [11.0, 41.866672]]]}, "properties": {"Title": "Foglio 371", "DOI": "Non disponibile / In lavorazione", "URL": "https://progetto-carg.isprambiente.it/cartografia", "Location": "Italy Grid", "Type": "Official Map"}}, {"type": "Feature", "geometry": {"type": "Polygon", "coordinates": [[[11.5, 41.866672], [12.0, 41.866672], [12.0, 42.200005], [11.5, 42.200005], [11.5, 41.866672]]]}, "properties": {"Title": "Foglio 372", "DOI": "Non disponibile / In lavorazione", "URL": "https://progetto-carg.isprambiente.it/cartografia", "Location": "Italy Grid", "Type": "Official Map"}}, {"type": "Feature", "geometry": {"type": "Polygon", "coordinates": [[[12.0, 41.866672], [12.5, 41.866672], [12.5, 42.200005], [12.0, 42.200005], [12.0, 41.866672]]]}, "properties": {"Title": "Foglio 373 - CERVETERI", "DOI": "Disponibile su OAR (Clicca Link)", "URL": "https://www.openaccess-isprambiente.it/simple-search?query=Foglio+373+CERVETERI", "Location": "Italy Grid", "Type": "Official Map"}}, {"type": "Feature", "geometry": {"type": "Polygon", "coordinates": [[[12.5, 41.866672], [13.0, 41.866672], [13.0, 42.200005], [12.5, 42.200005], [12.5, 41.866672]]]}, "properties": {"Title": "Foglio 374 - ROMA", "DOI": "Disponibile su OAR (Clicca Link)", "URL": "https://www.openaccess-isprambiente.it/simple-search?query=Foglio+374+ROMA", "Location": "Italy Grid", "Type": "Official Map"}}, {"type": "Feature", "geometry": {"type": "Polygon", "coordinates": [[[13.0, 41.866672], [13.5, 41.866672], [13.5, 42.200005], [13.0, 42.200005], [13.0, 41.866672]]]}, "properties": {"Title": "Foglio 375 - TIVOLI", "DOI": "Disponibile su OAR (Clicca Link)", "URL": "https://www.openaccess-isprambiente.it/simple-search?query=Foglio+375+TIVOLI", "Location": "Italy Grid", "Type": "Official Map"}}, {"type": "Feature", "geometry": {"type": "Polygon", "coordinates": [[[13.5, 41.866672], [14.0, 41.866672], [14.0, 42.200005], [13.5, 42.200005], [13.5, 41.866672]]]}, "properties": {"Title": "Foglio 376 - SUBIACO", "DOI": "Disponibile su OAR (Clicca Link)", "URL": "https://www.openaccess-isprambiente.it/simple-search?query=Foglio+376+SUBIACO", "Location": "Italy Grid", "Type": "Official Map"}}, {"type": "Feature", "geometry": {"type": "Polygon", "coordinates": [[[14.0, 41.866672], [14.5, 41.866672], [14.5, 42.200005], [14.0, 42.200005], [14.0, 41.866672]]]}, "properties": {"Title": "Foglio 377", "DOI": "Non disponibile / In lavorazione", "URL": "https://progetto-carg.isprambiente.it/cartografia", "Location": "Italy Grid", "Type": "Official Map"}}, {"type": "Feature", "geometry": {"type": "Polygon", "coordinates": [[[14.5, 41.866672], [15.0, 41.866672], [15.0, 42.200005], [14.5, 42.200005], [14.5, 41.866672]]]}, "properties": {"Title": "Foglio 378", "DOI": "Non disponibile / In lavorazione", "URL": "https://progetto-carg.isprambiente.it/cartografia", "Location": "Italy Grid", "Type": "Official Map"}}, {"type": "Feature", "geometry": {"type": "Polygon", "coordinates": [[[15.0, 41.866672], [15.5, 41.866672], [15.5, 42.200005], [15.0, 42.200005], [15.0, 41.866672]]]}, "properties": {"Title": "Foglio 379 - TERMOLI", "DOI": "Disponibile su OAR (Clicca Link)", "URL": "https://www.openaccess-isprambiente.it/simple-search?query=Foglio+379+TERMOLI", "Location": "Italy Grid", "Type": "Official Map"}}, {"type": "Feature", "geometry": {"type": "Polygon", "coordinates": [[[15.5, 41.866672], [16.0, 41.866672], [16.0, 42.200005], [15.5, 42.200005], [15.5, 41.866672]]]}, "properties": {"Title": "Foglio 380", "DOI": "Non disponibile / In lavorazione", "URL": "https://progetto-carg.isprambiente.it/cartografia", "Location": "Italy Grid", "Type": "Official Map"}}, {"type": "Feature", "geometry": {"type": "Polygon", "coordinates": [[[16.0, 41.866672], [16.5, 41.866672], [16.5, 42.200005], [16.0, 42.200005], [16.0, 41.866672]]]}, "properties": {"Title": "Foglio 381", "DOI": "Non disponibile / In lavorazione", "URL": "https://progetto-carg.isprambiente.it/cartografia", "Location": "Italy Grid", "Type": "Official Map"}}, {"type": "Feature", "geometry": {"type": "Polygon", "coordinates": [[[16.5, 41.866672], [17.0, 41.866672], [17.0, 42.200005], [16.5, 42.200005], [16.5, 41.866672]]]}, "properties": {"Title": "Foglio 382", "DOI": "Non disponibile / In lavorazione", "URL": "https://progetto-carg.isprambiente.it/cartografia", "Location": "Italy Grid", "Type": "Official Map"}}, {"type": "Feature", "geometry": {"type": "Polygon", "coordinates": [[[17.0, 41.866672], [17.5, 41.866672], [17.5, 42.200005], [17.0, 42.200005], [17.0, 41.866672]]]}, "properties": {"Title": "Foglio 383", "DOI": "Non disponibile / In lavorazione", "URL": "https://progetto-carg.isprambiente.it/cartografia", "Location": "Italy Grid", "Type": "Official Map"}}, {"type": "Feature", "geometry": {"type": "Polygon", "coordinates": [[[17.5, 41.866672], [18.0, 41.866672], [18.0, 42.200005], [17.5, 42.200005], [17.5, 41.866672]]]}, "properties": {"Title": "Foglio 384", "DOI": "Non disponibile / In lavorazione", "URL": "https://progetto-carg.isprambiente.it/cartografia", "Location": "Italy Grid", "Type": "Official Map"}}, {"type": "Feature", "geometry": {"type": "Polygon", "coordinates": [[[6.0, 41.533339], [6.5, 41.533339], [6.5, 41.866672], [6.0, 41.866672], [6.0, 41.533339]]]}, "properties": {"Title": "Foglio 385", "DOI": "Non disponibile / In lavorazione", "URL": "https://progetto-carg.isprambiente.it/cartografia", "Location": "Italy Grid", "Type": "Official Map"}}, {"type": "Feature", "geometry": {"type": "Polygon", "coordinates": [[[6.5, 41.533339], [7.0, 41.533339], [7.0, 41.866672], [6.5, 41.866672], [6.5, 41.533339]]]}, "properties": {"Title": "Foglio 386 - FIUMICINO", "DOI": "Disponibile su OAR (Clicca Link)", "URL": "https://www.openaccess-isprambiente.it/simple-search?query=Foglio+386+FIUMICINO", "Location": "Italy Grid", "Type": "Official Map"}}, {"type": "Feature", "geometry": {"type": "Polygon", "coordinates": [[[7.0, 41.533339], [7.5, 41.533339], [7.5, 41.866672], [7.0, 41.866672], [7.0, 41.533339]]]}, "properties": {"Title": "Foglio 387 - ALBANO LAZIALE", "DOI": "Disponibile su OAR (Clicca Link)", "URL": "https://www.openaccess-isprambiente.it/simple-search?query=Foglio+387+ALBANO+LAZIALE", "Location": "Italy Grid", "Type": "Official Map"}}, {"type": "Feature", "geometry": {"type": "Polygon", "coordinates": [[[7.5, 41.533339], [8.0, 41.533339], [8.0, 41.866672], [7.5, 41.866672], [7.5, 41.533339]]]}, "properties": {"Title": "Foglio 388 - VELLETRI", "DOI": "Disponibile su OAR (Clicca Link)", "URL": "https://www.openaccess-isprambiente.it/simple-search?query=Foglio+388+VELLETRI", "Location": "Italy Grid", "Type": "Official Map"}}, {"type": "Feature", "geometry": {"type": "Polygon", "coordinates": [[[8.0, 41.533339], [8.5, 41.533339], [8.5, 41.866672], [8.0, 41.866672], [8.0, 41.533339]]]}, "properties": {"Title": "Foglio 389 - ANAGNI", "DOI": "Disponibile su OAR (Clicca Link)", "URL": "https://www.openaccess-isprambiente.it/simple-search?query=Foglio+389+ANAGNI", "Location": "Italy Grid", "Type": "Official Map"}}, {"type": "Feature", "geometry": {"type": "Polygon", "coordinates": [[[8.5, 41.533339], [9.0, 41.533339], [9.0, 41.866672], [8.5, 41.866672], [8.5, 41.533339]]]}, "properties": {"Title": "Foglio 390 - SORA", "DOI": "Disponibile su OAR (Clicca Link)", "URL": "https://www.openaccess-isprambiente.it/simple-search?query=Foglio+390+SORA", "Location": "Italy Grid", "Type": "Official Map"}}, {"type": "Feature", "geometry": {"type": "Polygon", "coordinates": [[[9.0, 41.533339], [9.5, 41.533339], [9.5, 41.866672], [9.0, 41.866672], [9.0, 41.533339]]]}, "properties": {"Title": "Foglio 391", "DOI": "Non disponibile / In lavorazione", "URL": "https://progetto-carg.isprambiente.it/cartografia", "Location": "Italy Grid", "Type": "Official Map"}}, {"type": "Feature", "geometry": {"type": "Polygon", "coordinates": [[[9.5, 41.533339], [10.0, 41.533339], [10.0, 41.866672], [9.5, 41.866672], [9.5, 41.533339]]]}, "properties": {"Title": "Foglio 392 - CASTEL DI SANGRO", "DOI": "Disponibile su OAR (Clicca Link)", "URL": "https://www.openaccess-isprambiente.it/simple-search?query=Foglio+392+CASTEL+DI+SANGRO", "Location": "Italy Grid", "Type": "Official Map"}}, {"type": "Feature", "geometry": {"type": "Polygon", "coordinates": [[[10.0, 41.533339], [10.5, 41.533339], [10.5, 41.866672], [10.0, 41.866672], [10.0, 41.533339]]]}, "properties": {"Title": "Foglio 393 - TRIVENTO", "DOI": "Disponibile su OAR (Clicca Link)", "URL": "https://www.openaccess-isprambiente.it/simple-search?query=Foglio+393+TRIVENTO", "Location": "Italy Grid", "Type": "Official Map"}}, {"type": "Feature", "geometry": {"type": "Polygon", "coordinates": [[[10.5, 41.533339], [11.0, 41.533339], [11.0, 41.866672], [10.5, 41.866672], [10.5, 41.533339]]]}, "properties": {"Title": "Foglio 394", "DOI": "Non disponibile / In lavorazione", "URL": "https://progetto-carg.isprambiente.it/cartografia", "Location": "Italy Grid", "Type": "Official Map"}}, {"type": "Feature", "geometry": {"type": "Polygon", "coordinates": [[[11.0, 41.533339], [11.5, 41.533339], [11.5, 41.866672], [11.0, 41.866672], [11.0, 41.533339]]]}, "properties": {"Title": "Foglio 395", "DOI": "Non disponibile / In lavorazione", "URL": "https://progetto-carg.isprambiente.it/cartografia", "Location": "Italy Grid", "Type": "Official Map"}}, {"type": "Feature", "geometry": {"type": "Polygon", "coordinates": [[[11.5, 41.533339], [12.0, 41.533339], [12.0, 41.866672], [11.5, 41.866672], [11.5, 41.533339]]]}, "properties": {"Title": "Foglio 396", "DOI": "Non disponibile / In lavorazione", "URL": "https://progetto-carg.isprambiente.it/cartografia", "Location": "Italy Grid", "Type": "Official Map"}}, {"type": "Feature", "geometry": {"type": "Polygon", "coordinates": [[[12.0, 41.533339], [12.5, 41.533339], [12.5, 41.866672], [12.0, 41.866672], [12.0, 41.533339]]]}, "properties": {"Title": "Foglio 397", "DOI": "Non disponibile / In lavorazione", "URL": "https://progetto-carg.isprambiente.it/cartografia", "Location": "Italy Grid", "Type": "Official Map"}}, {"type": "Feature", "geometry": {"type": "Polygon", "coordinates": [[[12.5, 41.533339], [13.0, 41.533339], [13.0, 41.866672], [12.5, 41.866672], [12.5, 41.533339]]]}, "properties": {"Title": "Foglio 398", "DOI": "Non disponibile / In lavorazione", "URL": "https://progetto-carg.isprambiente.it/cartografia", "Location": "Italy Grid", "Type": "Official Map"}}, {"type": "Feature", "geometry": {"type": "Polygon", "coordinates": [[[13.0, 41.533339], [13.5, 41.533339], [13.5, 41.866672], [13.0, 41.866672], [13.0, 41.533339]]]}, "properties": {"Title": "Foglio 399", "DOI": "Non disponibile / In lavorazione", "URL": "https://progetto-carg.isprambiente.it/cartografia", "Location": "Italy Grid", "Type": "Official Map"}}, {"type": "Feature", "geometry": {"type": "Polygon", "coordinates": [[[13.5, 41.533339], [14.0, 41.533339], [14.0, 41.866672], [13.5, 41.866672], [13.5, 41.533339]]]}, "properties": {"Title": "Foglio 400", "DOI": "Non disponibile / In lavorazione", "URL": "https://progetto-carg.isprambiente.it/cartografia", "Location": "Italy Grid", "Type": "Official Map"}}, {"type": "Feature", "geometry": {"type": "Polygon", "coordinates": [[[14.0, 41.533339], [14.5, 41.533339], [14.5, 41.866672], [14.0, 41.866672], [14.0, 41.533339]]]}, "properties": {"Title": "Foglio 401", "DOI": "Non disponibile / In lavorazione", "URL": "https://progetto-carg.isprambiente.it/cartografia", "Location": "Italy Grid", "Type": "Official Map"}}, {"type": "Feature", "geometry": {"type": "Polygon", "coordinates": [[[14.5, 41.533339], [15.0, 41.533339], [15.0, 41.866672], [14.5, 41.866672], [14.5, 41.533339]]]}, "properties": {"Title": "Foglio 402 - CECCANO", "DOI": "Disponibile su OAR (Clicca Link)", "URL": "https://www.openaccess-isprambiente.it/simple-search?query=Foglio+402+CECCANO", "Location": "Italy Grid", "Type": "Official Map"}}, {"type": "Feature", "geometry": {"type": "Polygon", "coordinates": [[[15.0, 41.533339], [15.5, 41.533339], [15.5, 41.866672], [15.0, 41.866672], [15.0, 41.533339]]]}, "properties": {"Title": "Foglio 403 - CASSINO", "DOI": "Disponibile su OAR (Clicca Link)", "URL": "https://www.openaccess-isprambiente.it/simple-search?query=Foglio+403+CASSINO", "Location": "Italy Grid", "Type": "Official Map"}}, {"type": "Feature", "geometry": {"type": "Polygon", "coordinates": [[[15.5, 41.533339], [16.0, 41.533339], [16.0, 41.866672], [15.5, 41.866672], [15.5, 41.533339]]]}, "properties": {"Title": "Foglio 404 - ISERNIA", "DOI": "Disponibile su OAR (Clicca Link)", "URL": "https://www.openaccess-isprambiente.it/simple-search?query=Foglio+404+ISERNIA", "Location": "Italy Grid", "Type": "Official Map"}}, {"type": "Feature", "geometry": {"type": "Polygon", "coordinates": [[[16.0, 41.533339], [16.5, 41.533339], [16.5, 41.866672], [16.0, 41.866672], [16.0, 41.533339]]]}, "properties": {"Title": "Foglio 405 - CAMPOBASSO", "DOI": "Disponibile su OAR (Clicca Link)", "URL": "https://www.openaccess-isprambiente.it/simple-search?query=Foglio+405+CAMPOBASSO", "Location": "Italy Grid", "Type": "Official Map"}}, {"type": "Feature", "geometry": {"type": "Polygon", "coordinates": [[[16.5, 41.533339], [17.0, 41.533339], [17.0, 41.866672], [16.5, 41.866672], [16.5, 41.533339]]]}, "properties": {"Title": "Foglio 406", "DOI": "Non disponibile / In lavorazione", "URL": "https://progetto-carg.isprambiente.it/cartografia", "Location": "Italy Grid", "Type": "Official Map"}}, {"type": "Feature", "geometry": {"type": "Polygon", "coordinates": [[[17.0, 41.533339], [17.5, 41.533339], [17.5, 41.866672], [17.0, 41.866672], [17.0, 41.533339]]]}, "properties": {"Title": "Foglio 407", "DOI": "Non disponibile / In lavorazione", "URL": "https://progetto-carg.isprambiente.it/cartografia", "Location": "Italy Grid", "Type": "Official Map"}}, {"type": "Feature", "geometry": {"type": "Polygon", "coordinates": [[[17.5, 41.533339], [18.0, 41.533339], [18.0, 41.866672], [17.5, 41.866672], [17.5, 41.533339]]]}, "properties": {"Title": "Foglio 408", "DOI": "Non disponibile / In lavorazione", "URL": "https://progetto-carg.isprambiente.it/cartografia", "Location": "Italy Grid", "Type": "Official Map"}}, {"type": "Feature", "geometry": {"type": "Polygon", "coordinates": [[[6.0, 41.200006], [6.5, 41.200006], [6.5, 41.533339], [6.0, 41.533339], [6.0, 41.200006]]]}, "properties": {"Title": "Foglio 409", "DOI": "Non disponibile / In lavorazione", "URL": "https://progetto-carg.isprambiente.it/cartografia", "Location": "Italy Grid", "Type": "Official Map"}}, {"type": "Feature", "geometry": {"type": "Polygon", "coordinates": [[[4.5, 41.200006], [5.0, 41.200006], [5.0, 41.533339], [4.5, 41.533339], [4.5, 41.200006]]]}, "properties": {"Title": "Foglio 410", "DOI": "Non disponibile / In lavorazione", "URL": "https://progetto-carg.isprambiente.it/cartografia", "Location": "Italy Grid", "Type": "Official Map"}}, {"type": "Feature", "geometry": {"type": "Polygon", "coordinates": [[[5.0, 41.200006], [5.5, 41.200006], [5.5, 41.533339], [5.0, 41.533339], [5.0, 41.200006]]]}, "properties": {"Title": "Foglio 411 - BOCCHE DI BONIFACIO", "DOI": "Disponibile su OAR (Clicca Link)", "URL": "https://www.openaccess-isprambiente.it/simple-search?query=Foglio+411+BOCCHE+DI+BONIFACIO", "Location": "Italy Grid", "Type": "Official Map"}}, {"type": "Feature", "geometry": {"type": "Polygon", "coordinates": [[[5.5, 41.200006], [6.0, 41.200006], [6.0, 41.533339], [5.5, 41.533339], [5.5, 41.200006]]]}, "properties": {"Title": "Foglio 412 - LA MADDALENA", "DOI": "Disponibile su OAR (Clicca Link)", "URL": "https://www.openaccess-isprambiente.it/simple-search?query=Foglio+412+LA+MADDALENA", "Location": "Italy Grid", "Type": "Official Map"}}, {"type": "Feature", "geometry": {"type": "Polygon", "coordinates": [[[6.0, 41.200006], [6.5, 41.200006], [6.5, 41.533339], [6.0, 41.533339], [6.0, 41.200006]]]}, "properties": {"Title": "Foglio 413", "DOI": "Non disponibile / In lavorazione", "URL": "https://progetto-carg.isprambiente.it/cartografia", "Location": "Italy Grid", "Type": "Official Map"}}, {"type": "Feature", "geometry": {"type": "Polygon", "coordinates": [[[6.5, 41.200006], [7.0, 41.200006], [7.0, 41.533339], [6.5, 41.533339], [6.5, 41.200006]]]}, "properties": {"Title": "Foglio 414", "DOI": "Non disponibile / In lavorazione", "URL": "https://progetto-carg.isprambiente.it/cartografia", "Location": "Italy Grid", "Type": "Official Map"}}, {"type": "Feature", "geometry": {"type": "Polygon", "coordinates": [[[7.0, 41.200006], [7.5, 41.200006], [7.5, 41.533339], [7.0, 41.533339], [7.0, 41.200006]]]}, "properties": {"Title": "Foglio 415 - TEANO", "DOI": "Disponibile su OAR (Clicca Link)", "URL": "https://www.openaccess-isprambiente.it/simple-search?query=Foglio+415+TEANO", "Location": "Italy Grid", "Type": "Official Map"}}, {"type": "Feature", "geometry": {"type": "Polygon", "coordinates": [[[7.5, 41.200006], [8.0, 41.200006], [8.0, 41.533339], [7.5, 41.533339], [7.5, 41.200006]]]}, "properties": {"Title": "Foglio 416 - FOGGIA", "DOI": "Disponibile su OAR (Clicca Link)", "URL": "https://www.openaccess-isprambiente.it/simple-search?query=Foglio+416+FOGGIA", "Location": "Italy Grid", "Type": "Official Map"}}, {"type": "Feature", "geometry": {"type": "Polygon", "coordinates": [[[8.0, 41.200006], [8.5, 41.200006], [8.5, 41.533339], [8.0, 41.533339], [8.0, 41.200006]]]}, "properties": {"Title": "Foglio 417", "DOI": "Non disponibile / In lavorazione", "URL": "https://progetto-carg.isprambiente.it/cartografia", "Location": "Italy Grid", "Type": "Official Map"}}, {"type": "Feature", "geometry": {"type": "Polygon", "coordinates": [[[8.5, 41.200006], [9.0, 41.200006], [9.0, 41.533339], [8.5, 41.533339], [8.5, 41.200006]]]}, "properties": {"Title": "Foglio 418 - CERIGNOLA", "DOI": "Disponibile su OAR (Clicca Link)", "URL": "https://www.openaccess-isprambiente.it/simple-search?query=Foglio+418+CERIGNOLA", "Location": "Italy Grid", "Type": "Official Map"}}, {"type": "Feature", "geometry": {"type": "Polygon", "coordinates": [[[11.0, 41.200006], [11.5, 41.200006], [11.5, 41.533339], [11.0, 41.533339], [11.0, 41.200006]]]}, "properties": {"Title": "Foglio 419", "DOI": "Non disponibile / In lavorazione", "URL": "https://progetto-carg.isprambiente.it/cartografia", "Location": "Italy Grid", "Type": "Official Map"}}, {"type": "Feature", "geometry": {"type": "Polygon", "coordinates": [[[11.5, 41.200006], [12.0, 41.200006], [12.0, 41.533339], [11.5, 41.533339], [11.5, 41.200006]]]}, "properties": {"Title": "Foglio 420", "DOI": "Non disponibile / In lavorazione", "URL": "https://progetto-carg.isprambiente.it/cartografia", "Location": "Italy Grid", "Type": "Official Map"}}, {"type": "Feature", "geometry": {"type": "Polygon", "coordinates": [[[12.0, 41.200006], [12.5, 41.200006], [12.5, 41.533339], [12.0, 41.533339], [12.0, 41.200006]]]}, "properties": {"Title": "Foglio 421", "DOI": "Non disponibile / In lavorazione", "URL": "https://progetto-carg.isprambiente.it/cartografia", "Location": "Italy Grid", "Type": "Official Map"}}, {"type": "Feature", "geometry": {"type": "Polygon", "coordinates": [[[12.5, 41.200006], [13.0, 41.200006], [13.0, 41.533339], [12.5, 41.533339], [12.5, 41.200006]]]}, "properties": {"Title": "Foglio 422", "DOI": "Non disponibile / In lavorazione", "URL": "https://progetto-carg.isprambiente.it/cartografia", "Location": "Italy Grid", "Type": "Official Map"}}, {"type": "Feature", "geometry": {"type": "Polygon", "coordinates": [[[13.0, 41.200006], [13.5, 41.200006], [13.5, 41.533339], [13.0, 41.533339], [13.0, 41.200006]]]}, "properties": {"Title": "Foglio 423", "DOI": "Non disponibile / In lavorazione", "URL": "https://progetto-carg.isprambiente.it/cartografia", "Location": "Italy Grid", "Type": "Official Map"}}, {"type": "Feature", "geometry": {"type": "Polygon", "coordinates": [[[13.5, 41.200006], [14.0, 41.200006], [14.0, 41.533339], [13.5, 41.533339], [13.5, 41.200006]]]}, "properties": {"Title": "Foglio 424", "DOI": "Non disponibile / In lavorazione", "URL": "https://progetto-carg.isprambiente.it/cartografia", "Location": "Italy Grid", "Type": "Official Map"}}, {"type": "Feature", "geometry": {"type": "Polygon", "coordinates": [[[14.0, 41.200006], [14.5, 41.200006], [14.5, 41.533339], [14.0, 41.533339], [14.0, 41.200006]]]}, "properties": {"Title": "Foglio 425", "DOI": "Non disponibile / In lavorazione", "URL": "https://progetto-carg.isprambiente.it/cartografia", "Location": "Italy Grid", "Type": "Official Map"}}, {"type": "Feature", "geometry": {"type": "Polygon", "coordinates": [[[14.5, 41.200006], [15.0, 41.200006], [15.0, 41.533339], [14.5, 41.533339], [14.5, 41.200006]]]}, "properties": {"Title": "Foglio 426 - CAPO FALCONE", "DOI": "Disponibile su OAR (Clicca Link)", "URL": "https://www.openaccess-isprambiente.it/simple-search?query=Foglio+426+CAPO+FALCONE", "Location": "Italy Grid", "Type": "Official Map"}}, {"type": "Feature", "geometry": {"type": "Polygon", "coordinates": [[[15.0, 41.200006], [15.5, 41.200006], [15.5, 41.533339], [15.0, 41.533339], [15.0, 41.200006]]]}, "properties": {"Title": "Foglio 427 - PORTO TORRES", "DOI": "Disponibile su OAR (Clicca Link)", "URL": "https://www.openaccess-isprambiente.it/simple-search?query=Foglio+427+PORTO+TORRES", "Location": "Italy Grid", "Type": "Official Map"}}, {"type": "Feature", "geometry": {"type": "Polygon", "coordinates": [[[15.5, 41.200006], [16.0, 41.200006], [16.0, 41.533339], [15.5, 41.533339], [15.5, 41.200006]]]}, "properties": {"Title": "Foglio 428 - BARLETTA", "DOI": "Disponibile su OAR (Clicca Link)", "URL": "https://www.openaccess-isprambiente.it/simple-search?query=Foglio+428+BARLETTA", "Location": "Italy Grid", "Type": "Official Map"}}, {"type": "Feature", "geometry": {"type": "Polygon", "coordinates": [[[16.0, 41.200006], [16.5, 41.200006], [16.5, 41.533339], [16.0, 41.533339], [16.0, 41.200006]]]}, "properties": {"Title": "Foglio 429", "DOI": "Non disponibile / In lavorazione", "URL": "https://progetto-carg.isprambiente.it/cartografia", "Location": "Italy Grid", "Type": "Official Map"}}, {"type": "Feature", "geometry": {"type": "Polygon", "coordinates": [[[16.5, 41.200006], [17.0, 41.200006], [17.0, 41.533339], [16.5, 41.533339], [16.5, 41.200006]]]}, "properties": {"Title": "Foglio 430", "DOI": "Non disponibile / In lavorazione", "URL": "https://progetto-carg.isprambiente.it/cartografia", "Location": "Italy Grid", "Type": "Official Map"}}, {"type": "Feature", "geometry": {"type": "Polygon", "coordinates": [[[17.0, 41.200006], [17.5, 41.200006], [17.5, 41.533339], [17.0, 41.533339], [17.0, 41.200006]]]}, "properties": {"Title": "Foglio 431", "DOI": "Non disponibile / In lavorazione", "URL": "https://progetto-carg.isprambiente.it/cartografia", "Location": "Italy Grid", "Type": "Official Map"}}, {"type": "Feature", "geometry": {"type": "Polygon", "coordinates": [[[17.5, 41.200006], [18.0, 41.200006], [18.0, 41.533339], [17.5, 41.533339], [17.5, 41.200006]]]}, "properties": {"Title": "Foglio 432 - BENEVENTO", "DOI": "Disponibile su OAR (Clicca Link)", "URL": "https://www.openaccess-isprambiente.it/simple-search?query=Foglio+432+BENEVENTO", "Location": "Italy Grid", "Type": "Official Map"}}, {"type": "Feature", "geometry": {"type": "Polygon", "coordinates": [[[4.0, 40.866673], [4.5, 40.866673], [4.5, 41.200006], [4.0, 41.200006], [4.0, 40.866673]]]}, "properties": {"Title": "Foglio 433 - ARIANO IRPINO", "DOI": "Disponibile su OAR (Clicca Link)", "URL": "https://www.openaccess-isprambiente.it/simple-search?query=Foglio+433+ARIANO+IRPINO", "Location": "Italy Grid", "Type": "Official Map"}}, {"type": "Feature", "geometry": {"type": "Polygon", "coordinates": [[[4.5, 40.866673], [5.0, 40.866673], [5.0, 41.200006], [4.5, 41.200006], [4.5, 40.866673]]]}, "properties": {"Title": "Foglio 434", "DOI": "Non disponibile / In lavorazione", "URL": "https://progetto-carg.isprambiente.it/cartografia", "Location": "Italy Grid", "Type": "Official Map"}}, {"type": "Feature", "geometry": {"type": "Polygon", "coordinates": [[[5.0, 40.866673], [5.5, 40.866673], [5.5, 41.200006], [5.0, 41.200006], [5.0, 40.866673]]]}, "properties": {"Title": "Foglio 435", "DOI": "Non disponibile / In lavorazione", "URL": "https://progetto-carg.isprambiente.it/cartografia", "Location": "Italy Grid", "Type": "Official Map"}}, {"type": "Feature", "geometry": {"type": "Polygon", "coordinates": [[[5.5, 40.866673], [6.0, 40.866673], [6.0, 41.200006], [5.5, 41.200006], [5.5, 40.866673]]]}, "properties": {"Title": "Foglio 436", "DOI": "Non disponibile / In lavorazione", "URL": "https://progetto-carg.isprambiente.it/cartografia", "Location": "Italy Grid", "Type": "Official Map"}}, {"type": "Feature", "geometry": {"type": "Polygon", "coordinates": [[[6.0, 40.866673], [6.5, 40.866673], [6.5, 41.200006], [6.0, 41.200006], [6.0, 40.866673]]]}, "properties": {"Title": "Foglio 437 - BARI", "DOI": "Disponibile su OAR (Clicca Link)", "URL": "https://www.openaccess-isprambiente.it/simple-search?query=Foglio+437+BARI", "Location": "Italy Grid", "Type": "Official Map"}}, {"type": "Feature", "geometry": {"type": "Polygon", "coordinates": [[[6.5, 40.866673], [7.0, 40.866673], [7.0, 41.200006], [6.5, 41.200006], [6.5, 40.866673]]]}, "properties": {"Title": "Foglio 438 - MOLA DI BARI", "DOI": "Disponibile su OAR (Clicca Link)", "URL": "https://www.openaccess-isprambiente.it/simple-search?query=Foglio+438+MOLA+DI+BARI", "Location": "Italy Grid", "Type": "Official Map"}}, {"type": "Feature", "geometry": {"type": "Polygon", "coordinates": [[[7.0, 40.866673], [7.5, 40.866673], [7.5, 41.200006], [7.0, 41.200006], [7.0, 40.866673]]]}, "properties": {"Title": "Foglio 439", "DOI": "Non disponibile / In lavorazione", "URL": "https://progetto-carg.isprambiente.it/cartografia", "Location": "Italy Grid", "Type": "Official Map"}}, {"type": "Feature", "geometry": {"type": "Polygon", "coordinates": [[[7.5, 40.866673], [8.0, 40.866673], [8.0, 41.200006], [7.5, 41.200006], [7.5, 40.866673]]]}, "properties": {"Title": "Foglio 440", "DOI": "Non disponibile / In lavorazione", "URL": "https://progetto-carg.isprambiente.it/cartografia", "Location": "Italy Grid", "Type": "Official Map"}}, {"type": "Feature", "geometry": {"type": "Polygon", "coordinates": [[[8.0, 40.866673], [8.5, 40.866673], [8.5, 41.200006], [8.0, 41.200006], [8.0, 40.866673]]]}, "properties": {"Title": "Foglio 441 - SASSARI", "DOI": "Disponibile su OAR (Clicca Link)", "URL": "https://www.openaccess-isprambiente.it/simple-search?query=Foglio+441+SASSARI", "Location": "Italy Grid", "Type": "Official Map"}}, {"type": "Feature", "geometry": {"type": "Polygon", "coordinates": [[[8.5, 40.866673], [9.0, 40.866673], [9.0, 41.200006], [8.5, 41.200006], [8.5, 40.866673]]]}, "properties": {"Title": "Foglio 442 - TEMPIO PAUSANIA", "DOI": "Disponibile su OAR (Clicca Link)", "URL": "https://www.openaccess-isprambiente.it/simple-search?query=Foglio+442+TEMPIO+PAUSANIA", "Location": "Italy Grid", "Type": "Official Map"}}, {"type": "Feature", "geometry": {"type": "Polygon", "coordinates": [[[11.0, 40.866673], [11.5, 40.866673], [11.5, 41.200006], [11.0, 41.200006], [11.0, 40.866673]]]}, "properties": {"Title": "Foglio 443 - OLBIA", "DOI": "Disponibile su OAR (Clicca Link)", "URL": "https://www.openaccess-isprambiente.it/simple-search?query=Foglio+443+OLBIA", "Location": "Italy Grid", "Type": "Official Map"}}, {"type": "Feature", "geometry": {"type": "Polygon", "coordinates": [[[11.5, 40.866673], [12.0, 40.866673], [12.0, 41.200006], [11.5, 41.200006], [11.5, 40.866673]]]}, "properties": {"Title": "Foglio 444", "DOI": "Non disponibile / In lavorazione", "URL": "https://progetto-carg.isprambiente.it/cartografia", "Location": "Italy Grid", "Type": "Official Map"}}, {"type": "Feature", "geometry": {"type": "Polygon", "coordinates": [[[12.0, 40.866673], [12.5, 40.866673], [12.5, 41.200006], [12.0, 41.200006], [12.0, 40.866673]]]}, "properties": {"Title": "Foglio 445 - POZZUOLI", "DOI": "Disponibile su OAR (Clicca Link)", "URL": "https://www.openaccess-isprambiente.it/simple-search?query=Foglio+445+POZZUOLI", "Location": "Italy Grid", "Type": "Official Map"}}, {"type": "Feature", "geometry": {"type": "Polygon", "coordinates": [[[12.5, 40.866673], [13.0, 40.866673], [13.0, 41.200006], [12.5, 41.200006], [12.5, 40.866673]]]}, "properties": {"Title": "Foglio 446 - NAPOLI", "DOI": "Disponibile su OAR (Clicca Link)", "URL": "https://www.openaccess-isprambiente.it/simple-search?query=Foglio+446+NAPOLI", "Location": "Italy Grid", "Type": "Official Map"}}, {"type": "Feature", "geometry": {"type": "Polygon", "coordinates": [[[13.0, 40.866673], [13.5, 40.866673], [13.5, 41.200006], [13.0, 41.200006], [13.0, 40.866673]]]}, "properties": {"Title": "Foglio 447 - ERCOLANO", "DOI": "Disponibile su OAR (Clicca Link)", "URL": "https://www.openaccess-isprambiente.it/simple-search?query=Foglio+447+ERCOLANO", "Location": "Italy Grid", "Type": "Official Map"}}, {"type": "Feature", "geometry": {"type": "Polygon", "coordinates": [[[13.5, 40.866673], [14.0, 40.866673], [14.0, 41.200006], [13.5, 41.200006], [13.5, 40.866673]]]}, "properties": {"Title": "Foglio 448 - NOCERA INFERIORE", "DOI": "Disponibile su OAR (Clicca Link)", "URL": "https://www.openaccess-isprambiente.it/simple-search?query=Foglio+448+NOCERA+INFERIORE", "Location": "Italy Grid", "Type": "Official Map"}}, {"type": "Feature", "geometry": {"type": "Polygon", "coordinates": [[[14.0, 40.866673], [14.5, 40.866673], [14.5, 41.200006], [14.0, 41.200006], [14.0, 40.866673]]]}, "properties": {"Title": "Foglio 449 - AVELLINO", "DOI": "Disponibile su OAR (Clicca Link)", "URL": "https://www.openaccess-isprambiente.it/simple-search?query=Foglio+449+AVELLINO", "Location": "Italy Grid", "Type": "Official Map"}}, {"type": "Feature", "geometry": {"type": "Polygon", "coordinates": [[[14.5, 40.866673], [15.0, 40.866673], [15.0, 41.200006], [14.5, 41.200006], [14.5, 40.866673]]]}, "properties": {"Title": "Foglio 450 - SANT'ANGELO DEI LOMBARDI", "DOI": "Disponibile su OAR (Clicca Link)", "URL": "https://www.openaccess-isprambiente.it/simple-search?query=Foglio+450+SANT'ANGELO+DEI+LOMBARDI", "Location": "Italy Grid", "Type": "Official Map"}}, {"type": "Feature", "geometry": {"type": "Polygon", "coordinates": [[[15.0, 40.866673], [15.5, 40.866673], [15.5, 41.200006], [15.0, 41.200006], [15.0, 40.866673]]]}, "properties": {"Title": "Foglio 451 - MELFI", "DOI": "Disponibile su OAR (Clicca Link)", "URL": "https://www.openaccess-isprambiente.it/simple-search?query=Foglio+451+MELFI", "Location": "Italy Grid", "Type": "Official Map"}}, {"type": "Feature", "geometry": {"type": "Polygon", "coordinates": [[[15.5, 40.866673], [16.0, 40.866673], [16.0, 41.200006], [15.5, 41.200006], [15.5, 40.866673]]]}, "properties": {"Title": "Foglio 452", "DOI": "Non disponibile / In lavorazione", "URL": "https://progetto-carg.isprambiente.it/cartografia", "Location": "Italy Grid", "Type": "Official Map"}}, {"type": "Feature", "geometry": {"type": "Polygon", "coordinates": [[[16.0, 40.866673], [16.5, 40.866673], [16.5, 41.200006], [16.0, 41.200006], [16.0, 40.866673]]]}, "properties": {"Title": "Foglio 453", "DOI": "Non disponibile / In lavorazione", "URL": "https://progetto-carg.isprambiente.it/cartografia", "Location": "Italy Grid", "Type": "Official Map"}}, {"type": "Feature", "geometry": {"type": "Polygon", "coordinates": [[[16.5, 40.866673], [17.0, 40.866673], [17.0, 41.200006], [16.5, 41.200006], [16.5, 40.866673]]]}, "properties": {"Title": "Foglio 454", "DOI": "Non disponibile / In lavorazione", "URL": "https://progetto-carg.isprambiente.it/cartografia", "Location": "Italy Grid", "Type": "Official Map"}}, {"type": "Feature", "geometry": {"type": "Polygon", "coordinates": [[[17.0, 40.866673], [17.5, 40.866673], [17.5, 41.200006], [17.0, 41.200006], [17.0, 40.866673]]]}, "properties": {"Title": "Foglio 455", "DOI": "Non disponibile / In lavorazione", "URL": "https://progetto-carg.isprambiente.it/cartografia", "Location": "Italy Grid", "Type": "Official Map"}}, {"type": "Feature", "geometry": {"type": "Polygon", "coordinates": [[[17.5, 40.866673], [18.0, 40.866673], [18.0, 41.200006], [17.5, 41.200006], [17.5, 40.866673]]]}, "properties": {"Title": "Foglio 456", "DOI": "Non disponibile / In lavorazione", "URL": "https://progetto-carg.isprambiente.it/cartografia", "Location": "Italy Grid", "Type": "Official Map"}}, {"type": "Feature", "geometry": {"type": "Polygon", "coordinates": [[[4.0, 40.53334], [4.5, 40.53334], [4.5, 40.866673], [4.0, 40.866673], [4.0, 40.53334]]]}, "properties": {"Title": "Foglio 457", "DOI": "Non disponibile / In lavorazione", "URL": "https://progetto-carg.isprambiente.it/cartografia", "Location": "Italy Grid", "Type": "Official Map"}}, {"type": "Feature", "geometry": {"type": "Polygon", "coordinates": [[[4.5, 40.53334], [5.0, 40.53334], [5.0, 40.866673], [4.5, 40.866673], [4.5, 40.53334]]]}, "properties": {"Title": "Foglio 458", "DOI": "Non disponibile / In lavorazione", "URL": "https://progetto-carg.isprambiente.it/cartografia", "Location": "Italy Grid", "Type": "Official Map"}}, {"type": "Feature", "geometry": {"type": "Polygon", "coordinates": [[[5.0, 40.53334], [5.5, 40.53334], [5.5, 40.866673], [5.0, 40.866673], [5.0, 40.53334]]]}, "properties": {"Title": "Foglio 459 - ALGHERO", "DOI": "Disponibile su OAR (Clicca Link)", "URL": "https://www.openaccess-isprambiente.it/simple-search?query=Foglio+459+ALGHERO", "Location": "Italy Grid", "Type": "Official Map"}}, {"type": "Feature", "geometry": {"type": "Polygon", "coordinates": [[[5.5, 40.53334], [6.0, 40.53334], [6.0, 40.866673], [5.5, 40.866673], [5.5, 40.53334]]]}, "properties": {"Title": "Foglio 460 - BONORVA", "DOI": "Disponibile su OAR (Clicca Link)", "URL": "https://www.openaccess-isprambiente.it/simple-search?query=Foglio+460+BONORVA", "Location": "Italy Grid", "Type": "Official Map"}}, {"type": "Feature", "geometry": {"type": "Polygon", "coordinates": [[[6.0, 40.53334], [6.5, 40.53334], [6.5, 40.866673], [6.0, 40.866673], [6.0, 40.53334]]]}, "properties": {"Title": "Foglio 461 - OZIERI", "DOI": "Disponibile su OAR (Clicca Link)", "URL": "https://www.openaccess-isprambiente.it/simple-search?query=Foglio+461+OZIERI", "Location": "Italy Grid", "Type": "Official Map"}}, {"type": "Feature", "geometry": {"type": "Polygon", "coordinates": [[[6.5, 40.53334], [7.0, 40.53334], [7.0, 40.866673], [6.5, 40.866673], [6.5, 40.53334]]]}, "properties": {"Title": "Foglio 462", "DOI": "Non disponibile / In lavorazione", "URL": "https://progetto-carg.isprambiente.it/cartografia", "Location": "Italy Grid", "Type": "Official Map"}}, {"type": "Feature", "geometry": {"type": "Polygon", "coordinates": [[[7.0, 40.53334], [7.5, 40.53334], [7.5, 40.866673], [7.0, 40.866673], [7.0, 40.53334]]]}, "properties": {"Title": "Foglio 463", "DOI": "Non disponibile / In lavorazione", "URL": "https://progetto-carg.isprambiente.it/cartografia", "Location": "Italy Grid", "Type": "Official Map"}}, {"type": "Feature", "geometry": {"type": "Polygon", "coordinates": [[[7.5, 40.53334], [8.0, 40.53334], [8.0, 40.866673], [7.5, 40.866673], [7.5, 40.53334]]]}, "properties": {"Title": "Foglio 464 - ISOLA D'ISCHIA", "DOI": "Disponibile su OAR (Clicca Link)", "URL": "https://www.openaccess-isprambiente.it/simple-search?query=Foglio+464+ISOLA+D'ISCHIA", "Location": "Italy Grid", "Type": "Official Map"}}, {"type": "Feature", "geometry": {"type": "Polygon", "coordinates": [[[8.0, 40.53334], [8.5, 40.53334], [8.5, 40.866673], [8.0, 40.866673], [8.0, 40.53334]]]}, "properties": {"Title": "Foglio 465 - ISOLA DI PROCIDA", "DOI": "Disponibile su OAR (Clicca Link)", "URL": "https://www.openaccess-isprambiente.it/simple-search?query=Foglio+465+ISOLA+DI+PROCIDA", "Location": "Italy Grid", "Type": "Official Map"}}, {"type": "Feature", "geometry": {"type": "Polygon", "coordinates": [[[8.5, 40.53334], [9.0, 40.53334], [9.0, 40.866673], [8.5, 40.866673], [8.5, 40.53334]]]}, "properties": {"Title": "Foglio 466 - SORRENTO", "DOI": "Disponibile su OAR (Clicca Link)", "URL": "https://www.openaccess-isprambiente.it/simple-search?query=Foglio+466+SORRENTO", "Location": "Italy Grid", "Type": "Official Map"}}, {"type": "Feature", "geometry": {"type": "Polygon", "coordinates": [[[11.0, 40.53334], [11.5, 40.53334], [11.5, 40.866673], [11.0, 40.866673], [11.0, 40.53334]]]}, "properties": {"Title": "Foglio 467 - SALERNO", "DOI": "Disponibile su OAR (Clicca Link)", "URL": "https://www.openaccess-isprambiente.it/simple-search?query=Foglio+467+SALERNO", "Location": "Italy Grid", "Type": "Official Map"}}, {"type": "Feature", "geometry": {"type": "Polygon", "coordinates": [[[11.5, 40.53334], [12.0, 40.53334], [12.0, 40.866673], [11.5, 40.866673], [11.5, 40.53334]]]}, "properties": {"Title": "Foglio 468 - EBOLI", "DOI": "Disponibile su OAR (Clicca Link)", "URL": "https://www.openaccess-isprambiente.it/simple-search?query=Foglio+468+EBOLI", "Location": "Italy Grid", "Type": "Official Map"}}, {"type": "Feature", "geometry": {"type": "Polygon", "coordinates": [[[12.0, 40.53334], [12.5, 40.53334], [12.5, 40.866673], [12.0, 40.866673], [12.0, 40.53334]]]}, "properties": {"Title": "Foglio 469", "DOI": "Non disponibile / In lavorazione", "URL": "https://progetto-carg.isprambiente.it/cartografia", "Location": "Italy Grid", "Type": "Official Map"}}, {"type": "Feature", "geometry": {"type": "Polygon", "coordinates": [[[12.5, 40.53334], [13.0, 40.53334], [13.0, 40.866673], [12.5, 40.866673], [12.5, 40.53334]]]}, "properties": {"Title": "Foglio 470 - POTENZA", "DOI": "Disponibile su OAR (Clicca Link)", "URL": "https://www.openaccess-isprambiente.it/simple-search?query=Foglio+470+POTENZA", "Location": "Italy Grid", "Type": "Official Map"}}, {"type": "Feature", "geometry": {"type": "Polygon", "coordinates": [[[13.0, 40.53334], [13.5, 40.53334], [13.5, 40.866673], [13.0, 40.866673], [13.0, 40.53334]]]}, "properties": {"Title": "Foglio 471 - IRSINA", "DOI": "Disponibile su OAR (Clicca Link)", "URL": "https://www.openaccess-isprambiente.it/simple-search?query=Foglio+471+IRSINA", "Location": "Italy Grid", "Type": "Official Map"}}, {"type": "Feature", "geometry": {"type": "Polygon", "coordinates": [[[13.5, 40.53334], [14.0, 40.53334], [14.0, 40.866673], [13.5, 40.866673], [13.5, 40.53334]]]}, "properties": {"Title": "Foglio 472", "DOI": "Non disponibile / In lavorazione", "URL": "https://progetto-carg.isprambiente.it/cartografia", "Location": "Italy Grid", "Type": "Official Map"}}, {"type": "Feature", "geometry": {"type": "Polygon", "coordinates": [[[14.0, 40.53334], [14.5, 40.53334], [14.5, 40.866673], [14.0, 40.866673], [14.0, 40.53334]]]}, "properties": {"Title": "Foglio 473 - TERRA DI LAVORO", "DOI": "Disponibile su OAR (Clicca Link)", "URL": "https://www.openaccess-isprambiente.it/simple-search?query=Foglio+473+TERRA+DI+LAVORO", "Location": "Italy Grid", "Type": "Official Map"}}, {"type": "Feature", "geometry": {"type": "Polygon", "coordinates": [[[14.5, 40.53334], [15.0, 40.53334], [15.0, 40.866673], [14.5, 40.866673], [14.5, 40.53334]]]}, "properties": {"Title": "Foglio 474 - CASERTA", "DOI": "Disponibile su OAR (Clicca Link)", "URL": "https://www.openaccess-isprambiente.it/simple-search?query=Foglio+474+CASERTA", "Location": "Italy Grid", "Type": "Official Map"}}, {"type": "Feature", "geometry": {"type": "Polygon", "coordinates": [[[15.0, 40.53334], [15.5, 40.53334], [15.5, 40.866673], [15.0, 40.866673], [15.0, 40.53334]]]}, "properties": {"Title": "Foglio 475", "DOI": "Non disponibile / In lavorazione", "URL": "https://progetto-carg.isprambiente.it/cartografia", "Location": "Italy Grid", "Type": "Official Map"}}, {"type": "Feature", "geometry": {"type": "Polygon", "coordinates": [[[15.5, 40.53334], [16.0, 40.53334], [16.0, 40.866673], [15.5, 40.866673], [15.5, 40.53334]]]}, "properties": {"Title": "Foglio 476", "DOI": "Non disponibile / In lavorazione", "URL": "https://progetto-carg.isprambiente.it/cartografia", "Location": "Italy Grid", "Type": "Official Map"}}, {"type": "Feature", "geometry": {"type": "Polygon", "coordinates": [[[16.0, 40.53334], [16.5, 40.53334], [16.5, 40.866673], [16.0, 40.866673], [16.0, 40.53334]]]}, "properties": {"Title": "Foglio 477", "DOI": "Non disponibile / In lavorazione", "URL": "https://progetto-carg.isprambiente.it/cartografia", "Location": "Italy Grid", "Type": "Official Map"}}, {"type": "Feature", "geometry": {"type": "Polygon", "coordinates": [[[16.5, 40.53334], [17.0, 40.53334], [17.0, 40.866673], [16.5, 40.866673], [16.5, 40.53334]]]}, "properties": {"Title": "Foglio 478", "DOI": "Non disponibile / In lavorazione", "URL": "https://progetto-carg.isprambiente.it/cartografia", "Location": "Italy Grid", "Type": "Official Map"}}, {"type": "Feature", "geometry": {"type": "Polygon", "coordinates": [[[17.0, 40.53334], [17.5, 40.53334], [17.5, 40.866673], [17.0, 40.866673], [17.0, 40.53334]]]}, "properties": {"Title": "Foglio 479 - BOSA", "DOI": "Disponibile su OAR (Clicca Link)", "URL": "https://www.openaccess-isprambiente.it/simple-search?query=Foglio+479+BOSA", "Location": "Italy Grid", "Type": "Official Map"}}, {"type": "Feature", "geometry": {"type": "Polygon", "coordinates": [[[17.5, 40.53334], [18.0, 40.53334], [18.0, 40.866673], [17.5, 40.866673], [17.5, 40.53334]]]}, "properties": {"Title": "Foglio 480 - MACOMER", "DOI": "Disponibile su OAR (Clicca Link)", "URL": "https://www.openaccess-isprambiente.it/simple-search?query=Foglio+480+MACOMER", "Location": "Italy Grid", "Type": "Official Map"}}, {"type": "Feature", "geometry": {"type": "Polygon", "coordinates": [[[4.0, 40.200007], [4.5, 40.200007], [4.5, 40.53334], [4.0, 40.53334], [4.0, 40.200007]]]}, "properties": {"Title": "Foglio 481 - NUORO", "DOI": "Disponibile su OAR (Clicca Link)", "URL": "https://www.openaccess-isprambiente.it/simple-search?query=Foglio+481+NUORO", "Location": "Italy Grid", "Type": "Official Map"}}, {"type": "Feature", "geometry": {"type": "Polygon", "coordinates": [[[4.5, 40.200007], [5.0, 40.200007], [5.0, 40.53334], [4.5, 40.53334], [4.5, 40.200007]]]}, "properties": {"Title": "Foglio 482 - DORGALI", "DOI": "Disponibile su OAR (Clicca Link)", "URL": "https://www.openaccess-isprambiente.it/simple-search?query=Foglio+482+DORGALI", "Location": "Italy Grid", "Type": "Official Map"}}, {"type": "Feature", "geometry": {"type": "Polygon", "coordinates": [[[5.0, 40.200007], [5.5, 40.200007], [5.5, 40.53334], [5.0, 40.53334], [5.0, 40.200007]]]}, "properties": {"Title": "Foglio 483", "DOI": "Non disponibile / In lavorazione", "URL": "https://progetto-carg.isprambiente.it/cartografia", "Location": "Italy Grid", "Type": "Official Map"}}, {"type": "Feature", "geometry": {"type": "Polygon", "coordinates": [[[5.5, 40.200007], [6.0, 40.200007], [6.0, 40.53334], [5.5, 40.53334], [5.5, 40.200007]]]}, "properties": {"Title": "Foglio 484", "DOI": "Non disponibile / In lavorazione", "URL": "https://progetto-carg.isprambiente.it/cartografia", "Location": "Italy Grid", "Type": "Official Map"}}, {"type": "Feature", "geometry": {"type": "Polygon", "coordinates": [[[6.0, 40.200007], [6.5, 40.200007], [6.5, 40.53334], [6.0, 40.53334], [6.0, 40.200007]]]}, "properties": {"Title": "Foglio 485", "DOI": "Non disponibile / In lavorazione", "URL": "https://progetto-carg.isprambiente.it/cartografia", "Location": "Italy Grid", "Type": "Official Map"}}, {"type": "Feature", "geometry": {"type": "Polygon", "coordinates": [[[6.5, 40.200007], [7.0, 40.200007], [7.0, 40.53334], [6.5, 40.53334], [6.5, 40.200007]]]}, "properties": {"Title": "Foglio 486 - FOCE DEL SELE", "DOI": "Disponibile su OAR (Clicca Link)", "URL": "https://www.openaccess-isprambiente.it/simple-search?query=Foglio+486+FOCE+DEL+SELE", "Location": "Italy Grid", "Type": "Official Map"}}, {"type": "Feature", "geometry": {"type": "Polygon", "coordinates": [[[7.0, 40.200007], [7.5, 40.200007], [7.5, 40.53334], [7.0, 40.53334], [7.0, 40.200007]]]}, "properties": {"Title": "Foglio 487", "DOI": "Non disponibile / In lavorazione", "URL": "https://progetto-carg.isprambiente.it/cartografia", "Location": "Italy Grid", "Type": "Official Map"}}, {"type": "Feature", "geometry": {"type": "Polygon", "coordinates": [[[7.5, 40.200007], [8.0, 40.200007], [8.0, 40.53334], [7.5, 40.53334], [7.5, 40.200007]]]}, "properties": {"Title": "Foglio 488", "DOI": "Non disponibile / In lavorazione", "URL": "https://progetto-carg.isprambiente.it/cartografia", "Location": "Italy Grid", "Type": "Official Map"}}, {"type": "Feature", "geometry": {"type": "Polygon", "coordinates": [[[8.0, 40.200007], [8.5, 40.200007], [8.5, 40.53334], [8.0, 40.53334], [8.0, 40.200007]]]}, "properties": {"Title": "Foglio 489 - MARSICO NUOVO", "DOI": "Disponibile su OAR (Clicca Link)", "URL": "https://www.openaccess-isprambiente.it/simple-search?query=Foglio+489+MARSICO+NUOVO", "Location": "Italy Grid", "Type": "Official Map"}}, {"type": "Feature", "geometry": {"type": "Polygon", "coordinates": [[[8.5, 40.200007], [9.0, 40.200007], [9.0, 40.53334], [8.5, 40.53334], [8.5, 40.200007]]]}, "properties": {"Title": "Foglio 490 - TRICARICO", "DOI": "Disponibile su OAR (Clicca Link)", "URL": "https://www.openaccess-isprambiente.it/simple-search?query=Foglio+490+TRICARICO", "Location": "Italy Grid", "Type": "Official Map"}}, {"type": "Feature", "geometry": {"type": "Polygon", "coordinates": [[[11.0, 40.200007], [11.5, 40.200007], [11.5, 40.53334], [11.0, 40.53334], [11.0, 40.200007]]]}, "properties": {"Title": "Foglio 491 - MATERA", "DOI": "Disponibile su OAR (Clicca Link)", "URL": "https://www.openaccess-isprambiente.it/simple-search?query=Foglio+491+MATERA", "Location": "Italy Grid", "Type": "Official Map"}}, {"type": "Feature", "geometry": {"type": "Polygon", "coordinates": [[[11.5, 40.200007], [12.0, 40.200007], [12.0, 40.53334], [11.5, 40.53334], [11.5, 40.200007]]]}, "properties": {"Title": "Foglio 492", "DOI": "Non disponibile / In lavorazione", "URL": "https://progetto-carg.isprambiente.it/cartografia", "Location": "Italy Grid", "Type": "Official Map"}}, {"type": "Feature", "geometry": {"type": "Polygon", "coordinates": [[[12.0, 40.200007], [12.5, 40.200007], [12.5, 40.53334], [12.0, 40.53334], [12.0, 40.200007]]]}, "properties": {"Title": "Foglio 493", "DOI": "Non disponibile / In lavorazione", "URL": "https://progetto-carg.isprambiente.it/cartografia", "Location": "Italy Grid", "Type": "Official Map"}}, {"type": "Feature", "geometry": {"type": "Polygon", "coordinates": [[[12.5, 40.200007], [13.0, 40.200007], [13.0, 40.53334], [12.5, 40.53334], [12.5, 40.200007]]]}, "properties": {"Title": "Foglio 494", "DOI": "Non disponibile / In lavorazione", "URL": "https://progetto-carg.isprambiente.it/cartografia", "Location": "Italy Grid", "Type": "Official Map"}}, {"type": "Feature", "geometry": {"type": "Polygon", "coordinates": [[[13.0, 40.200007], [13.5, 40.200007], [13.5, 40.53334], [13.0, 40.53334], [13.0, 40.200007]]]}, "properties": {"Title": "Foglio 495", "DOI": "Non disponibile / In lavorazione", "URL": "https://progetto-carg.isprambiente.it/cartografia", "Location": "Italy Grid", "Type": "Official Map"}}, {"type": "Feature", "geometry": {"type": "Polygon", "coordinates": [[[13.5, 40.200007], [14.0, 40.200007], [14.0, 40.53334], [13.5, 40.53334], [13.5, 40.200007]]]}, "properties": {"Title": "Foglio 496", "DOI": "Non disponibile / In lavorazione", "URL": "https://progetto-carg.isprambiente.it/cartografia", "Location": "Italy Grid", "Type": "Official Map"}}, {"type": "Feature", "geometry": {"type": "Polygon", "coordinates": [[[14.0, 40.200007], [14.5, 40.200007], [14.5, 40.53334], [14.0, 40.53334], [14.0, 40.200007]]]}, "properties": {"Title": "Foglio 497", "DOI": "Non disponibile / In lavorazione", "URL": "https://progetto-carg.isprambiente.it/cartografia", "Location": "Italy Grid", "Type": "Official Map"}}, {"type": "Feature", "geometry": {"type": "Polygon", "coordinates": [[[14.5, 40.200007], [15.0, 40.200007], [15.0, 40.53334], [14.5, 40.53334], [14.5, 40.200007]]]}, "properties": {"Title": "Foglio 498 - SANTU LUSSURGIU", "DOI": "Disponibile su OAR (Clicca Link)", "URL": "https://www.openaccess-isprambiente.it/simple-search?query=Foglio+498+SANTU+LUSSURGIU", "Location": "Italy Grid", "Type": "Official Map"}}, {"type": "Feature", "geometry": {"type": "Polygon", "coordinates": [[[15.0, 40.200007], [15.5, 40.200007], [15.5, 40.53334], [15.0, 40.53334], [15.0, 40.200007]]]}, "properties": {"Title": "Foglio 499 - BUSACHI", "DOI": "Disponibile su OAR (Clicca Link)", "URL": "https://www.openaccess-isprambiente.it/simple-search?query=Foglio+499+BUSACHI", "Location": "Italy Grid", "Type": "Official Map"}}, {"type": "Feature", "geometry": {"type": "Polygon", "coordinates": [[[15.5, 40.200007], [16.0, 40.200007], [16.0, 40.53334], [15.5, 40.53334], [15.5, 40.200007]]]}, "properties": {"Title": "Foglio 500 - ORANI", "DOI": "Disponibile su OAR (Clicca Link)", "URL": "https://www.openaccess-isprambiente.it/simple-search?query=Foglio+500+ORANI", "Location": "Italy Grid", "Type": "Official Map"}}, {"type": "Feature", "geometry": {"type": "Polygon", "coordinates": [[[16.0, 40.200007], [16.5, 40.200007], [16.5, 40.53334], [16.0, 40.53334], [16.0, 40.200007]]]}, "properties": {"Title": "Foglio 501", "DOI": "Non disponibile / In lavorazione", "URL": "https://progetto-carg.isprambiente.it/cartografia", "Location": "Italy Grid", "Type": "Official Map"}}, {"type": "Feature", "geometry": {"type": "Polygon", "coordinates": [[[16.5, 40.200007], [17.0, 40.200007], [17.0, 40.53334], [16.5, 40.53334], [16.5, 40.200007]]]}, "properties": {"Title": "Foglio 502", "DOI": "Non disponibile / In lavorazione", "URL": "https://progetto-carg.isprambiente.it/cartografia", "Location": "Italy Grid", "Type": "Official Map"}}, {"type": "Feature", "geometry": {"type": "Polygon", "coordinates": [[[17.0, 40.200007], [17.5, 40.200007], [17.5, 40.53334], [17.0, 40.53334], [17.0, 40.200007]]]}, "properties": {"Title": "Foglio 503", "DOI": "Non disponibile / In lavorazione", "URL": "https://progetto-carg.isprambiente.it/cartografia", "Location": "Italy Grid", "Type": "Official Map"}}, {"type": "Feature", "geometry": {"type": "Polygon", "coordinates": [[[17.5, 40.200007], [18.0, 40.200007], [18.0, 40.53334], [17.5, 40.53334], [17.5, 40.200007]]]}, "properties": {"Title": "Foglio 504 - SALA CONSILINA", "DOI": "Disponibile su OAR (Clicca Link)", "URL": "https://www.openaccess-isprambiente.it/simple-search?query=Foglio+504+SALA+CONSILINA", "Location": "Italy Grid", "Type": "Official Map"}}, {"type": "Feature", "geometry": {"type": "Polygon", "coordinates": [[[4.0, 39.866674], [4.5, 39.866674], [4.5, 40.200007], [4.0, 40.200007], [4.0, 39.866674]]]}, "properties": {"Title": "Foglio 505 - MOLITERNO", "DOI": "Disponibile su OAR (Clicca Link)", "URL": "https://www.openaccess-isprambiente.it/simple-search?query=Foglio+505+MOLITERNO", "Location": "Italy Grid", "Type": "Official Map"}}, {"type": "Feature", "geometry": {"type": "Polygon", "coordinates": [[[4.5, 39.866674], [5.0, 39.866674], [5.0, 40.200007], [4.5, 40.200007], [4.5, 39.866674]]]}, "properties": {"Title": "Foglio 506 - SANT'ARCANGELO", "DOI": "Disponibile su OAR (Clicca Link)", "URL": "https://www.openaccess-isprambiente.it/simple-search?query=Foglio+506+SANT'ARCANGELO", "Location": "Italy Grid", "Type": "Official Map"}}, {"type": "Feature", "geometry": {"type": "Polygon", "coordinates": [[[5.0, 39.866674], [5.5, 39.866674], [5.5, 40.200007], [5.0, 40.200007], [5.0, 39.866674]]]}, "properties": {"Title": "Foglio 507", "DOI": "Non disponibile / In lavorazione", "URL": "https://progetto-carg.isprambiente.it/cartografia", "Location": "Italy Grid", "Type": "Official Map"}}, {"type": "Feature", "geometry": {"type": "Polygon", "coordinates": [[[5.5, 39.866674], [6.0, 39.866674], [6.0, 40.200007], [5.5, 40.200007], [5.5, 39.866674]]]}, "properties": {"Title": "Foglio 508", "DOI": "Non disponibile / In lavorazione", "URL": "https://progetto-carg.isprambiente.it/cartografia", "Location": "Italy Grid", "Type": "Official Map"}}, {"type": "Feature", "geometry": {"type": "Polygon", "coordinates": [[[6.0, 39.866674], [6.5, 39.866674], [6.5, 40.200007], [6.0, 40.200007], [6.0, 39.866674]]]}, "properties": {"Title": "Foglio 509", "DOI": "Non disponibile / In lavorazione", "URL": "https://progetto-carg.isprambiente.it/cartografia", "Location": "Italy Grid", "Type": "Official Map"}}, {"type": "Feature", "geometry": {"type": "Polygon", "coordinates": [[[6.5, 39.866674], [7.0, 39.866674], [7.0, 40.200007], [6.5, 40.200007], [6.5, 39.866674]]]}, "properties": {"Title": "Foglio 510", "DOI": "Non disponibile / In lavorazione", "URL": "https://progetto-carg.isprambiente.it/cartografia", "Location": "Italy Grid", "Type": "Official Map"}}, {"type": "Feature", "geometry": {"type": "Polygon", "coordinates": [[[7.0, 39.866674], [7.5, 39.866674], [7.5, 40.200007], [7.0, 40.200007], [7.0, 39.866674]]]}, "properties": {"Title": "Foglio 511", "DOI": "Non disponibile / In lavorazione", "URL": "https://progetto-carg.isprambiente.it/cartografia", "Location": "Italy Grid", "Type": "Official Map"}}, {"type": "Feature", "geometry": {"type": "Polygon", "coordinates": [[[7.5, 39.866674], [8.0, 39.866674], [8.0, 40.200007], [7.5, 40.200007], [7.5, 39.866674]]]}, "properties": {"Title": "Foglio 512", "DOI": "Non disponibile / In lavorazione", "URL": "https://progetto-carg.isprambiente.it/cartografia", "Location": "Italy Grid", "Type": "Official Map"}}, {"type": "Feature", "geometry": {"type": "Polygon", "coordinates": [[[8.0, 39.866674], [8.5, 39.866674], [8.5, 40.200007], [8.0, 40.200007], [8.0, 39.866674]]]}, "properties": {"Title": "Foglio 513", "DOI": "Non disponibile / In lavorazione", "URL": "https://progetto-carg.isprambiente.it/cartografia", "Location": "Italy Grid", "Type": "Official Map"}}, {"type": "Feature", "geometry": {"type": "Polygon", "coordinates": [[[8.5, 39.866674], [9.0, 39.866674], [9.0, 40.200007], [8.5, 40.200007], [8.5, 39.866674]]]}, "properties": {"Title": "Foglio 514 - CABRAS", "DOI": "Disponibile su OAR (Clicca Link)", "URL": "https://www.openaccess-isprambiente.it/simple-search?query=Foglio+514+CABRAS", "Location": "Italy Grid", "Type": "Official Map"}}, {"type": "Feature", "geometry": {"type": "Polygon", "coordinates": [[[11.0, 39.866674], [11.5, 39.866674], [11.5, 40.200007], [11.0, 40.200007], [11.0, 39.866674]]]}, "properties": {"Title": "Foglio 515 - ORISTANO", "DOI": "Disponibile su OAR (Clicca Link)", "URL": "https://www.openaccess-isprambiente.it/simple-search?query=Foglio+515+ORISTANO", "Location": "Italy Grid", "Type": "Official Map"}}, {"type": "Feature", "geometry": {"type": "Polygon", "coordinates": [[[11.5, 39.866674], [12.0, 39.866674], [12.0, 40.200007], [11.5, 40.200007], [11.5, 39.866674]]]}, "properties": {"Title": "Foglio 516", "DOI": "Non disponibile / In lavorazione", "URL": "https://progetto-carg.isprambiente.it/cartografia", "Location": "Italy Grid", "Type": "Official Map"}}, {"type": "Feature", "geometry": {"type": "Polygon", "coordinates": [[[12.0, 39.866674], [12.5, 39.866674], [12.5, 40.200007], [12.0, 40.200007], [12.0, 39.866674]]]}, "properties": {"Title": "Foglio 517", "DOI": "Non disponibile / In lavorazione", "URL": "https://progetto-carg.isprambiente.it/cartografia", "Location": "Italy Grid", "Type": "Official Map"}}, {"type": "Feature", "geometry": {"type": "Polygon", "coordinates": [[[12.5, 39.866674], [13.0, 39.866674], [13.0, 40.200007], [12.5, 40.200007], [12.5, 39.866674]]]}, "properties": {"Title": "Foglio 518", "DOI": "Non disponibile / In lavorazione", "URL": "https://progetto-carg.isprambiente.it/cartografia", "Location": "Italy Grid", "Type": "Official Map"}}, {"type": "Feature", "geometry": {"type": "Polygon", "coordinates": [[[13.0, 39.866674], [13.5, 39.866674], [13.5, 40.200007], [13.0, 40.200007], [13.0, 39.866674]]]}, "properties": {"Title": "Foglio 519 - CAPO PALINURO", "DOI": "Disponibile su OAR (Clicca Link)", "URL": "https://www.openaccess-isprambiente.it/simple-search?query=Foglio+519+CAPO+PALINURO", "Location": "Italy Grid", "Type": "Official Map"}}, {"type": "Feature", "geometry": {"type": "Polygon", "coordinates": [[[13.5, 39.866674], [14.0, 39.866674], [14.0, 40.200007], [13.5, 40.200007], [13.5, 39.866674]]]}, "properties": {"Title": "Foglio 520 - SAPRI", "DOI": "Disponibile su OAR (Clicca Link)", "URL": "https://www.openaccess-isprambiente.it/simple-search?query=Foglio+520+SAPRI", "Location": "Italy Grid", "Type": "Official Map"}}, {"type": "Feature", "geometry": {"type": "Polygon", "coordinates": [[[14.0, 39.866674], [14.5, 39.866674], [14.5, 40.200007], [14.0, 40.200007], [14.0, 39.866674]]]}, "properties": {"Title": "Foglio 521 - LAURIA", "DOI": "Disponibile su OAR (Clicca Link)", "URL": "https://www.openaccess-isprambiente.it/simple-search?query=Foglio+521+LAURIA", "Location": "Italy Grid", "Type": "Official Map"}}, {"type": "Feature", "geometry": {"type": "Polygon", "coordinates": [[[14.5, 39.866674], [15.0, 39.866674], [15.0, 40.200007], [14.5, 40.200007], [14.5, 39.866674]]]}, "properties": {"Title": "Foglio 522 - SENISE", "DOI": "Disponibile su OAR (Clicca Link)", "URL": "https://www.openaccess-isprambiente.it/simple-search?query=Foglio+522+SENISE", "Location": "Italy Grid", "Type": "Official Map"}}, {"type": "Feature", "geometry": {"type": "Polygon", "coordinates": [[[15.0, 39.866674], [15.5, 39.866674], [15.5, 40.200007], [15.0, 40.200007], [15.0, 39.866674]]]}, "properties": {"Title": "Foglio 523", "DOI": "Non disponibile / In lavorazione", "URL": "https://progetto-carg.isprambiente.it/cartografia", "Location": "Italy Grid", "Type": "Official Map"}}, {"type": "Feature", "geometry": {"type": "Polygon", "coordinates": [[[15.5, 39.866674], [16.0, 39.866674], [16.0, 40.200007], [15.5, 40.200007], [15.5, 39.866674]]]}, "properties": {"Title": "Foglio 524", "DOI": "Non disponibile / In lavorazione", "URL": "https://progetto-carg.isprambiente.it/cartografia", "Location": "Italy Grid", "Type": "Official Map"}}, {"type": "Feature", "geometry": {"type": "Polygon", "coordinates": [[[16.0, 39.866674], [16.5, 39.866674], [16.5, 40.200007], [16.0, 40.200007], [16.0, 39.866674]]]}, "properties": {"Title": "Foglio 525", "DOI": "Non disponibile / In lavorazione", "URL": "https://progetto-carg.isprambiente.it/cartografia", "Location": "Italy Grid", "Type": "Official Map"}}, {"type": "Feature", "geometry": {"type": "Polygon", "coordinates": [[[16.5, 39.866674], [17.0, 39.866674], [17.0, 40.200007], [16.5, 40.200007], [16.5, 39.866674]]]}, "properties": {"Title": "Foglio 526", "DOI": "Non disponibile / In lavorazione", "URL": "https://progetto-carg.isprambiente.it/cartografia", "Location": "Italy Grid", "Type": "Official Map"}}, {"type": "Feature", "geometry": {"type": "Polygon", "coordinates": [[[17.0, 39.866674], [17.5, 39.866674], [17.5, 40.200007], [17.0, 40.200007], [17.0, 39.866674]]]}, "properties": {"Title": "Foglio 527", "DOI": "Non disponibile / In lavorazione", "URL": "https://progetto-carg.isprambiente.it/cartografia", "Location": "Italy Grid", "Type": "Official Map"}}, {"type": "Feature", "geometry": {"type": "Polygon", "coordinates": [[[17.5, 39.866674], [18.0, 39.866674], [18.0, 40.200007], [17.5, 40.200007], [17.5, 39.866674]]]}, "properties": {"Title": "Foglio 528 - ORISTANO MERIDIONALE", "DOI": "Disponibile su OAR (Clicca Link)", "URL": "https://www.openaccess-isprambiente.it/simple-search?query=Foglio+528+ORISTANO+MERIDIONALE", "Location": "Italy Grid", "Type": "Official Map"}}, {"type": "Feature", "geometry": {"type": "Polygon", "coordinates": [[[4.0, 39.533341], [4.5, 39.533341], [4.5, 39.866674], [4.0, 39.866674], [4.0, 39.533341]]]}, "properties": {"Title": "Foglio 529 - MANDAS", "DOI": "Disponibile su OAR (Clicca Link)", "URL": "https://www.openaccess-isprambiente.it/simple-search?query=Foglio+529+MANDAS", "Location": "Italy Grid", "Type": "Official Map"}}, {"type": "Feature", "geometry": {"type": "Polygon", "coordinates": [[[4.5, 39.533341], [5.0, 39.533341], [5.0, 39.866674], [4.5, 39.866674], [4.5, 39.533341]]]}, "properties": {"Title": "Foglio 530", "DOI": "Non disponibile / In lavorazione", "URL": "https://progetto-carg.isprambiente.it/cartografia", "Location": "Italy Grid", "Type": "Official Map"}}, {"type": "Feature", "geometry": {"type": "Polygon", "coordinates": [[[5.0, 39.533341], [5.5, 39.533341], [5.5, 39.866674], [5.0, 39.866674], [5.0, 39.533341]]]}, "properties": {"Title": "Foglio 531", "DOI": "Non disponibile / In lavorazione", "URL": "https://progetto-carg.isprambiente.it/cartografia", "Location": "Italy Grid", "Type": "Official Map"}}, {"type": "Feature", "geometry": {"type": "Polygon", "coordinates": [[[5.5, 39.533341], [6.0, 39.533341], [6.0, 39.866674], [5.5, 39.866674], [5.5, 39.533341]]]}, "properties": {"Title": "Foglio 532", "DOI": "Non disponibile / In lavorazione", "URL": "https://progetto-carg.isprambiente.it/cartografia", "Location": "Italy Grid", "Type": "Official Map"}}, {"type": "Feature", "geometry": {"type": "Polygon", "coordinates": [[[6.0, 39.533341], [6.5, 39.533341], [6.5, 39.866674], [6.0, 39.866674], [6.0, 39.533341]]]}, "properties": {"Title": "Foglio 533", "DOI": "Non disponibile / In lavorazione", "URL": "https://progetto-carg.isprambiente.it/cartografia", "Location": "Italy Grid", "Type": "Official Map"}}, {"type": "Feature", "geometry": {"type": "Polygon", "coordinates": [[[6.5, 39.533341], [7.0, 39.533341], [7.0, 39.866674], [6.5, 39.866674], [6.5, 39.533341]]]}, "properties": {"Title": "Foglio 534", "DOI": "Non disponibile / In lavorazione", "URL": "https://progetto-carg.isprambiente.it/cartografia", "Location": "Italy Grid", "Type": "Official Map"}}, {"type": "Feature", "geometry": {"type": "Polygon", "coordinates": [[[7.0, 39.533341], [7.5, 39.533341], [7.5, 39.866674], [7.0, 39.866674], [7.0, 39.533341]]]}, "properties": {"Title": "Foglio 535 - DIAMANTE", "DOI": "Disponibile su OAR (Clicca Link)", "URL": "https://www.openaccess-isprambiente.it/simple-search?query=Foglio+535+DIAMANTE", "Location": "Italy Grid", "Type": "Official Map"}}, {"type": "Feature", "geometry": {"type": "Polygon", "coordinates": [[[7.5, 39.533341], [8.0, 39.533341], [8.0, 39.866674], [7.5, 39.866674], [7.5, 39.533341]]]}, "properties": {"Title": "Foglio 536 - CASTROVILLARI", "DOI": "Disponibile su OAR (Clicca Link)", "URL": "https://www.openaccess-isprambiente.it/simple-search?query=Foglio+536+CASTROVILLARI", "Location": "Italy Grid", "Type": "Official Map"}}, {"type": "Feature", "geometry": {"type": "Polygon", "coordinates": [[[8.0, 39.533341], [8.5, 39.533341], [8.5, 39.866674], [8.0, 39.866674], [8.0, 39.533341]]]}, "properties": {"Title": "Foglio 537 - CASSANO ALLO IONIO", "DOI": "Disponibile su OAR (Clicca Link)", "URL": "https://www.openaccess-isprambiente.it/simple-search?query=Foglio+537+CASSANO+ALLO+IONIO", "Location": "Italy Grid", "Type": "Official Map"}}, {"type": "Feature", "geometry": {"type": "Polygon", "coordinates": [[[8.5, 39.533341], [9.0, 39.533341], [9.0, 39.866674], [8.5, 39.866674], [8.5, 39.533341]]]}, "properties": {"Title": "Foglio 538", "DOI": "Non disponibile / In lavorazione", "URL": "https://progetto-carg.isprambiente.it/cartografia", "Location": "Italy Grid", "Type": "Official Map"}}, {"type": "Feature", "geometry": {"type": "Polygon", "coordinates": [[[11.0, 39.533341], [11.5, 39.533341], [11.5, 39.866674], [11.0, 39.866674], [11.0, 39.533341]]]}, "properties": {"Title": "Foglio 539 - GUSPINI", "DOI": "Disponibile su OAR (Clicca Link)", "URL": "https://www.openaccess-isprambiente.it/simple-search?query=Foglio+539+GUSPINI", "Location": "Italy Grid", "Type": "Official Map"}}, {"type": "Feature", "geometry": {"type": "Polygon", "coordinates": [[[11.5, 39.533341], [12.0, 39.533341], [12.0, 39.866674], [11.5, 39.866674], [11.5, 39.533341]]]}, "properties": {"Title": "Foglio 540 - MANDAS", "DOI": "Disponibile su OAR (Clicca Link)", "URL": "https://www.openaccess-isprambiente.it/simple-search?query=Foglio+540+MANDAS", "Location": "Italy Grid", "Type": "Official Map"}}, {"type": "Feature", "geometry": {"type": "Polygon", "coordinates": [[[12.0, 39.533341], [12.5, 39.533341], [12.5, 39.866674], [12.0, 39.866674], [12.0, 39.533341]]]}, "properties": {"Title": "Foglio 541 - JERZU", "DOI": "Disponibile su OAR (Clicca Link)", "URL": "https://www.openaccess-isprambiente.it/simple-search?query=Foglio+541+JERZU", "Location": "Italy Grid", "Type": "Official Map"}}, {"type": "Feature", "geometry": {"type": "Polygon", "coordinates": [[[12.5, 39.533341], [13.0, 39.533341], [13.0, 39.866674], [12.5, 39.866674], [12.5, 39.533341]]]}, "properties": {"Title": "Foglio 542", "DOI": "Non disponibile / In lavorazione", "URL": "https://progetto-carg.isprambiente.it/cartografia", "Location": "Italy Grid", "Type": "Official Map"}}, {"type": "Feature", "geometry": {"type": "Polygon", "coordinates": [[[13.0, 39.533341], [13.5, 39.533341], [13.5, 39.866674], [13.0, 39.866674], [13.0, 39.533341]]]}, "properties": {"Title": "Foglio 543", "DOI": "Non disponibile / In lavorazione", "URL": "https://progetto-carg.isprambiente.it/cartografia", "Location": "Italy Grid", "Type": "Official Map"}}, {"type": "Feature", "geometry": {"type": "Polygon", "coordinates": [[[13.5, 39.533341], [14.0, 39.533341], [14.0, 39.866674], [13.5, 39.866674], [13.5, 39.533341]]]}, "properties": {"Title": "Foglio 544", "DOI": "Non disponibile / In lavorazione", "URL": "https://progetto-carg.isprambiente.it/cartografia", "Location": "Italy Grid", "Type": "Official Map"}}, {"type": "Feature", "geometry": {"type": "Polygon", "coordinates": [[[14.0, 39.533341], [14.5, 39.533341], [14.5, 39.866674], [14.0, 39.866674], [14.0, 39.533341]]]}, "properties": {"Title": "Foglio 545", "DOI": "Non disponibile / In lavorazione", "URL": "https://progetto-carg.isprambiente.it/cartografia", "Location": "Italy Grid", "Type": "Official Map"}}, {"type": "Feature", "geometry": {"type": "Polygon", "coordinates": [[[14.5, 39.533341], [15.0, 39.533341], [15.0, 39.866674], [14.5, 39.866674], [14.5, 39.533341]]]}, "properties": {"Title": "Foglio 546", "DOI": "Non disponibile / In lavorazione", "URL": "https://progetto-carg.isprambiente.it/cartografia", "Location": "Italy Grid", "Type": "Official Map"}}, {"type": "Feature", "geometry": {"type": "Polygon", "coordinates": [[[15.0, 39.533341], [15.5, 39.533341], [15.5, 39.866674], [15.0, 39.866674], [15.0, 39.533341]]]}, "properties": {"Title": "Foglio 547", "DOI": "Non disponibile / In lavorazione", "URL": "https://progetto-carg.isprambiente.it/cartografia", "Location": "Italy Grid", "Type": "Official Map"}}, {"type": "Feature", "geometry": {"type": "Polygon", "coordinates": [[[15.5, 39.533341], [16.0, 39.533341], [16.0, 39.866674], [15.5, 39.866674], [15.5, 39.533341]]]}, "properties": {"Title": "Foglio 548 - IGLESIAS", "DOI": "Disponibile su OAR (Clicca Link)", "URL": "https://www.openaccess-isprambiente.it/simple-search?query=Foglio+548+IGLESIAS", "Location": "Italy Grid", "Type": "Official Map"}}, {"type": "Feature", "geometry": {"type": "Polygon", "coordinates": [[[16.0, 39.533341], [16.5, 39.533341], [16.5, 39.866674], [16.0, 39.866674], [16.0, 39.533341]]]}, "properties": {"Title": "Foglio 549 - MURAVERA", "DOI": "Disponibile su OAR (Clicca Link)", "URL": "https://www.openaccess-isprambiente.it/simple-search?query=Foglio+549+MURAVERA", "Location": "Italy Grid", "Type": "Official Map"}}, {"type": "Feature", "geometry": {"type": "Polygon", "coordinates": [[[16.5, 39.533341], [17.0, 39.533341], [17.0, 39.866674], [16.5, 39.866674], [16.5, 39.533341]]]}, "properties": {"Title": "Foglio 550 - CETRARO", "DOI": "Disponibile su OAR (Clicca Link)", "URL": "https://www.openaccess-isprambiente.it/simple-search?query=Foglio+550+CETRARO", "Location": "Italy Grid", "Type": "Official Map"}}, {"type": "Feature", "geometry": {"type": "Polygon", "coordinates": [[[17.0, 39.533341], [17.5, 39.533341], [17.5, 39.866674], [17.0, 39.866674], [17.0, 39.533341]]]}, "properties": {"Title": "Foglio 551", "DOI": "Non disponibile / In lavorazione", "URL": "https://progetto-carg.isprambiente.it/cartografia", "Location": "Italy Grid", "Type": "Official Map"}}, {"type": "Feature", "geometry": {"type": "Polygon", "coordinates": [[[17.5, 39.533341], [18.0, 39.533341], [18.0, 39.866674], [17.5, 39.866674], [17.5, 39.533341]]]}, "properties": {"Title": "Foglio 552", "DOI": "Non disponibile / In lavorazione", "URL": "https://progetto-carg.isprambiente.it/cartografia", "Location": "Italy Grid", "Type": "Official Map"}}, {"type": "Feature", "geometry": {"type": "Polygon", "coordinates": [[[4.0, 39.200008], [4.5, 39.200008], [4.5, 39.533341], [4.0, 39.533341], [4.0, 39.200008]]]}, "properties": {"Title": "Foglio 553", "DOI": "Non disponibile / In lavorazione", "URL": "https://progetto-carg.isprambiente.it/cartografia", "Location": "Italy Grid", "Type": "Official Map"}}, {"type": "Feature", "geometry": {"type": "Polygon", "coordinates": [[[4.5, 39.200008], [5.0, 39.200008], [5.0, 39.533341], [4.5, 39.533341], [4.5, 39.200008]]]}, "properties": {"Title": "Foglio 554", "DOI": "Non disponibile / In lavorazione", "URL": "https://progetto-carg.isprambiente.it/cartografia", "Location": "Italy Grid", "Type": "Official Map"}}, {"type": "Feature", "geometry": {"type": "Polygon", "coordinates": [[[5.0, 39.200008], [5.5, 39.200008], [5.5, 39.533341], [5.0, 39.533341], [5.0, 39.200008]]]}, "properties": {"Title": "Foglio 555", "DOI": "Non disponibile / In lavorazione", "URL": "https://progetto-carg.isprambiente.it/cartografia", "Location": "Italy Grid", "Type": "Official Map"}}, {"type": "Feature", "geometry": {"type": "Polygon", "coordinates": [[[5.5, 39.200008], [6.0, 39.200008], [6.0, 39.533341], [5.5, 39.533341], [5.5, 39.200008]]]}, "properties": {"Title": "Foglio 556 - ASSEMINI", "DOI": "Disponibile su OAR (Clicca Link)", "URL": "https://www.openaccess-isprambiente.it/simple-search?query=Foglio+556+ASSEMINI", "Location": "Italy Grid", "Type": "Official Map"}}, {"type": "Feature", "geometry": {"type": "Polygon", "coordinates": [[[6.0, 39.200008], [6.5, 39.200008], [6.5, 39.533341], [6.0, 39.533341], [6.0, 39.200008]]]}, "properties": {"Title": "Foglio 557 - CAGLIARI", "DOI": "Disponibile su OAR (Clicca Link)", "URL": "https://www.openaccess-isprambiente.it/simple-search?query=Foglio+557+CAGLIARI", "Location": "Italy Grid", "Type": "Official Map"}}, {"type": "Feature", "geometry": {"type": "Polygon", "coordinates": [[[6.5, 39.200008], [7.0, 39.200008], [7.0, 39.533341], [6.5, 39.533341], [6.5, 39.200008]]]}, "properties": {"Title": "Foglio 558 - SINNAI", "DOI": "Disponibile su OAR (Clicca Link)", "URL": "https://www.openaccess-isprambiente.it/simple-search?query=Foglio+558+SINNAI", "Location": "Italy Grid", "Type": "Official Map"}}, {"type": "Feature", "geometry": {"type": "Polygon", "coordinates": [[[7.0, 39.200008], [7.5, 39.200008], [7.5, 39.533341], [7.0, 39.533341], [7.0, 39.200008]]]}, "properties": {"Title": "Foglio 559", "DOI": "Non disponibile / In lavorazione", "URL": "https://progetto-carg.isprambiente.it/cartografia", "Location": "Italy Grid", "Type": "Official Map"}}, {"type": "Feature", "geometry": {"type": "Polygon", "coordinates": [[[7.5, 39.200008], [8.0, 39.200008], [8.0, 39.533341], [7.5, 39.533341], [7.5, 39.200008]]]}, "properties": {"Title": "Foglio 560 - LAMEZIA TERME", "DOI": "Disponibile su OAR (Clicca Link)", "URL": "https://www.openaccess-isprambiente.it/simple-search?query=Foglio+560+LAMEZIA+TERME", "Location": "Italy Grid", "Type": "Official Map"}}, {"type": "Feature", "geometry": {"type": "Polygon", "coordinates": [[[8.0, 39.200008], [8.5, 39.200008], [8.5, 39.533341], [8.0, 39.533341], [8.0, 39.200008]]]}, "properties": {"Title": "Foglio 561 - SAN GIOVANNI IN FIORE", "DOI": "Disponibile su OAR (Clicca Link)", "URL": "https://www.openaccess-isprambiente.it/simple-search?query=Foglio+561+SAN+GIOVANNI+IN+FIORE", "Location": "Italy Grid", "Type": "Official Map"}}, {"type": "Feature", "geometry": {"type": "Polygon", "coordinates": [[[8.5, 39.200008], [9.0, 39.200008], [9.0, 39.533341], [8.5, 39.533341], [8.5, 39.200008]]]}, "properties": {"Title": "Foglio 562", "DOI": "Non disponibile / In lavorazione", "URL": "https://progetto-carg.isprambiente.it/cartografia", "Location": "Italy Grid", "Type": "Official Map"}}, {"type": "Feature", "geometry": {"type": "Polygon", "coordinates": [[[11.0, 39.200008], [11.5, 39.200008], [11.5, 39.533341], [11.0, 39.533341], [11.0, 39.200008]]]}, "properties": {"Title": "Foglio 563", "DOI": "Non disponibile / In lavorazione", "URL": "https://progetto-carg.isprambiente.it/cartografia", "Location": "Italy Grid", "Type": "Official Map"}}, {"type": "Feature", "geometry": {"type": "Polygon", "coordinates": [[[11.5, 39.200008], [12.0, 39.200008], [12.0, 39.533341], [11.5, 39.533341], [11.5, 39.200008]]]}, "properties": {"Title": "Foglio 564 - CARBONIA", "DOI": "Disponibile su OAR (Clicca Link)", "URL": "https://www.openaccess-isprambiente.it/simple-search?query=Foglio+564+CARBONIA", "Location": "Italy Grid", "Type": "Official Map"}}, {"type": "Feature", "geometry": {"type": "Polygon", "coordinates": [[[12.0, 39.200008], [12.5, 39.200008], [12.5, 39.533341], [12.0, 39.533341], [12.0, 39.200008]]]}, "properties": {"Title": "Foglio 565 - CAPOTERRA", "DOI": "Disponibile su OAR (Clicca Link)", "URL": "https://www.openaccess-isprambiente.it/simple-search?query=Foglio+565+CAPOTERRA", "Location": "Italy Grid", "Type": "Official Map"}}, {"type": "Feature", "geometry": {"type": "Polygon", "coordinates": [[[12.5, 39.200008], [13.0, 39.200008], [13.0, 39.533341], [12.5, 39.533341], [12.5, 39.200008]]]}, "properties": {"Title": "Foglio 566", "DOI": "Non disponibile / In lavorazione", "URL": "https://progetto-carg.isprambiente.it/cartografia", "Location": "Italy Grid", "Type": "Official Map"}}, {"type": "Feature", "geometry": {"type": "Polygon", "coordinates": [[[13.0, 39.200008], [13.5, 39.200008], [13.5, 39.533341], [13.0, 39.533341], [13.0, 39.200008]]]}, "properties": {"Title": "Foglio 567", "DOI": "Non disponibile / In lavorazione", "URL": "https://progetto-carg.isprambiente.it/cartografia", "Location": "Italy Grid", "Type": "Official Map"}}, {"type": "Feature", "geometry": {"type": "Polygon", "coordinates": [[[13.5, 39.200008], [14.0, 39.200008], [14.0, 39.533341], [13.5, 39.533341], [13.5, 39.200008]]]}, "properties": {"Title": "Foglio 568", "DOI": "Non disponibile / In lavorazione", "URL": "https://progetto-carg.isprambiente.it/cartografia", "Location": "Italy Grid", "Type": "Official Map"}}, {"type": "Feature", "geometry": {"type": "Polygon", "coordinates": [[[14.0, 39.200008], [14.5, 39.200008], [14.5, 39.533341], [14.0, 39.533341], [14.0, 39.200008]]]}, "properties": {"Title": "Foglio 569 - SOVERATO", "DOI": "Disponibile su OAR (Clicca Link)", "URL": "https://www.openaccess-isprambiente.it/simple-search?query=Foglio+569+SOVERATO", "Location": "Italy Grid", "Type": "Official Map"}}, {"type": "Feature", "geometry": {"type": "Polygon", "coordinates": [[[14.5, 39.200008], [15.0, 39.200008], [15.0, 39.533341], [14.5, 39.533341], [14.5, 39.200008]]]}, "properties": {"Title": "Foglio 570", "DOI": "Non disponibile / In lavorazione", "URL": "https://progetto-carg.isprambiente.it/cartografia", "Location": "Italy Grid", "Type": "Official Map"}}, {"type": "Feature", "geometry": {"type": "Polygon", "coordinates": [[[15.0, 39.200008], [15.5, 39.200008], [15.5, 39.533341], [15.0, 39.533341], [15.0, 39.200008]]]}, "properties": {"Title": "Foglio 571", "DOI": "Non disponibile / In lavorazione", "URL": "https://progetto-carg.isprambiente.it/cartografia", "Location": "Italy Grid", "Type": "Official Map"}}, {"type": "Feature", "geometry": {"type": "Polygon", "coordinates": [[[15.5, 39.200008], [16.0, 39.200008], [16.0, 39.533341], [15.5, 39.533341], [15.5, 39.200008]]]}, "properties": {"Title": "Foglio 572", "DOI": "Non disponibile / In lavorazione", "URL": "https://progetto-carg.isprambiente.it/cartografia", "Location": "Italy Grid", "Type": "Official Map"}}, {"type": "Feature", "geometry": {"type": "Polygon", "coordinates": [[[16.0, 39.200008], [16.5, 39.200008], [16.5, 39.533341], [16.0, 39.533341], [16.0, 39.200008]]]}, "properties": {"Title": "Foglio 573", "DOI": "Non disponibile / In lavorazione", "URL": "https://progetto-carg.isprambiente.it/cartografia", "Location": "Italy Grid", "Type": "Official Map"}}, {"type": "Feature", "geometry": {"type": "Polygon", "coordinates": [[[16.5, 39.200008], [17.0, 39.200008], [17.0, 39.533341], [16.5, 39.533341], [16.5, 39.200008]]]}, "properties": {"Title": "Foglio 574", "DOI": "Non disponibile / In lavorazione", "URL": "https://progetto-carg.isprambiente.it/cartografia", "Location": "Italy Grid", "Type": "Official Map"}}, {"type": "Feature", "geometry": {"type": "Polygon", "coordinates": [[[17.0, 39.200008], [17.5, 39.200008], [17.5, 39.533341], [17.0, 39.533341], [17.0, 39.200008]]]}, "properties": {"Title": "Foglio 575", "DOI": "Non disponibile / In lavorazione", "URL": "https://progetto-carg.isprambiente.it/cartografia", "Location": "Italy Grid", "Type": "Official Map"}}, {"type": "Feature", "geometry": {"type": "Polygon", "coordinates": [[[17.5, 39.200008], [18.0, 39.200008], [18.0, 39.533341], [17.5, 39.533341], [17.5, 39.200008]]]}, "properties": {"Title": "Foglio 576 - VIBO VALENTIA", "DOI": "Disponibile su OAR (Clicca Link)", "URL": "https://www.openaccess-isprambiente.it/simple-search?query=Foglio+576+VIBO+VALENTIA", "Location": "Italy Grid", "Type": "Official Map"}}, {"type": "Feature", "geometry": {"type": "Polygon", "coordinates": [[[6.0, 38.866675], [6.5, 38.866675], [6.5, 39.200008], [6.0, 39.200008], [6.0, 38.866675]]]}, "properties": {"Title": "Foglio 577", "DOI": "Non disponibile / In lavorazione", "URL": "https://progetto-carg.isprambiente.it/cartografia", "Location": "Italy Grid", "Type": "Official Map"}}, {"type": "Feature", "geometry": {"type": "Polygon", "coordinates": [[[6.5, 38.866675], [7.0, 38.866675], [7.0, 39.200008], [6.5, 39.200008], [6.5, 38.866675]]]}, "properties": {"Title": "Foglio 578", "DOI": "Non disponibile / In lavorazione", "URL": "https://progetto-carg.isprambiente.it/cartografia", "Location": "Italy Grid", "Type": "Official Map"}}, {"type": "Feature", "geometry": {"type": "Polygon", "coordinates": [[[7.0, 38.866675], [7.5, 38.866675], [7.5, 39.200008], [7.0, 39.200008], [7.0, 38.866675]]]}, "properties": {"Title": "Foglio 579", "DOI": "Non disponibile / In lavorazione", "URL": "https://progetto-carg.isprambiente.it/cartografia", "Location": "Italy Grid", "Type": "Official Map"}}, {"type": "Feature", "geometry": {"type": "Polygon", "coordinates": [[[7.5, 38.866675], [8.0, 38.866675], [8.0, 39.200008], [7.5, 39.200008], [7.5, 38.866675]]]}, "properties": {"Title": "Foglio 580", "DOI": "Non disponibile / In lavorazione", "URL": "https://progetto-carg.isprambiente.it/cartografia", "Location": "Italy Grid", "Type": "Official Map"}}, {"type": "Feature", "geometry": {"type": "Polygon", "coordinates": [[[8.0, 38.866675], [8.5, 38.866675], [8.5, 39.200008], [8.0, 39.200008], [8.0, 38.866675]]]}, "properties": {"Title": "Foglio 581", "DOI": "Non disponibile / In lavorazione", "URL": "https://progetto-carg.isprambiente.it/cartografia", "Location": "Italy Grid", "Type": "Official Map"}}, {"type": "Feature", "geometry": {"type": "Polygon", "coordinates": [[[8.5, 38.866675], [9.0, 38.866675], [9.0, 39.200008], [8.5, 39.200008], [8.5, 38.866675]]]}, "properties": {"Title": "Foglio 582", "DOI": "Non disponibile / In lavorazione", "URL": "https://progetto-carg.isprambiente.it/cartografia", "Location": "Italy Grid", "Type": "Official Map"}}, {"type": "Feature", "geometry": {"type": "Polygon", "coordinates": [[[9.0, 38.866675], [9.5, 38.866675], [9.5, 39.200008], [9.0, 39.200008], [9.0, 38.866675]]]}, "properties": {"Title": "Foglio 583", "DOI": "Non disponibile / In lavorazione", "URL": "https://progetto-carg.isprambiente.it/cartografia", "Location": "Italy Grid", "Type": "Official Map"}}, {"type": "Feature", "geometry": {"type": "Polygon", "coordinates": [[[9.5, 38.866675], [10.0, 38.866675], [10.0, 39.200008], [9.5, 39.200008], [9.5, 38.866675]]]}, "properties": {"Title": "Foglio 584", "DOI": "Non disponibile / In lavorazione", "URL": "https://progetto-carg.isprambiente.it/cartografia", "Location": "Italy Grid", "Type": "Official Map"}}, {"type": "Feature", "geometry": {"type": "Polygon", "coordinates": [[[10.0, 38.866675], [10.5, 38.866675], [10.5, 39.200008], [10.0, 39.200008], [10.0, 38.866675]]]}, "properties": {"Title": "Foglio 585", "DOI": "Non disponibile / In lavorazione", "URL": "https://progetto-carg.isprambiente.it/cartografia", "Location": "Italy Grid", "Type": "Official Map"}}, {"type": "Feature", "geometry": {"type": "Polygon", "coordinates": [[[10.5, 38.866675], [11.0, 38.866675], [11.0, 39.200008], [10.5, 39.200008], [10.5, 38.866675]]]}, "properties": {"Title": "Foglio 586 - SANT'AGATA DI MILITELLO", "DOI": "Disponibile su OAR (Clicca Link)", "URL": "https://www.openaccess-isprambiente.it/simple-search?query=Foglio+586+SANT'AGATA+DI+MILITELLO", "Location": "Italy Grid", "Type": "Official Map"}}, {"type": "Feature", "geometry": {"type": "Polygon", "coordinates": [[[11.0, 38.866675], [11.5, 38.866675], [11.5, 39.200008], [11.0, 39.200008], [11.0, 38.866675]]]}, "properties": {"Title": "Foglio 587", "DOI": "Non disponibile / In lavorazione", "URL": "https://progetto-carg.isprambiente.it/cartografia", "Location": "Italy Grid", "Type": "Official Map"}}, {"type": "Feature", "geometry": {"type": "Polygon", "coordinates": [[[11.5, 38.866675], [12.0, 38.866675], [12.0, 39.200008], [11.5, 39.200008], [11.5, 38.866675]]]}, "properties": {"Title": "Foglio 588", "DOI": "Non disponibile / In lavorazione", "URL": "https://progetto-carg.isprambiente.it/cartografia", "Location": "Italy Grid", "Type": "Official Map"}}, {"type": "Feature", "geometry": {"type": "Polygon", "coordinates": [[[12.0, 38.866675], [12.5, 38.866675], [12.5, 39.200008], [12.0, 39.200008], [12.0, 38.866675]]]}, "properties": {"Title": "Foglio 589", "DOI": "Non disponibile / In lavorazione", "URL": "https://progetto-carg.isprambiente.it/cartografia", "Location": "Italy Grid", "Type": "Official Map"}}, {"type": "Feature", "geometry": {"type": "Polygon", "coordinates": [[[12.5, 38.866675], [13.0, 38.866675], [13.0, 39.200008], [12.5, 39.200008], [12.5, 38.866675]]]}, "properties": {"Title": "Foglio 590", "DOI": "Non disponibile / In lavorazione", "URL": "https://progetto-carg.isprambiente.it/cartografia", "Location": "Italy Grid", "Type": "Official Map"}}, {"type": "Feature", "geometry": {"type": "Polygon", "coordinates": [[[13.0, 38.866675], [13.5, 38.866675], [13.5, 39.200008], [13.0, 39.200008], [13.0, 38.866675]]]}, "properties": {"Title": "Foglio 591", "DOI": "Non disponibile / In lavorazione", "URL": "https://progetto-carg.isprambiente.it/cartografia", "Location": "Italy Grid", "Type": "Official Map"}}, {"type": "Feature", "geometry": {"type": "Polygon", "coordinates": [[[13.5, 38.866675], [14.0, 38.866675], [14.0, 39.200008], [13.5, 39.200008], [13.5, 38.866675]]]}, "properties": {"Title": "Foglio 592", "DOI": "Non disponibile / In lavorazione", "URL": "https://progetto-carg.isprambiente.it/cartografia", "Location": "Italy Grid", "Type": "Official Map"}}, {"type": "Feature", "geometry": {"type": "Polygon", "coordinates": [[[14.0, 38.866675], [14.5, 38.866675], [14.5, 39.200008], [14.0, 39.200008], [14.0, 38.866675]]]}, "properties": {"Title": "Foglio 593", "DOI": "Non disponibile / In lavorazione", "URL": "https://progetto-carg.isprambiente.it/cartografia", "Location": "Italy Grid", "Type": "Official Map"}}, {"type": "Feature", "geometry": {"type": "Polygon", "coordinates": [[[14.5, 38.866675], [15.0, 38.866675], [15.0, 39.200008], [14.5, 39.200008], [14.5, 38.866675]]]}, "properties": {"Title": "Foglio 594", "DOI": "Non disponibile / In lavorazione", "URL": "https://progetto-carg.isprambiente.it/cartografia", "Location": "Italy Grid", "Type": "Official Map"}}, {"type": "Feature", "geometry": {"type": "Polygon", "coordinates": [[[15.0, 38.866675], [15.5, 38.866675], [15.5, 39.200008], [15.0, 39.200008], [15.0, 38.866675]]]}, "properties": {"Title": "Foglio 595 - PALERMO", "DOI": "Disponibile su OAR (Clicca Link)", "URL": "https://www.openaccess-isprambiente.it/simple-search?query=Foglio+595+PALERMO", "Location": "Italy Grid", "Type": "Official Map"}}, {"type": "Feature", "geometry": {"type": "Polygon", "coordinates": [[[15.5, 38.866675], [16.0, 38.866675], [16.0, 39.200008], [15.5, 39.200008], [15.5, 38.866675]]]}, "properties": {"Title": "Foglio 596 - CAPO PLAIA", "DOI": "Disponibile su OAR (Clicca Link)", "URL": "https://www.openaccess-isprambiente.it/simple-search?query=Foglio+596+CAPO+PLAIA", "Location": "Italy Grid", "Type": "Official Map"}}, {"type": "Feature", "geometry": {"type": "Polygon", "coordinates": [[[16.0, 38.866675], [16.5, 38.866675], [16.5, 39.200008], [16.0, 39.200008], [16.0, 38.866675]]]}, "properties": {"Title": "Foglio 597", "DOI": "Non disponibile / In lavorazione", "URL": "https://progetto-carg.isprambiente.it/cartografia", "Location": "Italy Grid", "Type": "Official Map"}}, {"type": "Feature", "geometry": {"type": "Polygon", "coordinates": [[[16.5, 38.866675], [17.0, 38.866675], [17.0, 39.200008], [16.5, 39.200008], [16.5, 38.866675]]]}, "properties": {"Title": "Foglio 598", "DOI": "Non disponibile / In lavorazione", "URL": "https://progetto-carg.isprambiente.it/cartografia", "Location": "Italy Grid", "Type": "Official Map"}}, {"type": "Feature", "geometry": {"type": "Polygon", "coordinates": [[[17.0, 38.866675], [17.5, 38.866675], [17.5, 39.200008], [17.0, 39.200008], [17.0, 38.866675]]]}, "properties": {"Title": "Foglio 599", "DOI": "Non disponibile / In lavorazione", "URL": "https://progetto-carg.isprambiente.it/cartografia", "Location": "Italy Grid", "Type": "Official Map"}}, {"type": "Feature", "geometry": {"type": "Polygon", "coordinates": [[[17.5, 38.866675], [18.0, 38.866675], [18.0, 39.200008], [17.5, 39.200008], [17.5, 38.866675]]]}, "properties": {"Title": "Foglio 600", "DOI": "Non disponibile / In lavorazione", "URL": "https://progetto-carg.isprambiente.it/cartografia", "Location": "Italy Grid", "Type": "Official Map"}}, {"type": "Feature", "geometry": {"type": "Polygon", "coordinates": [[[6.0, 38.533342], [6.5, 38.533342], [6.5, 38.866675], [6.0, 38.866675], [6.0, 38.533342]]]}, "properties": {"Title": "Foglio 601", "DOI": "Non disponibile / In lavorazione", "URL": "https://progetto-carg.isprambiente.it/cartografia", "Location": "Italy Grid", "Type": "Official Map"}}, {"type": "Feature", "geometry": {"type": "Polygon", "coordinates": [[[6.5, 38.533342], [7.0, 38.533342], [7.0, 38.866675], [6.5, 38.866675], [6.5, 38.533342]]]}, "properties": {"Title": "Foglio 602 - REGGIO DI CALABRIA", "DOI": "Disponibile su OAR (Clicca Link)", "URL": "https://www.openaccess-isprambiente.it/simple-search?query=Foglio+602+REGGIO+DI+CALABRIA", "Location": "Italy Grid", "Type": "Official Map"}}, {"type": "Feature", "geometry": {"type": "Polygon", "coordinates": [[[7.0, 38.533342], [7.5, 38.533342], [7.5, 38.866675], [7.0, 38.866675], [7.0, 38.533342]]]}, "properties": {"Title": "Foglio 603", "DOI": "Non disponibile / In lavorazione", "URL": "https://progetto-carg.isprambiente.it/cartografia", "Location": "Italy Grid", "Type": "Official Map"}}, {"type": "Feature", "geometry": {"type": "Polygon", "coordinates": [[[7.5, 38.533342], [8.0, 38.533342], [8.0, 38.866675], [7.5, 38.866675], [7.5, 38.533342]]]}, "properties": {"Title": "Foglio 604", "DOI": "Non disponibile / In lavorazione", "URL": "https://progetto-carg.isprambiente.it/cartografia", "Location": "Italy Grid", "Type": "Official Map"}}, {"type": "Feature", "geometry": {"type": "Polygon", "coordinates": [[[8.0, 38.533342], [8.5, 38.533342], [8.5, 38.866675], [8.0, 38.866675], [8.0, 38.533342]]]}, "properties": {"Title": "Foglio 605", "DOI": "Non disponibile / In lavorazione", "URL": "https://progetto-carg.isprambiente.it/cartografia", "Location": "Italy Grid", "Type": "Official Map"}}, {"type": "Feature", "geometry": {"type": "Polygon", "coordinates": [[[8.5, 38.533342], [9.0, 38.533342], [9.0, 38.866675], [8.5, 38.866675], [8.5, 38.533342]]]}, "properties": {"Title": "Foglio 606", "DOI": "Non disponibile / In lavorazione", "URL": "https://progetto-carg.isprambiente.it/cartografia", "Location": "Italy Grid", "Type": "Official Map"}}, {"type": "Feature", "geometry": {"type": "Polygon", "coordinates": [[[9.0, 38.533342], [9.5, 38.533342], [9.5, 38.866675], [9.0, 38.866675], [9.0, 38.533342]]]}, "properties": {"Title": "Foglio 607", "DOI": "Non disponibile / In lavorazione", "URL": "https://progetto-carg.isprambiente.it/cartografia", "Location": "Italy Grid", "Type": "Official Map"}}, {"type": "Feature", "geometry": {"type": "Polygon", "coordinates": [[[9.5, 38.533342], [10.0, 38.533342], [10.0, 38.866675], [9.5, 38.866675], [9.5, 38.533342]]]}, "properties": {"Title": "Foglio 608 - MESSINA", "DOI": "Disponibile su OAR (Clicca Link)", "URL": "https://www.openaccess-isprambiente.it/simple-search?query=Foglio+608+MESSINA", "Location": "Italy Grid", "Type": "Official Map"}}, {"type": "Feature", "geometry": {"type": "Polygon", "coordinates": [[[10.0, 38.533342], [10.5, 38.533342], [10.5, 38.866675], [10.0, 38.866675], [10.0, 38.533342]]]}, "properties": {"Title": "Foglio 609", "DOI": "Non disponibile / In lavorazione", "URL": "https://progetto-carg.isprambiente.it/cartografia", "Location": "Italy Grid", "Type": "Official Map"}}, {"type": "Feature", "geometry": {"type": "Polygon", "coordinates": [[[10.5, 38.533342], [11.0, 38.533342], [11.0, 38.866675], [10.5, 38.866675], [10.5, 38.533342]]]}, "properties": {"Title": "Foglio 610", "DOI": "Non disponibile / In lavorazione", "URL": "https://progetto-carg.isprambiente.it/cartografia", "Location": "Italy Grid", "Type": "Official Map"}}, {"type": "Feature", "geometry": {"type": "Polygon", "coordinates": [[[11.0, 38.533342], [11.5, 38.533342], [11.5, 38.866675], [11.0, 38.866675], [11.0, 38.533342]]]}, "properties": {"Title": "Foglio 611 - MISTRETTA", "DOI": "Disponibile su OAR (Clicca Link)", "URL": "https://www.openaccess-isprambiente.it/simple-search?query=Foglio+611+MISTRETTA", "Location": "Italy Grid", "Type": "Official Map"}}, {"type": "Feature", "geometry": {"type": "Polygon", "coordinates": [[[11.5, 38.533342], [12.0, 38.533342], [12.0, 38.866675], [11.5, 38.866675], [11.5, 38.533342]]]}, "properties": {"Title": "Foglio 612", "DOI": "Non disponibile / In lavorazione", "URL": "https://progetto-carg.isprambiente.it/cartografia", "Location": "Italy Grid", "Type": "Official Map"}}, {"type": "Feature", "geometry": {"type": "Polygon", "coordinates": [[[12.0, 38.533342], [12.5, 38.533342], [12.5, 38.866675], [12.0, 38.866675], [12.0, 38.533342]]]}, "properties": {"Title": "Foglio 613", "DOI": "Non disponibile / In lavorazione", "URL": "https://progetto-carg.isprambiente.it/cartografia", "Location": "Italy Grid", "Type": "Official Map"}}, {"type": "Feature", "geometry": {"type": "Polygon", "coordinates": [[[12.5, 38.533342], [13.0, 38.533342], [13.0, 38.866675], [12.5, 38.866675], [12.5, 38.533342]]]}, "properties": {"Title": "Foglio 614 - TERMINI IMERESE", "DOI": "Disponibile su OAR (Clicca Link)", "URL": "https://www.openaccess-isprambiente.it/simple-search?query=Foglio+614+TERMINI+IMERESE", "Location": "Italy Grid", "Type": "Official Map"}}, {"type": "Feature", "geometry": {"type": "Polygon", "coordinates": [[[13.0, 38.533342], [13.5, 38.533342], [13.5, 38.866675], [13.0, 38.866675], [13.0, 38.533342]]]}, "properties": {"Title": "Foglio 615", "DOI": "Non disponibile / In lavorazione", "URL": "https://progetto-carg.isprambiente.it/cartografia", "Location": "Italy Grid", "Type": "Official Map"}}, {"type": "Feature", "geometry": {"type": "Polygon", "coordinates": [[[13.5, 38.533342], [14.0, 38.533342], [14.0, 38.866675], [13.5, 38.866675], [13.5, 38.533342]]]}, "properties": {"Title": "Foglio 616", "DOI": "Non disponibile / In lavorazione", "URL": "https://progetto-carg.isprambiente.it/cartografia", "Location": "Italy Grid", "Type": "Official Map"}}, {"type": "Feature", "geometry": {"type": "Polygon", "coordinates": [[[14.0, 38.533342], [14.5, 38.533342], [14.5, 38.866675], [14.0, 38.866675], [14.0, 38.533342]]]}, "properties": {"Title": "Foglio 617", "DOI": "Non disponibile / In lavorazione", "URL": "https://progetto-carg.isprambiente.it/cartografia", "Location": "Italy Grid", "Type": "Official Map"}}, {"type": "Feature", "geometry": {"type": "Polygon", "coordinates": [[[14.5, 38.533342], [15.0, 38.533342], [15.0, 38.866675], [14.5, 38.866675], [14.5, 38.533342]]]}, "properties": {"Title": "Foglio 618", "DOI": "Non disponibile / In lavorazione", "URL": "https://progetto-carg.isprambiente.it/cartografia", "Location": "Italy Grid", "Type": "Official Map"}}, {"type": "Feature", "geometry": {"type": "Polygon", "coordinates": [[[15.0, 38.533342], [15.5, 38.533342], [15.5, 38.866675], [15.0, 38.866675], [15.0, 38.533342]]]}, "properties": {"Title": "Foglio 619", "DOI": "Non disponibile / In lavorazione", "URL": "https://progetto-carg.isprambiente.it/cartografia", "Location": "Italy Grid", "Type": "Official Map"}}, {"type": "Feature", "geometry": {"type": "Polygon", "coordinates": [[[15.5, 38.533342], [16.0, 38.533342], [16.0, 38.866675], [15.5, 38.866675], [15.5, 38.533342]]]}, "properties": {"Title": "Foglio 620", "DOI": "Non disponibile / In lavorazione", "URL": "https://progetto-carg.isprambiente.it/cartografia", "Location": "Italy Grid", "Type": "Official Map"}}, {"type": "Feature", "geometry": {"type": "Polygon", "coordinates": [[[16.0, 38.533342], [16.5, 38.533342], [16.5, 38.866675], [16.0, 38.866675], [16.0, 38.533342]]]}, "properties": {"Title": "Foglio 621", "DOI": "Non disponibile / In lavorazione", "URL": "https://progetto-carg.isprambiente.it/cartografia", "Location": "Italy Grid", "Type": "Official Map"}}, {"type": "Feature", "geometry": {"type": "Polygon", "coordinates": [[[16.5, 38.533342], [17.0, 38.533342], [17.0, 38.866675], [16.5, 38.866675], [16.5, 38.533342]]]}, "properties": {"Title": "Foglio 622", "DOI": "Non disponibile / In lavorazione", "URL": "https://progetto-carg.isprambiente.it/cartografia", "Location": "Italy Grid", "Type": "Official Map"}}, {"type": "Feature", "geometry": {"type": "Polygon", "coordinates": [[[17.0, 38.533342], [17.5, 38.533342], [17.5, 38.866675], [17.0, 38.866675], [17.0, 38.533342]]]}, "properties": {"Title": "Foglio 623", "DOI": "Non disponibile / In lavorazione", "URL": "https://progetto-carg.isprambiente.it/cartografia", "Location": "Italy Grid", "Type": "Official Map"}}, {"type": "Feature", "geometry": {"type": "Polygon", "coordinates": [[[17.5, 38.533342], [18.0, 38.533342], [18.0, 38.866675], [17.5, 38.866675], [17.5, 38.533342]]]}, "properties": {"Title": "Foglio 624", "DOI": "Non disponibile / In lavorazione", "URL": "https://progetto-carg.isprambiente.it/cartografia", "Location": "Italy Grid", "Type": "Official Map"}}, {"type": "Feature", "geometry": {"type": "Polygon", "coordinates": [[[6.0, 38.200009], [6.5, 38.200009], [6.5, 38.533342], [6.0, 38.533342], [6.0, 38.200009]]]}, "properties": {"Title": "Foglio 625 - ACIREALE", "DOI": "Disponibile su OAR (Clicca Link)", "URL": "https://www.openaccess-isprambiente.it/simple-search?query=Foglio+625+ACIREALE", "Location": "Italy Grid", "Type": "Official Map"}}, {"type": "Feature", "geometry": {"type": "Polygon", "coordinates": [[[6.5, 38.200009], [7.0, 38.200009], [7.0, 38.533342], [6.5, 38.533342], [6.5, 38.200009]]]}, "properties": {"Title": "Foglio 626", "DOI": "Non disponibile / In lavorazione", "URL": "https://progetto-carg.isprambiente.it/cartografia", "Location": "Italy Grid", "Type": "Official Map"}}, {"type": "Feature", "geometry": {"type": "Polygon", "coordinates": [[[7.0, 38.200009], [7.5, 38.200009], [7.5, 38.533342], [7.0, 38.533342], [7.0, 38.200009]]]}, "properties": {"Title": "Foglio 627", "DOI": "Non disponibile / In lavorazione", "URL": "https://progetto-carg.isprambiente.it/cartografia", "Location": "Italy Grid", "Type": "Official Map"}}, {"type": "Feature", "geometry": {"type": "Polygon", "coordinates": [[[7.5, 38.200009], [8.0, 38.200009], [8.0, 38.533342], [7.5, 38.533342], [7.5, 38.200009]]]}, "properties": {"Title": "Foglio 628", "DOI": "Non disponibile / In lavorazione", "URL": "https://progetto-carg.isprambiente.it/cartografia", "Location": "Italy Grid", "Type": "Official Map"}}, {"type": "Feature", "geometry": {"type": "Polygon", "coordinates": [[[8.0, 38.200009], [8.5, 38.200009], [8.5, 38.533342], [8.0, 38.533342], [8.0, 38.200009]]]}, "properties": {"Title": "Foglio 629", "DOI": "Non disponibile / In lavorazione", "URL": "https://progetto-carg.isprambiente.it/cartografia", "Location": "Italy Grid", "Type": "Official Map"}}, {"type": "Feature", "geometry": {"type": "Polygon", "coordinates": [[[8.5, 38.200009], [9.0, 38.200009], [9.0, 38.533342], [8.5, 38.533342], [8.5, 38.200009]]]}, "properties": {"Title": "Foglio 630", "DOI": "Non disponibile / In lavorazione", "URL": "https://progetto-carg.isprambiente.it/cartografia", "Location": "Italy Grid", "Type": "Official Map"}}, {"type": "Feature", "geometry": {"type": "Polygon", "coordinates": [[[9.0, 38.200009], [9.5, 38.200009], [9.5, 38.533342], [9.0, 38.533342], [9.0, 38.200009]]]}, "properties": {"Title": "Foglio 631", "DOI": "Non disponibile / In lavorazione", "URL": "https://progetto-carg.isprambiente.it/cartografia", "Location": "Italy Grid", "Type": "Official Map"}}, {"type": "Feature", "geometry": {"type": "Polygon", "coordinates": [[[9.5, 38.200009], [10.0, 38.200009], [10.0, 38.533342], [9.5, 38.533342], [9.5, 38.200009]]]}, "properties": {"Title": "Foglio 632", "DOI": "Non disponibile / In lavorazione", "URL": "https://progetto-carg.isprambiente.it/cartografia", "Location": "Italy Grid", "Type": "Official Map"}}, {"type": "Feature", "geometry": {"type": "Polygon", "coordinates": [[[10.0, 38.200009], [10.5, 38.200009], [10.5, 38.533342], [10.0, 38.533342], [10.0, 38.200009]]]}, "properties": {"Title": "Foglio 633", "DOI": "Non disponibile / In lavorazione", "URL": "https://progetto-carg.isprambiente.it/cartografia", "Location": "Italy Grid", "Type": "Official Map"}}, {"type": "Feature", "geometry": {"type": "Polygon", "coordinates": [[[10.5, 38.200009], [11.0, 38.200009], [11.0, 38.533342], [10.5, 38.533342], [10.5, 38.200009]]]}, "properties": {"Title": "Foglio 634 - CATANIA", "DOI": "Disponibile su OAR (Clicca Link)", "URL": "https://www.openaccess-isprambiente.it/simple-search?query=Foglio+634+CATANIA", "Location": "Italy Grid", "Type": "Official Map"}}, {"type": "Feature", "geometry": {"type": "Polygon", "coordinates": [[[11.0, 38.200009], [11.5, 38.200009], [11.5, 38.533342], [11.0, 38.533342], [11.0, 38.200009]]]}, "properties": {"Title": "Foglio 635", "DOI": "Non disponibile / In lavorazione", "URL": "https://progetto-carg.isprambiente.it/cartografia", "Location": "Italy Grid", "Type": "Official Map"}}, {"type": "Feature", "geometry": {"type": "Polygon", "coordinates": [[[11.5, 38.200009], [12.0, 38.200009], [12.0, 38.533342], [11.5, 38.533342], [11.5, 38.200009]]]}, "properties": {"Title": "Foglio 636", "DOI": "Non disponibile / In lavorazione", "URL": "https://progetto-carg.isprambiente.it/cartografia", "Location": "Italy Grid", "Type": "Official Map"}}, {"type": "Feature", "geometry": {"type": "Polygon", "coordinates": [[[12.0, 38.200009], [12.5, 38.200009], [12.5, 38.533342], [12.0, 38.533342], [12.0, 38.200009]]]}, "properties": {"Title": "Foglio 637", "DOI": "Non disponibile / In lavorazione", "URL": "https://progetto-carg.isprambiente.it/cartografia", "Location": "Italy Grid", "Type": "Official Map"}}, {"type": "Feature", "geometry": {"type": "Polygon", "coordinates": [[[12.5, 38.200009], [13.0, 38.200009], [13.0, 38.533342], [12.5, 38.533342], [12.5, 38.200009]]]}, "properties": {"Title": "Foglio 638 - CALTAGIRONE", "DOI": "Disponibile su OAR (Clicca Link)", "URL": "https://www.openaccess-isprambiente.it/simple-search?query=Foglio+638+CALTAGIRONE", "Location": "Italy Grid", "Type": "Official Map"}}, {"type": "Feature", "geometry": {"type": "Polygon", "coordinates": [[[13.0, 38.200009], [13.5, 38.200009], [13.5, 38.533342], [13.0, 38.533342], [13.0, 38.200009]]]}, "properties": {"Title": "Foglio 639", "DOI": "Non disponibile / In lavorazione", "URL": "https://progetto-carg.isprambiente.it/cartografia", "Location": "Italy Grid", "Type": "Official Map"}}, {"type": "Feature", "geometry": {"type": "Polygon", "coordinates": [[[13.5, 38.200009], [14.0, 38.200009], [14.0, 38.533342], [13.5, 38.533342], [13.5, 38.200009]]]}, "properties": {"Title": "Foglio 640", "DOI": "Non disponibile / In lavorazione", "URL": "https://progetto-carg.isprambiente.it/cartografia", "Location": "Italy Grid", "Type": "Official Map"}}, {"type": "Feature", "geometry": {"type": "Polygon", "coordinates": [[[14.0, 38.200009], [14.5, 38.200009], [14.5, 38.533342], [14.0, 38.533342], [14.0, 38.200009]]]}, "properties": {"Title": "Foglio 641", "DOI": "Non disponibile / In lavorazione", "URL": "https://progetto-carg.isprambiente.it/cartografia", "Location": "Italy Grid", "Type": "Official Map"}}, {"type": "Feature", "geometry": {"type": "Polygon", "coordinates": [[[14.5, 38.200009], [15.0, 38.200009], [15.0, 38.533342], [14.5, 38.533342], [14.5, 38.200009]]]}, "properties": {"Title": "Foglio 642 - GELA", "DOI": "Disponibile su OAR (Clicca Link)", "URL": "https://www.openaccess-isprambiente.it/simple-search?query=Foglio+642+GELA", "Location": "Italy Grid", "Type": "Official Map"}}, {"type": "Feature", "geometry": {"type": "Polygon", "coordinates": [[[15.0, 38.200009], [15.5, 38.200009], [15.5, 38.533342], [15.0, 38.533342], [15.0, 38.200009]]]}, "properties": {"Title": "Foglio 643 - VITTORIA", "DOI": "Disponibile su OAR (Clicca Link)", "URL": "https://www.openaccess-isprambiente.it/simple-search?query=Foglio+643+VITTORIA", "Location": "Italy Grid", "Type": "Official Map"}}, {"type": "Feature", "geometry": {"type": "Polygon", "coordinates": [[[15.5, 38.200009], [16.0, 38.200009], [16.0, 38.533342], [15.5, 38.533342], [15.5, 38.200009]]]}, "properties": {"Title": "Foglio 644", "DOI": "Non disponibile / In lavorazione", "URL": "https://progetto-carg.isprambiente.it/cartografia", "Location": "Italy Grid", "Type": "Official Map"}}, {"type": "Feature", "geometry": {"type": "Polygon", "coordinates": [[[16.0, 38.200009], [16.5, 38.200009], [16.5, 38.533342], [16.0, 38.533342], [16.0, 38.200009]]]}, "properties": {"Title": "Foglio 645", "DOI": "Non disponibile / In lavorazione", "URL": "https://progetto-carg.isprambiente.it/cartografia", "Location": "Italy Grid", "Type": "Official Map"}}, {"type": "Feature", "geometry": {"type": "Polygon", "coordinates": [[[16.5, 38.200009], [17.0, 38.200009], [17.0, 38.533342], [16.5, 38.533342], [16.5, 38.200009]]]}, "properties": {"Title": "Foglio 646", "DOI": "Non disponibile / In lavorazione", "URL": "https://progetto-carg.isprambiente.it/cartografia", "Location": "Italy Grid", "Type": "Official Map"}}, {"type": "Feature", "geometry": {"type": "Polygon", "coordinates": [[[17.0, 38.200009], [17.5, 38.200009], [17.5, 38.533342], [17.0, 38.533342], [17.0, 38.200009]]]}, "properties": {"Title": "Foglio 647", "DOI": "Non disponibile / In lavorazione", "URL": "https://progetto-carg.isprambiente.it/cartografia", "Location": "Italy Grid", "Type": "Official Map"}}, {"type": "Feature", "geometry": {"type": "Polygon", "coordinates": [[[17.5, 38.200009], [18.0, 38.200009], [18.0, 38.533342], [17.5, 38.533342], [17.5, 38.200009]]]}, "properties": {"Title": "Foglio 648 - RAGUSA", "DOI": "Disponibile su OAR (Clicca Link)", "URL": "https://www.openaccess-isprambiente.it/simple-search?query=Foglio+648+RAGUSA", "Location": "Italy Grid", "Type": "Official Map"}}, {"type": "Feature", "geometry": {"type": "Polygon", "coordinates": [[[6.0, 37.866676], [6.5, 37.866676], [6.5, 38.200009], [6.0, 38.200009], [6.0, 37.866676]]]}, "properties": {"Title": "Foglio 649", "DOI": "Non disponibile / In lavorazione", "URL": "https://progetto-carg.isprambiente.it/cartografia", "Location": "Italy Grid", "Type": "Official Map"}}, {"type": "Feature", "geometry": {"type": "Polygon", "coordinates": [[[6.5, 37.866676], [7.0, 37.866676], [7.0, 38.200009], [6.5, 38.200009], [6.5, 37.866676]]]}, "properties": {"Title": "Foglio 650", "DOI": "Non disponibile / In lavorazione", "URL": "https://progetto-carg.isprambiente.it/cartografia", "Location": "Italy Grid", "Type": "Official Map"}}, {"type": "Feature", "geometry": {"type": "Polygon", "coordinates": [[[7.0, 37.866676], [7.5, 37.866676], [7.5, 38.200009], [7.0, 38.200009], [7.0, 37.866676]]]}, "properties": {"Title": "Foglio 651", "DOI": "Non disponibile / In lavorazione", "URL": "https://progetto-carg.isprambiente.it/cartografia", "Location": "Italy Grid", "Type": "Official Map"}}, {"type": "Feature", "geometry": {"type": "Polygon", "coordinates": [[[7.5, 37.866676], [8.0, 37.866676], [8.0, 38.200009], [7.5, 38.200009], [7.5, 37.866676]]]}, "properties": {"Title": "Foglio 652 - PACHINO", "DOI": "Disponibile su OAR (Clicca Link)", "URL": "https://www.openaccess-isprambiente.it/simple-search?query=Foglio+652+PACHINO", "Location": "Italy Grid", "Type": "Official Map"}}]}