{"type": "FeatureCollection", "features": [{"type": "Feature", "geometry": {"type": "Polygon", "coordinates": [[[6.0, 46.866667], [6.5, 46.866667], [6.5, 47.2], [6.0, 47.2], [6.0, 46.866667]]]}, "properties": {"Title": "Foglio 1 - PASSO DI RESIA", "DOI": "CARG-1", "URL": "https://www.isprambiente.gov.it/Media/carg/001_PASSO_DI_RESIA/Foglio.html", "Location": "Italy Grid", "Type": "Official Map"}}, {"type": "Feature", "geometry": {"type": "Polygon", "coordinates": [[[6.5, 46.866667], [7.0, 46.866667], [7.0, 47.2], [6.5, 47.2], [6.5, 46.866667]]]}, "properties": {"Title": "Foglio 2 - CURON VENOSTA", "DOI": "CARG-2", "URL": "https://www.isprambiente.gov.it/Media/carg/002_CURON_VENOSTA/Foglio.html", "Location": "Italy Grid", "Type": "Official Map"}}, {"type": "Feature", "geometry": {"type": "Polygon", "coordinates": [[[7.0, 46.866667], [7.5, 46.866667], [7.5, 47.2], [7.0, 47.2], [7.0, 46.866667]]]}, "properties": {"Title": "Foglio 3 - VETTA D'ITALIA", "DOI": "CARG-3", "URL": "https://www.isprambiente.gov.it/Media/carg/003_VETTA_DITALIA/Foglio.html", "Location": "Italy Grid", "Type": "Official Map"}}, {"type": "Feature", "geometry": {"type": "Polygon", "coordinates": [[[7.5, 46.866667], [8.0, 46.866667], [8.0, 47.2], [7.5, 47.2], [7.5, 46.866667]]]}, "properties": {"Title": "Foglio 4 - GRAN PILASTRO", "DOI": "CARG-4", "URL": "https://www.isprambiente.gov.it/Media/carg/004_GRAN_PILASTRO/Foglio.html", "Location": "Italy Grid", "Type": "Official Map"}}, {"type": "Feature", "geometry": {"type": "Polygon", "coordinates": [[[8.0, 46.866667], [8.5, 46.866667], [8.5, 47.2], [8.0, 47.2], [8.0, 46.866667]]]}, "properties": {"Title": "Foglio 5 (In lavorazione/Non disp.)", "DOI": "CARG-5", "URL": "https://www.isprambiente.gov.it/Media/carg/index.html", "Location": "Italy Grid", "Type": "Official Map"}}, {"type": "Feature", "geometry": {"type": "Polygon", "coordinates": [[[8.5, 46.866667], [9.0, 46.866667], [9.0, 47.2], [8.5, 47.2], [8.5, 46.866667]]]}, "properties": {"Title": "Foglio 6 (In lavorazione/Non disp.)", "DOI": "CARG-6", "URL": "https://www.isprambiente.gov.it/Media/carg/index.html", "Location": "Italy Grid", "Type": "Official Map"}}, {"type": "Feature", "geometry": {"type": "Polygon", "coordinates": [[[9.0, 46.866667], [9.5, 46.866667], [9.5, 47.2], [9.0, 47.2], [9.0, 46.866667]]]}, "properties": {"Title": "Foglio 7 (In lavorazione/Non disp.)", "DOI": "CARG-7", "URL": "https://www.isprambiente.gov.it/Media/carg/index.html", "Location": "Italy Grid", "Type": "Official Map"}}, {"type": "Feature", "geometry": {"type": "Polygon", "coordinates": [[[9.5, 46.866667], [10.0, 46.866667], [10.0, 47.2], [9.5, 47.2], [9.5, 46.866667]]]}, "properties": {"Title": "Foglio 8 (In lavorazione/Non disp.)", "DOI": "CARG-8", "URL": "https://www.isprambiente.gov.it/Media/carg/index.html", "Location": "Italy Grid", "Type": "Official Map"}}, {"type": "Feature", "geometry": {"type": "Polygon", "coordinates": [[[10.0, 46.866667], [10.5, 46.866667], [10.5, 47.2], [10.0, 47.2], [10.0, 46.866667]]]}, "properties": {"Title": "Foglio 9 - CIMA PALLA BIANCA", "DOI": "CARG-9", "URL": "https://www.isprambiente.gov.it/Media/carg/009_CIMA_PALLA_BIANCA/Foglio.html", "Location": "Italy Grid", "Type": "Official Map"}}, {"type": "Feature", "geometry": {"type": "Polygon", "coordinates": [[[10.5, 46.866667], [11.0, 46.866667], [11.0, 47.2], [10.5, 47.2], [10.5, 46.866667]]]}, "properties": {"Title": "Foglio 10 - MALLES VENOSTA", "DOI": "CARG-10", "URL": "https://www.isprambiente.gov.it/Media/carg/010_MALLES_VENOSTA/Foglio.html", "Location": "Italy Grid", "Type": "Official Map"}}, {"type": "Feature", "geometry": {"type": "Polygon", "coordinates": [[[11.0, 46.866667], [11.5, 46.866667], [11.5, 47.2], [11.0, 47.2], [11.0, 46.866667]]]}, "properties": {"Title": "Foglio 11 - MERANO", "DOI": "CARG-11", "URL": "https://www.isprambiente.gov.it/Media/carg/011_MERANO/Foglio.html", "Location": "Italy Grid", "Type": "Official Map"}}, {"type": "Feature", "geometry": {"type": "Polygon", "coordinates": [[[11.5, 46.866667], [12.0, 46.866667], [12.0, 47.2], [11.5, 47.2], [11.5, 46.866667]]]}, "properties": {"Title": "Foglio 12 - BRESSANONE", "DOI": "CARG-12", "URL": "https://www.isprambiente.gov.it/Media/carg/012_BRESSANONE/Foglio.html", "Location": "Italy Grid", "Type": "Official Map"}}, {"type": "Feature", "geometry": {"type": "Polygon", "coordinates": [[[12.0, 46.866667], [12.5, 46.866667], [12.5, 47.2], [12.0, 47.2], [12.0, 46.866667]]]}, "properties": {"Title": "Foglio 13 - CAMPO TURES", "DOI": "CARG-13", "URL": "https://www.isprambiente.gov.it/Media/carg/013_CAMPO_TURES/Foglio.html", "Location": "Italy Grid", "Type": "Official Map"}}, {"type": "Feature", "geometry": {"type": "Polygon", "coordinates": [[[12.5, 46.866667], [13.0, 46.866667], [13.0, 47.2], [12.5, 47.2], [12.5, 46.866667]]]}, "properties": {"Title": "Foglio 14 - DOBBIACO", "DOI": "CARG-14", "URL": "https://www.isprambiente.gov.it/Media/carg/014_DOBBIACO/Foglio.html", "Location": "Italy Grid", "Type": "Official Map"}}, {"type": "Feature", "geometry": {"type": "Polygon", "coordinates": [[[13.0, 46.866667], [13.5, 46.866667], [13.5, 47.2], [13.0, 47.2], [13.0, 46.866667]]]}, "properties": {"Title": "Foglio 15 - VIPITENO", "DOI": "CARG-15", "URL": "https://www.isprambiente.gov.it/Media/carg/015_VIPITENO/Foglio.html", "Location": "Italy Grid", "Type": "Official Map"}}, {"type": "Feature", "geometry": {"type": "Polygon", "coordinates": [[[13.5, 46.866667], [14.0, 46.866667], [14.0, 47.2], [13.5, 47.2], [13.5, 46.866667]]]}, "properties": {"Title": "Foglio 16 - BRUNICO", "DOI": "CARG-16", "URL": "https://www.isprambiente.gov.it/Media/carg/016_BRUNICO/Foglio.html", "Location": "Italy Grid", "Type": "Official Map"}}, {"type": "Feature", "geometry": {"type": "Polygon", "coordinates": [[[14.0, 46.866667], [14.5, 46.866667], [14.5, 47.2], [14.0, 47.2], [14.0, 46.866667]]]}, "properties": {"Title": "Foglio 17 (In lavorazione/Non disp.)", "DOI": "CARG-17", "URL": "https://www.isprambiente.gov.it/Media/carg/index.html", "Location": "Italy Grid", "Type": "Official Map"}}, {"type": "Feature", "geometry": {"type": "Polygon", "coordinates": [[[14.5, 46.866667], [15.0, 46.866667], [15.0, 47.2], [14.5, 47.2], [14.5, 46.866667]]]}, "properties": {"Title": "Foglio 18 (In lavorazione/Non disp.)", "DOI": "CARG-18", "URL": "https://www.isprambiente.gov.it/Media/carg/index.html", "Location": "Italy Grid", "Type": "Official Map"}}, {"type": "Feature", "geometry": {"type": "Polygon", "coordinates": [[[15.0, 46.866667], [15.5, 46.866667], [15.5, 47.2], [15.0, 47.2], [15.0, 46.866667]]]}, "properties": {"Title": "Foglio 19 (In lavorazione/Non disp.)", "DOI": "CARG-19", "URL": "https://www.isprambiente.gov.it/Media/carg/index.html", "Location": "Italy Grid", "Type": "Official Map"}}, {"type": "Feature", "geometry": {"type": "Polygon", "coordinates": [[[15.5, 46.866667], [16.0, 46.866667], [16.0, 47.2], [15.5, 47.2], [15.5, 46.866667]]]}, "properties": {"Title": "Foglio 20 (In lavorazione/Non disp.)", "DOI": "CARG-20", "URL": "https://www.isprambiente.gov.it/Media/carg/index.html", "Location": "Italy Grid", "Type": "Official Map"}}, {"type": "Feature", "geometry": {"type": "Polygon", "coordinates": [[[16.0, 46.866667], [16.5, 46.866667], [16.5, 47.2], [16.0, 47.2], [16.0, 46.866667]]]}, "properties": {"Title": "Foglio 21 (In lavorazione/Non disp.)", "DOI": "CARG-21", "URL": "https://www.isprambiente.gov.it/Media/carg/index.html", "Location": "Italy Grid", "Type": "Official Map"}}, {"type": "Feature", "geometry": {"type": "Polygon", "coordinates": [[[16.5, 46.866667], [17.0, 46.866667], [17.0, 47.2], [16.5, 47.2], [16.5, 46.866667]]]}, "properties": {"Title": "Foglio 22 (In lavorazione/Non disp.)", "DOI": "CARG-22", "URL": "https://www.isprambiente.gov.it/Media/carg/index.html", "Location": "Italy Grid", "Type": "Official Map"}}, {"type": "Feature", "geometry": {"type": "Polygon", "coordinates": [[[17.0, 46.866667], [17.5, 46.866667], [17.5, 47.2], [17.0, 47.2], [17.0, 46.866667]]]}, "properties": {"Title": "Foglio 23 - BORMIO", "DOI": "CARG-23", "URL": "https://www.isprambiente.gov.it/Media/carg/023_BORMIO/Foglio.html", "Location": "Italy Grid", "Type": "Official Map"}}, {"type": "Feature", "geometry": {"type": "Polygon", "coordinates": [[[17.5, 46.866667], [18.0, 46.866667], [18.0, 47.2], [17.5, 47.2], [17.5, 46.866667]]]}, "properties": {"Title": "Foglio 24 - BORMIO", "DOI": "CARG-24", "URL": "https://www.isprambiente.gov.it/Media/carg/024_BORMIO/Foglio.html", "Location": "Italy Grid", "Type": "Official Map"}}, {"type": "Feature", "geometry": {"type": "Polygon", "coordinates": [[[6.0, 46.533334], [6.5, 46.533334], [6.5, 46.866667], [6.0, 46.866667], [6.0, 46.533334]]]}, "properties": {"Title": "Foglio 25 - RABBI", "DOI": "CARG-25", "URL": "https://www.isprambiente.gov.it/Media/carg/025_RABBI/Foglio.html", "Location": "Italy Grid", "Type": "Official Map"}}, {"type": "Feature", "geometry": {"type": "Polygon", "coordinates": [[[6.5, 46.533334], [7.0, 46.533334], [7.0, 46.866667], [6.5, 46.866667], [6.5, 46.533334]]]}, "properties": {"Title": "Foglio 26 - APPIANO", "DOI": "CARG-26", "URL": "https://www.isprambiente.gov.it/Media/carg/026_APPIANO/Foglio.html", "Location": "Italy Grid", "Type": "Official Map"}}, {"type": "Feature", "geometry": {"type": "Polygon", "coordinates": [[[7.0, 46.533334], [7.5, 46.533334], [7.5, 46.866667], [7.0, 46.866667], [7.0, 46.533334]]]}, "properties": {"Title": "Foglio 27 - BOLZANO", "DOI": "CARG-27", "URL": "https://www.isprambiente.gov.it/Media/carg/027_BOLZANO/Foglio.html", "Location": "Italy Grid", "Type": "Official Map"}}, {"type": "Feature", "geometry": {"type": "Polygon", "coordinates": [[[7.5, 46.533334], [8.0, 46.533334], [8.0, 46.866667], [7.5, 46.866667], [7.5, 46.533334]]]}, "properties": {"Title": "Foglio 28 - LA MARMOLADA", "DOI": "CARG-28", "URL": "https://www.isprambiente.gov.it/Media/carg/028_LA_MARMOLADA/Foglio.html", "Location": "Italy Grid", "Type": "Official Map"}}, {"type": "Feature", "geometry": {"type": "Polygon", "coordinates": [[[8.0, 46.533334], [8.5, 46.533334], [8.5, 46.866667], [8.0, 46.866667], [8.0, 46.533334]]]}, "properties": {"Title": "Foglio 29 - CORTINA D'AMPEZZO", "DOI": "CARG-29", "URL": "https://www.isprambiente.gov.it/Media/carg/029_CORTINA_DAMPEZZO/Foglio.html", "Location": "Italy Grid", "Type": "Official Map"}}, {"type": "Feature", "geometry": {"type": "Polygon", "coordinates": [[[8.5, 46.533334], [9.0, 46.533334], [9.0, 46.866667], [8.5, 46.866667], [8.5, 46.533334]]]}, "properties": {"Title": "Foglio 30 (In lavorazione/Non disp.)", "DOI": "CARG-30", "URL": "https://www.isprambiente.gov.it/Media/carg/index.html", "Location": "Italy Grid", "Type": "Official Map"}}, {"type": "Feature", "geometry": {"type": "Polygon", "coordinates": [[[9.0, 46.533334], [9.5, 46.533334], [9.5, 46.866667], [9.0, 46.866667], [9.0, 46.533334]]]}, "properties": {"Title": "Foglio 31 (In lavorazione/Non disp.)", "DOI": "CARG-31", "URL": "https://www.isprambiente.gov.it/Media/carg/index.html", "Location": "Italy Grid", "Type": "Official Map"}}, {"type": "Feature", "geometry": {"type": "Polygon", "coordinates": [[[9.5, 46.533334], [10.0, 46.533334], [10.0, 46.866667], [9.5, 46.866667], [9.5, 46.533334]]]}, "properties": {"Title": "Foglio 32 (In lavorazione/Non disp.)", "DOI": "CARG-32", "URL": "https://www.isprambiente.gov.it/Media/carg/index.html", "Location": "Italy Grid", "Type": "Official Map"}}, {"type": "Feature", "geometry": {"type": "Polygon", "coordinates": [[[10.0, 46.533334], [10.5, 46.533334], [10.5, 46.866667], [10.0, 46.866667], [10.0, 46.533334]]]}, "properties": {"Title": "Foglio 33 - BERGAMO", "DOI": "CARG-33", "URL": "https://www.isprambiente.gov.it/Media/carg/033_BERGAMO/Foglio.html", "Location": "Italy Grid", "Type": "Official Map"}}, {"type": "Feature", "geometry": {"type": "Polygon", "coordinates": [[[10.5, 46.533334], [11.0, 46.533334], [11.0, 46.866667], [10.5, 46.866667], [10.5, 46.533334]]]}, "properties": {"Title": "Foglio 34 - TRESPDA", "DOI": "CARG-34", "URL": "https://www.isprambiente.gov.it/Media/carg/034_TRESPDA/Foglio.html", "Location": "Italy Grid", "Type": "Official Map"}}, {"type": "Feature", "geometry": {"type": "Polygon", "coordinates": [[[11.0, 46.533334], [11.5, 46.533334], [11.5, 46.866667], [11.0, 46.866667], [11.0, 46.533334]]]}, "properties": {"Title": "Foglio 35 (In lavorazione/Non disp.)", "DOI": "CARG-35", "URL": "https://www.isprambiente.gov.it/Media/carg/index.html", "Location": "Italy Grid", "Type": "Official Map"}}, {"type": "Feature", "geometry": {"type": "Polygon", "coordinates": [[[11.5, 46.533334], [12.0, 46.533334], [12.0, 46.866667], [11.5, 46.866667], [11.5, 46.533334]]]}, "properties": {"Title": "Foglio 36 (In lavorazione/Non disp.)", "DOI": "CARG-36", "URL": "https://www.isprambiente.gov.it/Media/carg/index.html", "Location": "Italy Grid", "Type": "Official Map"}}, {"type": "Feature", "geometry": {"type": "Polygon", "coordinates": [[[12.0, 46.533334], [12.5, 46.533334], [12.5, 46.866667], [12.0, 46.866667], [12.0, 46.533334]]]}, "properties": {"Title": "Foglio 37 (In lavorazione/Non disp.)", "DOI": "CARG-37", "URL": "https://www.isprambiente.gov.it/Media/carg/index.html", "Location": "Italy Grid", "Type": "Official Map"}}, {"type": "Feature", "geometry": {"type": "Polygon", "coordinates": [[[12.5, 46.533334], [13.0, 46.533334], [13.0, 46.866667], [12.5, 46.866667], [12.5, 46.533334]]]}, "properties": {"Title": "Foglio 38 (In lavorazione/Non disp.)", "DOI": "CARG-38", "URL": "https://www.isprambiente.gov.it/Media/carg/index.html", "Location": "Italy Grid", "Type": "Official Map"}}, {"type": "Feature", "geometry": {"type": "Polygon", "coordinates": [[[13.0, 46.533334], [13.5, 46.533334], [13.5, 46.866667], [13.0, 46.866667], [13.0, 46.533334]]]}, "properties": {"Title": "Foglio 39 (In lavorazione/Non disp.)", "DOI": "CARG-39", "URL": "https://www.isprambiente.gov.it/Media/carg/index.html", "Location": "Italy Grid", "Type": "Official Map"}}, {"type": "Feature", "geometry": {"type": "Polygon", "coordinates": [[[13.5, 46.533334], [14.0, 46.533334], [14.0, 46.866667], [13.5, 46.866667], [13.5, 46.533334]]]}, "properties": {"Title": "Foglio 40 (In lavorazione/Non disp.)", "DOI": "CARG-40", "URL": "https://www.isprambiente.gov.it/Media/carg/index.html", "Location": "Italy Grid", "Type": "Official Map"}}, {"type": "Feature", "geometry": {"type": "Polygon", "coordinates": [[[14.0, 46.533334], [14.5, 46.533334], [14.5, 46.866667], [14.0, 46.866667], [14.0, 46.533334]]]}, "properties": {"Title": "Foglio 41 (In lavorazione/Non disp.)", "DOI": "CARG-41", "URL": "https://www.isprambiente.gov.it/Media/carg/index.html", "Location": "Italy Grid", "Type": "Official Map"}}, {"type": "Feature", "geometry": {"type": "Polygon", "coordinates": [[[14.5, 46.533334], [15.0, 46.533334], [15.0, 46.866667], [14.5, 46.866667], [14.5, 46.533334]]]}, "properties": {"Title": "Foglio 42 - COLICO", "DOI": "CARG-42", "URL": "https://www.isprambiente.gov.it/Media/carg/042_COLICO/Foglio.html", "Location": "Italy Grid", "Type": "Official Map"}}, {"type": "Feature", "geometry": {"type": "Polygon", "coordinates": [[[15.0, 46.533334], [15.5, 46.533334], [15.5, 46.866667], [15.0, 46.866667], [15.0, 46.533334]]]}, "properties": {"Title": "Foglio 43 - SONDRIO", "DOI": "CARG-43", "URL": "https://www.isprambiente.gov.it/Media/carg/043_SONDRIO/Foglio.html", "Location": "Italy Grid", "Type": "Official Map"}}, {"type": "Feature", "geometry": {"type": "Polygon", "coordinates": [[[15.5, 46.533334], [16.0, 46.533334], [16.0, 46.866667], [15.5, 46.866667], [15.5, 46.533334]]]}, "properties": {"Title": "Foglio 44 - ADAMELLO", "DOI": "CARG-44", "URL": "https://www.isprambiente.gov.it/Media/carg/044_ADAMELLO/Foglio.html", "Location": "Italy Grid", "Type": "Official Map"}}, {"type": "Feature", "geometry": {"type": "Polygon", "coordinates": [[[16.0, 46.533334], [16.5, 46.533334], [16.5, 46.866667], [16.0, 46.866667], [16.0, 46.533334]]]}, "properties": {"Title": "Foglio 45 - TIONE DI TRENTO", "DOI": "CARG-45", "URL": "https://www.isprambiente.gov.it/Media/carg/045_TIONE_DI_TRENTO/Foglio.html", "Location": "Italy Grid", "Type": "Official Map"}}, {"type": "Feature", "geometry": {"type": "Polygon", "coordinates": [[[16.5, 46.533334], [17.0, 46.533334], [17.0, 46.866667], [16.5, 46.866667], [16.5, 46.533334]]]}, "properties": {"Title": "Foglio 46 (In lavorazione/Non disp.)", "DOI": "CARG-46", "URL": "https://www.isprambiente.gov.it/Media/carg/index.html", "Location": "Italy Grid", "Type": "Official Map"}}, {"type": "Feature", "geometry": {"type": "Polygon", "coordinates": [[[17.0, 46.533334], [17.5, 46.533334], [17.5, 46.866667], [17.0, 46.866667], [17.0, 46.533334]]]}, "properties": {"Title": "Foglio 47 (In lavorazione/Non disp.)", "DOI": "CARG-47", "URL": "https://www.isprambiente.gov.it/Media/carg/index.html", "Location": "Italy Grid", "Type": "Official Map"}}, {"type": "Feature", "geometry": {"type": "Polygon", "coordinates": [[[17.5, 46.533334], [18.0, 46.533334], [18.0, 46.866667], [17.5, 46.866667], [17.5, 46.533334]]]}, "properties": {"Title": "Foglio 48 (In lavorazione/Non disp.)", "DOI": "CARG-48", "URL": "https://www.isprambiente.gov.it/Media/carg/index.html", "Location": "Italy Grid", "Type": "Official Map"}}, {"type": "Feature", "geometry": {"type": "Polygon", "coordinates": [[[6.0, 46.200001], [6.5, 46.200001], [6.5, 46.533334], [6.0, 46.533334], [6.0, 46.200001]]]}, "properties": {"Title": "Foglio 49 (In lavorazione/Non disp.)", "DOI": "CARG-49", "URL": "https://www.isprambiente.gov.it/Media/carg/index.html", "Location": "Italy Grid", "Type": "Official Map"}}, {"type": "Feature", "geometry": {"type": "Polygon", "coordinates": [[[6.5, 46.200001], [7.0, 46.200001], [7.0, 46.533334], [6.5, 46.533334], [6.5, 46.200001]]]}, "properties": {"Title": "Foglio 50 (In lavorazione/Non disp.)", "DOI": "CARG-50", "URL": "https://www.isprambiente.gov.it/Media/carg/index.html", "Location": "Italy Grid", "Type": "Official Map"}}, {"type": "Feature", "geometry": {"type": "Polygon", "coordinates": [[[7.0, 46.200001], [7.5, 46.200001], [7.5, 46.533334], [7.0, 46.533334], [7.0, 46.200001]]]}, "properties": {"Title": "Foglio 51 (In lavorazione/Non disp.)", "DOI": "CARG-51", "URL": "https://www.isprambiente.gov.it/Media/carg/index.html", "Location": "Italy Grid", "Type": "Official Map"}}, {"type": "Feature", "geometry": {"type": "Polygon", "coordinates": [[[7.5, 46.200001], [8.0, 46.200001], [8.0, 46.533334], [7.5, 46.533334], [7.5, 46.200001]]]}, "properties": {"Title": "Foglio 52 (In lavorazione/Non disp.)", "DOI": "CARG-52", "URL": "https://www.isprambiente.gov.it/Media/carg/index.html", "Location": "Italy Grid", "Type": "Official Map"}}, {"type": "Feature", "geometry": {"type": "Polygon", "coordinates": [[[8.0, 46.200001], [8.5, 46.200001], [8.5, 46.533334], [8.0, 46.533334], [8.0, 46.200001]]]}, "properties": {"Title": "Foglio 53 (In lavorazione/Non disp.)", "DOI": "CARG-53", "URL": "https://www.isprambiente.gov.it/Media/carg/index.html", "Location": "Italy Grid", "Type": "Official Map"}}, {"type": "Feature", "geometry": {"type": "Polygon", "coordinates": [[[8.5, 46.200001], [9.0, 46.200001], [9.0, 46.533334], [8.5, 46.533334], [8.5, 46.200001]]]}, "properties": {"Title": "Foglio 54 (In lavorazione/Non disp.)", "DOI": "CARG-54", "URL": "https://www.isprambiente.gov.it/Media/carg/index.html", "Location": "Italy Grid", "Type": "Official Map"}}, {"type": "Feature", "geometry": {"type": "Polygon", "coordinates": [[[9.0, 46.200001], [9.5, 46.200001], [9.5, 46.533334], [9.0, 46.533334], [9.0, 46.200001]]]}, "properties": {"Title": "Foglio 55 (In lavorazione/Non disp.)", "DOI": "CARG-55", "URL": "https://www.isprambiente.gov.it/Media/carg/index.html", "Location": "Italy Grid", "Type": "Official Map"}}, {"type": "Feature", "geometry": {"type": "Polygon", "coordinates": [[[9.5, 46.200001], [10.0, 46.200001], [10.0, 46.533334], [9.5, 46.533334], [9.5, 46.200001]]]}, "properties": {"Title": "Foglio 56 - BRESCIA", "DOI": "CARG-56", "URL": "https://www.isprambiente.gov.it/Media/carg/056_BRESCIA/Foglio.html", "Location": "Italy Grid", "Type": "Official Map"}}, {"type": "Feature", "geometry": {"type": "Polygon", "coordinates": [[[10.0, 46.200001], [10.5, 46.200001], [10.5, 46.533334], [10.0, 46.533334], [10.0, 46.200001]]]}, "properties": {"Title": "Foglio 57 - MALCESINE", "DOI": "CARG-57", "URL": "https://www.isprambiente.gov.it/Media/carg/057_MALCESINE/Foglio.html", "Location": "Italy Grid", "Type": "Official Map"}}, {"type": "Feature", "geometry": {"type": "Polygon", "coordinates": [[[10.5, 46.200001], [11.0, 46.200001], [11.0, 46.533334], [10.5, 46.533334], [10.5, 46.200001]]]}, "properties": {"Title": "Foglio 58 - ROVERETO", "DOI": "CARG-58", "URL": "https://www.isprambiente.gov.it/Media/carg/058_ROVERETO/Foglio.html", "Location": "Italy Grid", "Type": "Official Map"}}, {"type": "Feature", "geometry": {"type": "Polygon", "coordinates": [[[11.0, 46.200001], [11.5, 46.200001], [11.5, 46.533334], [11.0, 46.533334], [11.0, 46.200001]]]}, "properties": {"Title": "Foglio 59 - TRENTO", "DOI": "CARG-59", "URL": "https://www.isprambiente.gov.it/Media/carg/059_TRENTO/Foglio.html", "Location": "Italy Grid", "Type": "Official Map"}}, {"type": "Feature", "geometry": {"type": "Polygon", "coordinates": [[[11.5, 46.200001], [12.0, 46.200001], [12.0, 46.533334], [11.5, 46.533334], [11.5, 46.200001]]]}, "properties": {"Title": "Foglio 60 - LEVICO", "DOI": "CARG-60", "URL": "https://www.isprambiente.gov.it/Media/carg/060_LEVICO/Foglio.html", "Location": "Italy Grid", "Type": "Official Map"}}, {"type": "Feature", "geometry": {"type": "Polygon", "coordinates": [[[12.0, 46.200001], [12.5, 46.200001], [12.5, 46.533334], [12.0, 46.533334], [12.0, 46.200001]]]}, "properties": {"Title": "Foglio 61 (In lavorazione/Non disp.)", "DOI": "CARG-61", "URL": "https://www.isprambiente.gov.it/Media/carg/index.html", "Location": "Italy Grid", "Type": "Official Map"}}, {"type": "Feature", "geometry": {"type": "Polygon", "coordinates": [[[12.5, 46.200001], [13.0, 46.200001], [13.0, 46.533334], [12.5, 46.533334], [12.5, 46.200001]]]}, "properties": {"Title": "Foglio 62 (In lavorazione/Non disp.)", "DOI": "CARG-62", "URL": "https://www.isprambiente.gov.it/Media/carg/index.html", "Location": "Italy Grid", "Type": "Official Map"}}, {"type": "Feature", "geometry": {"type": "Polygon", "coordinates": [[[13.0, 46.200001], [13.5, 46.200001], [13.5, 46.533334], [13.0, 46.533334], [13.0, 46.200001]]]}, "properties": {"Title": "Foglio 63 - BELLUNO", "DOI": "CARG-63", "URL": "https://www.isprambiente.gov.it/Media/carg/063_BELLUNO/Foglio.html", "Location": "Italy Grid", "Type": "Official Map"}}, {"type": "Feature", "geometry": {"type": "Polygon", "coordinates": [[[13.5, 46.200001], [14.0, 46.200001], [14.0, 46.533334], [13.5, 46.533334], [13.5, 46.200001]]]}, "properties": {"Title": "Foglio 64 - ROVATO", "DOI": "CARG-64", "URL": "https://www.isprambiente.gov.it/Media/carg/064_ROVATO/Foglio.html", "Location": "Italy Grid", "Type": "Official Map"}}, {"type": "Feature", "geometry": {"type": "Polygon", "coordinates": [[[14.0, 46.200001], [14.5, 46.200001], [14.5, 46.533334], [14.0, 46.533334], [14.0, 46.200001]]]}, "properties": {"Title": "Foglio 65 - ADRO", "DOI": "CARG-65", "URL": "https://www.isprambiente.gov.it/Media/carg/065_ADRO/Foglio.html", "Location": "Italy Grid", "Type": "Official Map"}}, {"type": "Feature", "geometry": {"type": "Polygon", "coordinates": [[[14.5, 46.200001], [15.0, 46.200001], [15.0, 46.533334], [14.5, 46.533334], [14.5, 46.200001]]]}, "properties": {"Title": "Foglio 66 - UDINE", "DOI": "CARG-66", "URL": "https://www.isprambiente.gov.it/Media/carg/066_UDINE/Foglio.html", "Location": "Italy Grid", "Type": "Official Map"}}, {"type": "Feature", "geometry": {"type": "Polygon", "coordinates": [[[15.0, 46.200001], [15.5, 46.200001], [15.5, 46.533334], [15.0, 46.533334], [15.0, 46.200001]]]}, "properties": {"Title": "Foglio 67 - PORDENONE", "DOI": "CARG-67", "URL": "https://www.isprambiente.gov.it/Media/carg/067_PORDENONE/Foglio.html", "Location": "Italy Grid", "Type": "Official Map"}}, {"type": "Feature", "geometry": {"type": "Polygon", "coordinates": [[[15.5, 46.200001], [16.0, 46.200001], [16.0, 46.533334], [15.5, 46.533334], [15.5, 46.200001]]]}, "properties": {"Title": "Foglio 68 (In lavorazione/Non disp.)", "DOI": "CARG-68", "URL": "https://www.isprambiente.gov.it/Media/carg/index.html", "Location": "Italy Grid", "Type": "Official Map"}}, {"type": "Feature", "geometry": {"type": "Polygon", "coordinates": [[[16.0, 46.200001], [16.5, 46.200001], [16.5, 46.533334], [16.0, 46.533334], [16.0, 46.200001]]]}, "properties": {"Title": "Foglio 69 (In lavorazione/Non disp.)", "DOI": "CARG-69", "URL": "https://www.isprambiente.gov.it/Media/carg/index.html", "Location": "Italy Grid", "Type": "Official Map"}}, {"type": "Feature", "geometry": {"type": "Polygon", "coordinates": [[[16.5, 46.200001], [17.0, 46.200001], [17.0, 46.533334], [16.5, 46.533334], [16.5, 46.200001]]]}, "properties": {"Title": "Foglio 70 (In lavorazione/Non disp.)", "DOI": "CARG-70", "URL": "https://www.isprambiente.gov.it/Media/carg/index.html", "Location": "Italy Grid", "Type": "Official Map"}}, {"type": "Feature", "geometry": {"type": "Polygon", "coordinates": [[[17.0, 46.200001], [17.5, 46.200001], [17.5, 46.533334], [17.0, 46.533334], [17.0, 46.200001]]]}, "properties": {"Title": "Foglio 71 (In lavorazione/Non disp.)", "DOI": "CARG-71", "URL": "https://www.isprambiente.gov.it/Media/carg/index.html", "Location": "Italy Grid", "Type": "Official Map"}}, {"type": "Feature", "geometry": {"type": "Polygon", "coordinates": [[[17.5, 46.200001], [18.0, 46.200001], [18.0, 46.533334], [17.5, 46.533334], [17.5, 46.200001]]]}, "properties": {"Title": "Foglio 72 (In lavorazione/Non disp.)", "DOI": "CARG-72", "URL": "https://www.isprambiente.gov.it/Media/carg/index.html", "Location": "Italy Grid", "Type": "Official Map"}}, {"type": "Feature", "geometry": {"type": "Polygon", "coordinates": [[[6.0, 45.866668], [6.5, 45.866668], [6.5, 46.200001], [6.0, 46.200001], [6.0, 45.866668]]]}, "properties": {"Title": "Foglio 73 (In lavorazione/Non disp.)", "DOI": "CARG-73", "URL": "https://www.isprambiente.gov.it/Media/carg/index.html", "Location": "Italy Grid", "Type": "Official Map"}}, {"type": "Feature", "geometry": {"type": "Polygon", "coordinates": [[[6.5, 45.866668], [7.0, 45.866668], [7.0, 46.200001], [6.5, 46.200001], [6.5, 45.866668]]]}, "properties": {"Title": "Foglio 74 (In lavorazione/Non disp.)", "DOI": "CARG-74", "URL": "https://www.isprambiente.gov.it/Media/carg/index.html", "Location": "Italy Grid", "Type": "Official Map"}}, {"type": "Feature", "geometry": {"type": "Polygon", "coordinates": [[[7.0, 45.866668], [7.5, 45.866668], [7.5, 46.200001], [7.0, 46.200001], [7.0, 45.866668]]]}, "properties": {"Title": "Foglio 75 (In lavorazione/Non disp.)", "DOI": "CARG-75", "URL": "https://www.isprambiente.gov.it/Media/carg/index.html", "Location": "Italy Grid", "Type": "Official Map"}}, {"type": "Feature", "geometry": {"type": "Polygon", "coordinates": [[[7.5, 45.866668], [8.0, 45.866668], [8.0, 46.200001], [7.5, 46.200001], [7.5, 45.866668]]]}, "properties": {"Title": "Foglio 76 (In lavorazione/Non disp.)", "DOI": "CARG-76", "URL": "https://www.isprambiente.gov.it/Media/carg/index.html", "Location": "Italy Grid", "Type": "Official Map"}}, {"type": "Feature", "geometry": {"type": "Polygon", "coordinates": [[[8.0, 45.866668], [8.5, 45.866668], [8.5, 46.200001], [8.0, 46.200001], [8.0, 45.866668]]]}, "properties": {"Title": "Foglio 77 (In lavorazione/Non disp.)", "DOI": "CARG-77", "URL": "https://www.isprambiente.gov.it/Media/carg/index.html", "Location": "Italy Grid", "Type": "Official Map"}}, {"type": "Feature", "geometry": {"type": "Polygon", "coordinates": [[[8.5, 45.866668], [9.0, 45.866668], [9.0, 46.200001], [8.5, 46.200001], [8.5, 45.866668]]]}, "properties": {"Title": "Foglio 78 (In lavorazione/Non disp.)", "DOI": "CARG-78", "URL": "https://www.isprambiente.gov.it/Media/carg/index.html", "Location": "Italy Grid", "Type": "Official Map"}}, {"type": "Feature", "geometry": {"type": "Polygon", "coordinates": [[[9.0, 45.866668], [9.5, 45.866668], [9.5, 46.200001], [9.0, 46.200001], [9.0, 45.866668]]]}, "properties": {"Title": "Foglio 79 (In lavorazione/Non disp.)", "DOI": "CARG-79", "URL": "https://www.isprambiente.gov.it/Media/carg/index.html", "Location": "Italy Grid", "Type": "Official Map"}}, {"type": "Feature", "geometry": {"type": "Polygon", "coordinates": [[[9.5, 45.866668], [10.0, 45.866668], [10.0, 46.200001], [9.5, 46.200001], [9.5, 45.866668]]]}, "properties": {"Title": "Foglio 80 (In lavorazione/Non disp.)", "DOI": "CARG-80", "URL": "https://www.isprambiente.gov.it/Media/carg/index.html", "Location": "Italy Grid", "Type": "Official Map"}}, {"type": "Feature", "geometry": {"type": "Polygon", "coordinates": [[[10.0, 45.866668], [10.5, 45.866668], [10.5, 46.200001], [10.0, 46.200001], [10.0, 45.866668]]]}, "properties": {"Title": "Foglio 81 (In lavorazione/Non disp.)", "DOI": "CARG-81", "URL": "https://www.isprambiente.gov.it/Media/carg/index.html", "Location": "Italy Grid", "Type": "Official Map"}}, {"type": "Feature", "geometry": {"type": "Polygon", "coordinates": [[[10.5, 45.866668], [11.0, 45.866668], [11.0, 46.200001], [10.5, 46.200001], [10.5, 45.866668]]]}, "properties": {"Title": "Foglio 82 (In lavorazione/Non disp.)", "DOI": "CARG-82", "URL": "https://www.isprambiente.gov.it/Media/carg/index.html", "Location": "Italy Grid", "Type": "Official Map"}}, {"type": "Feature", "geometry": {"type": "Polygon", "coordinates": [[[11.0, 45.866668], [11.5, 45.866668], [11.5, 46.200001], [11.0, 46.200001], [11.0, 45.866668]]]}, "properties": {"Title": "Foglio 83 (In lavorazione/Non disp.)", "DOI": "CARG-83", "URL": "https://www.isprambiente.gov.it/Media/carg/index.html", "Location": "Italy Grid", "Type": "Official Map"}}, {"type": "Feature", "geometry": {"type": "Polygon", "coordinates": [[[11.5, 45.866668], [12.0, 45.866668], [12.0, 46.200001], [11.5, 46.200001], [11.5, 45.866668]]]}, "properties": {"Title": "Foglio 84 (In lavorazione/Non disp.)", "DOI": "CARG-84", "URL": "https://www.isprambiente.gov.it/Media/carg/index.html", "Location": "Italy Grid", "Type": "Official Map"}}, {"type": "Feature", "geometry": {"type": "Polygon", "coordinates": [[[12.0, 45.866668], [12.5, 45.866668], [12.5, 46.200001], [12.0, 46.200001], [12.0, 45.866668]]]}, "properties": {"Title": "Foglio 85 (In lavorazione/Non disp.)", "DOI": "CARG-85", "URL": "https://www.isprambiente.gov.it/Media/carg/index.html", "Location": "Italy Grid", "Type": "Official Map"}}, {"type": "Feature", "geometry": {"type": "Polygon", "coordinates": [[[12.5, 45.866668], [13.0, 45.866668], [13.0, 46.200001], [12.5, 46.200001], [12.5, 45.866668]]]}, "properties": {"Title": "Foglio 86 - SAN VITO AL TAGLIAMENTO", "DOI": "CARG-86", "URL": "https://www.isprambiente.gov.it/Media/carg/086_SAN_VITO_AL_TAGLIAMENTO/Foglio.html", "Location": "Italy Grid", "Type": "Official Map"}}, {"type": "Feature", "geometry": {"type": "Polygon", "coordinates": [[[13.0, 45.866668], [13.5, 45.866668], [13.5, 46.200001], [13.0, 46.200001], [13.0, 45.866668]]]}, "properties": {"Title": "Foglio 87 - GRADISCA D'ISONZO", "DOI": "CARG-87", "URL": "https://www.isprambiente.gov.it/Media/carg/087_GRADISCA_DISONZO/Foglio.html", "Location": "Italy Grid", "Type": "Official Map"}}, {"type": "Feature", "geometry": {"type": "Polygon", "coordinates": [[[13.5, 45.866668], [14.0, 45.866668], [14.0, 46.200001], [13.5, 46.200001], [13.5, 45.866668]]]}, "properties": {"Title": "Foglio 88 - TRIESTE", "DOI": "CARG-88", "URL": "https://www.isprambiente.gov.it/Media/carg/088_TRIESTE/Foglio.html", "Location": "Italy Grid", "Type": "Official Map"}}, {"type": "Feature", "geometry": {"type": "Polygon", "coordinates": [[[14.0, 45.866668], [14.5, 45.866668], [14.5, 46.200001], [14.0, 46.200001], [14.0, 45.866668]]]}, "properties": {"Title": "Foglio 89 (In lavorazione/Non disp.)", "DOI": "CARG-89", "URL": "https://www.isprambiente.gov.it/Media/carg/index.html", "Location": "Italy Grid", "Type": "Official Map"}}, {"type": "Feature", "geometry": {"type": "Polygon", "coordinates": [[[14.5, 45.866668], [15.0, 45.866668], [15.0, 46.200001], [14.5, 46.200001], [14.5, 45.866668]]]}, "properties": {"Title": "Foglio 90 (In lavorazione/Non disp.)", "DOI": "CARG-90", "URL": "https://www.isprambiente.gov.it/Media/carg/index.html", "Location": "Italy Grid", "Type": "Official Map"}}, {"type": "Feature", "geometry": {"type": "Polygon", "coordinates": [[[15.0, 45.866668], [15.5, 45.866668], [15.5, 46.200001], [15.0, 46.200001], [15.0, 45.866668]]]}, "properties": {"Title": "Foglio 91 - CHATILLON", "DOI": "CARG-91", "URL": "https://www.isprambiente.gov.it/Media/carg/091_CHATILLON/Foglio.html", "Location": "Italy Grid", "Type": "Official Map"}}, {"type": "Feature", "geometry": {"type": "Polygon", "coordinates": [[[15.5, 45.866668], [16.0, 45.866668], [16.0, 46.200001], [15.5, 46.200001], [15.5, 45.866668]]]}, "properties": {"Title": "Foglio 92 - AOSTA", "DOI": "CARG-92", "URL": "https://www.isprambiente.gov.it/Media/carg/092_AOSTA/Foglio.html", "Location": "Italy Grid", "Type": "Official Map"}}, {"type": "Feature", "geometry": {"type": "Polygon", "coordinates": [[[16.0, 45.866668], [16.5, 45.866668], [16.5, 46.200001], [16.0, 46.200001], [16.0, 45.866668]]]}, "properties": {"Title": "Foglio 93 - MORGEX", "DOI": "CARG-93", "URL": "https://www.isprambiente.gov.it/Media/carg/093_MORGEX/Foglio.html", "Location": "Italy Grid", "Type": "Official Map"}}, {"type": "Feature", "geometry": {"type": "Polygon", "coordinates": [[[16.5, 45.866668], [17.0, 45.866668], [17.0, 46.200001], [16.5, 46.200001], [16.5, 45.866668]]]}, "properties": {"Title": "Foglio 94 (In lavorazione/Non disp.)", "DOI": "CARG-94", "URL": "https://www.isprambiente.gov.it/Media/carg/index.html", "Location": "Italy Grid", "Type": "Official Map"}}, {"type": "Feature", "geometry": {"type": "Polygon", "coordinates": [[[17.0, 45.866668], [17.5, 45.866668], [17.5, 46.200001], [17.0, 46.200001], [17.0, 45.866668]]]}, "properties": {"Title": "Foglio 95 (In lavorazione/Non disp.)", "DOI": "CARG-95", "URL": "https://www.isprambiente.gov.it/Media/carg/index.html", "Location": "Italy Grid", "Type": "Official Map"}}, {"type": "Feature", "geometry": {"type": "Polygon", "coordinates": [[[17.5, 45.866668], [18.0, 45.866668], [18.0, 46.200001], [17.5, 46.200001], [17.5, 45.866668]]]}, "properties": {"Title": "Foglio 96 (In lavorazione/Non disp.)", "DOI": "CARG-96", "URL": "https://www.isprambiente.gov.it/Media/carg/index.html", "Location": "Italy Grid", "Type": "Official Map"}}, {"type": "Feature", "geometry": {"type": "Polygon", "coordinates": [[[6.0, 45.533335], [6.5, 45.533335], [6.5, 45.866668], [6.0, 45.866668], [6.0, 45.533335]]]}, "properties": {"Title": "Foglio 97 (In lavorazione/Non disp.)", "DOI": "CARG-97", "URL": "https://www.isprambiente.gov.it/Media/carg/index.html", "Location": "Italy Grid", "Type": "Official Map"}}, {"type": "Feature", "geometry": {"type": "Polygon", "coordinates": [[[6.5, 45.533335], [7.0, 45.533335], [7.0, 45.866668], [6.5, 45.866668], [6.5, 45.533335]]]}, "properties": {"Title": "Foglio 98 (In lavorazione/Non disp.)", "DOI": "CARG-98", "URL": "https://www.isprambiente.gov.it/Media/carg/index.html", "Location": "Italy Grid", "Type": "Official Map"}}, {"type": "Feature", "geometry": {"type": "Polygon", "coordinates": [[[7.0, 45.533335], [7.5, 45.533335], [7.5, 45.866668], [7.0, 45.866668], [7.0, 45.533335]]]}, "properties": {"Title": "Foglio 99 (In lavorazione/Non disp.)", "DOI": "CARG-99", "URL": "https://www.isprambiente.gov.it/Media/carg/index.html", "Location": "Italy Grid", "Type": "Official Map"}}, {"type": "Feature", "geometry": {"type": "Polygon", "coordinates": [[[7.5, 45.533335], [8.0, 45.533335], [8.0, 45.866668], [7.5, 45.866668], [7.5, 45.533335]]]}, "properties": {"Title": "Foglio 100 (In lavorazione/Non disp.)", "DOI": "CARG-100", "URL": "https://www.isprambiente.gov.it/Media/carg/index.html", "Location": "Italy Grid", "Type": "Official Map"}}, {"type": "Feature", "geometry": {"type": "Polygon", "coordinates": [[[8.0, 45.533335], [8.5, 45.533335], [8.5, 45.866668], [8.0, 45.866668], [8.0, 45.533335]]]}, "properties": {"Title": "Foglio 101 (In lavorazione/Non disp.)", "DOI": "CARG-101", "URL": "https://www.isprambiente.gov.it/Media/carg/index.html", "Location": "Italy Grid", "Type": "Official Map"}}, {"type": "Feature", "geometry": {"type": "Polygon", "coordinates": [[[8.5, 45.533335], [9.0, 45.533335], [9.0, 45.866668], [8.5, 45.866668], [8.5, 45.533335]]]}, "properties": {"Title": "Foglio 102 (In lavorazione/Non disp.)", "DOI": "CARG-102", "URL": "https://www.isprambiente.gov.it/Media/carg/index.html", "Location": "Italy Grid", "Type": "Official Map"}}, {"type": "Feature", "geometry": {"type": "Polygon", "coordinates": [[[9.0, 45.533335], [9.5, 45.533335], [9.5, 45.866668], [9.0, 45.866668], [9.0, 45.533335]]]}, "properties": {"Title": "Foglio 103 (In lavorazione/Non disp.)", "DOI": "CARG-103", "URL": "https://www.isprambiente.gov.it/Media/carg/index.html", "Location": "Italy Grid", "Type": "Official Map"}}, {"type": "Feature", "geometry": {"type": "Polygon", "coordinates": [[[9.5, 45.533335], [10.0, 45.533335], [10.0, 45.866668], [9.5, 45.866668], [9.5, 45.533335]]]}, "properties": {"Title": "Foglio 104 (In lavorazione/Non disp.)", "DOI": "CARG-104", "URL": "https://www.isprambiente.gov.it/Media/carg/index.html", "Location": "Italy Grid", "Type": "Official Map"}}, {"type": "Feature", "geometry": {"type": "Polygon", "coordinates": [[[10.0, 45.533335], [10.5, 45.533335], [10.5, 45.866668], [10.0, 45.866668], [10.0, 45.533335]]]}, "properties": {"Title": "Foglio 105 (In lavorazione/Non disp.)", "DOI": "CARG-105", "URL": "https://www.isprambiente.gov.it/Media/carg/index.html", "Location": "Italy Grid", "Type": "Official Map"}}, {"type": "Feature", "geometry": {"type": "Polygon", "coordinates": [[[10.5, 45.533335], [11.0, 45.533335], [11.0, 45.866668], [10.5, 45.866668], [10.5, 45.533335]]]}, "properties": {"Title": "Foglio 106 (In lavorazione/Non disp.)", "DOI": "CARG-106", "URL": "https://www.isprambiente.gov.it/Media/carg/index.html", "Location": "Italy Grid", "Type": "Official Map"}}, {"type": "Feature", "geometry": {"type": "Polygon", "coordinates": [[[11.0, 45.533335], [11.5, 45.533335], [11.5, 45.866668], [11.0, 45.866668], [11.0, 45.533335]]]}, "properties": {"Title": "Foglio 107 (In lavorazione/Non disp.)", "DOI": "CARG-107", "URL": "https://www.isprambiente.gov.it/Media/carg/index.html", "Location": "Italy Grid", "Type": "Official Map"}}, {"type": "Feature", "geometry": {"type": "Polygon", "coordinates": [[[11.5, 45.533335], [12.0, 45.533335], [12.0, 45.866668], [11.5, 45.866668], [11.5, 45.533335]]]}, "properties": {"Title": "Foglio 108 (In lavorazione/Non disp.)", "DOI": "CARG-108", "URL": "https://www.isprambiente.gov.it/Media/carg/index.html", "Location": "Italy Grid", "Type": "Official Map"}}, {"type": "Feature", "geometry": {"type": "Polygon", "coordinates": [[[12.0, 45.533335], [12.5, 45.533335], [12.5, 45.866668], [12.0, 45.866668], [12.0, 45.533335]]]}, "properties": {"Title": "Foglio 109 (In lavorazione/Non disp.)", "DOI": "CARG-109", "URL": "https://www.isprambiente.gov.it/Media/carg/index.html", "Location": "Italy Grid", "Type": "Official Map"}}, {"type": "Feature", "geometry": {"type": "Polygon", "coordinates": [[[12.5, 45.533335], [13.0, 45.533335], [13.0, 45.866668], [12.5, 45.866668], [12.5, 45.533335]]]}, "properties": {"Title": "Foglio 110 (In lavorazione/Non disp.)", "DOI": "CARG-110", "URL": "https://www.isprambiente.gov.it/Media/carg/index.html", "Location": "Italy Grid", "Type": "Official Map"}}, {"type": "Feature", "geometry": {"type": "Polygon", "coordinates": [[[13.0, 45.533335], [13.5, 45.533335], [13.5, 45.866668], [13.0, 45.866668], [13.0, 45.533335]]]}, "properties": {"Title": "Foglio 111 (In lavorazione/Non disp.)", "DOI": "CARG-111", "URL": "https://www.isprambiente.gov.it/Media/carg/index.html", "Location": "Italy Grid", "Type": "Official Map"}}, {"type": "Feature", "geometry": {"type": "Polygon", "coordinates": [[[13.5, 45.533335], [14.0, 45.533335], [14.0, 45.866668], [13.5, 45.866668], [13.5, 45.533335]]]}, "properties": {"Title": "Foglio 112 (In lavorazione/Non disp.)", "DOI": "CARG-112", "URL": "https://www.isprambiente.gov.it/Media/carg/index.html", "Location": "Italy Grid", "Type": "Official Map"}}, {"type": "Feature", "geometry": {"type": "Polygon", "coordinates": [[[14.0, 45.533335], [14.5, 45.533335], [14.5, 45.866668], [14.0, 45.866668], [14.0, 45.533335]]]}, "properties": {"Title": "Foglio 113 (In lavorazione/Non disp.)", "DOI": "CARG-113", "URL": "https://www.isprambiente.gov.it/Media/carg/index.html", "Location": "Italy Grid", "Type": "Official Map"}}, {"type": "Feature", "geometry": {"type": "Polygon", "coordinates": [[[14.5, 45.533335], [15.0, 45.533335], [15.0, 45.866668], [14.5, 45.866668], [14.5, 45.533335]]]}, "properties": {"Title": "Foglio 114 (In lavorazione/Non disp.)", "DOI": "CARG-114", "URL": "https://www.isprambiente.gov.it/Media/carg/index.html", "Location": "Italy Grid", "Type": "Official Map"}}, {"type": "Feature", "geometry": {"type": "Polygon", "coordinates": [[[15.0, 45.533335], [15.5, 45.533335], [15.5, 45.866668], [15.0, 45.866668], [15.0, 45.533335]]]}, "properties": {"Title": "Foglio 115 (In lavorazione/Non disp.)", "DOI": "CARG-115", "URL": "https://www.isprambiente.gov.it/Media/carg/index.html", "Location": "Italy Grid", "Type": "Official Map"}}, {"type": "Feature", "geometry": {"type": "Polygon", "coordinates": [[[15.5, 45.533335], [16.0, 45.533335], [16.0, 45.866668], [15.5, 45.866668], [15.5, 45.533335]]]}, "properties": {"Title": "Foglio 116 (In lavorazione/Non disp.)", "DOI": "CARG-116", "URL": "https://www.isprambiente.gov.it/Media/carg/index.html", "Location": "Italy Grid", "Type": "Official Map"}}, {"type": "Feature", "geometry": {"type": "Polygon", "coordinates": [[[16.0, 45.533335], [16.5, 45.533335], [16.5, 45.866668], [16.0, 45.866668], [16.0, 45.533335]]]}, "properties": {"Title": "Foglio 117 (In lavorazione/Non disp.)", "DOI": "CARG-117", "URL": "https://www.isprambiente.gov.it/Media/carg/index.html", "Location": "Italy Grid", "Type": "Official Map"}}, {"type": "Feature", "geometry": {"type": "Polygon", "coordinates": [[[16.5, 45.533335], [17.0, 45.533335], [17.0, 45.866668], [16.5, 45.866668], [16.5, 45.533335]]]}, "properties": {"Title": "Foglio 118 - MILANO", "DOI": "CARG-118", "URL": "https://www.isprambiente.gov.it/Media/carg/118_MILANO/Foglio.html", "Location": "Italy Grid", "Type": "Official Map"}}, {"type": "Feature", "geometry": {"type": "Polygon", "coordinates": [[[17.0, 45.533335], [17.5, 45.533335], [17.5, 45.866668], [17.0, 45.866668], [17.0, 45.533335]]]}, "properties": {"Title": "Foglio 119 - TREVIGLIO", "DOI": "CARG-119", "URL": "https://www.isprambiente.gov.it/Media/carg/119_TREVIGLIO/Foglio.html", "Location": "Italy Grid", "Type": "Official Map"}}, {"type": "Feature", "geometry": {"type": "Polygon", "coordinates": [[[17.5, 45.533335], [18.0, 45.533335], [18.0, 45.866668], [17.5, 45.866668], [17.5, 45.533335]]]}, "properties": {"Title": "Foglio 120 - CHIARI", "DOI": "CARG-120", "URL": "https://www.isprambiente.gov.it/Media/carg/120_CHIARI/Foglio.html", "Location": "Italy Grid", "Type": "Official Map"}}, {"type": "Feature", "geometry": {"type": "Polygon", "coordinates": [[[6.0, 45.200002], [6.5, 45.200002], [6.5, 45.533335], [6.0, 45.533335], [6.0, 45.200002]]]}, "properties": {"Title": "Foglio 121 - SALO", "DOI": "CARG-121", "URL": "https://www.isprambiente.gov.it/Media/carg/121_SALO/Foglio.html", "Location": "Italy Grid", "Type": "Official Map"}}, {"type": "Feature", "geometry": {"type": "Polygon", "coordinates": [[[6.5, 45.200002], [7.0, 45.200002], [7.0, 45.533335], [6.5, 45.533335], [6.5, 45.200002]]]}, "properties": {"Title": "Foglio 122 (In lavorazione/Non disp.)", "DOI": "CARG-122", "URL": "https://www.isprambiente.gov.it/Media/carg/index.html", "Location": "Italy Grid", "Type": "Official Map"}}, {"type": "Feature", "geometry": {"type": "Polygon", "coordinates": [[[7.0, 45.200002], [7.5, 45.200002], [7.5, 45.533335], [7.0, 45.533335], [7.0, 45.200002]]]}, "properties": {"Title": "Foglio 123 (In lavorazione/Non disp.)", "DOI": "CARG-123", "URL": "https://www.isprambiente.gov.it/Media/carg/index.html", "Location": "Italy Grid", "Type": "Official Map"}}, {"type": "Feature", "geometry": {"type": "Polygon", "coordinates": [[[7.5, 45.200002], [8.0, 45.200002], [8.0, 45.533335], [7.5, 45.533335], [7.5, 45.200002]]]}, "properties": {"Title": "Foglio 124 (In lavorazione/Non disp.)", "DOI": "CARG-124", "URL": "https://www.isprambiente.gov.it/Media/carg/index.html", "Location": "Italy Grid", "Type": "Official Map"}}, {"type": "Feature", "geometry": {"type": "Polygon", "coordinates": [[[8.0, 45.200002], [8.5, 45.200002], [8.5, 45.533335], [8.0, 45.533335], [8.0, 45.200002]]]}, "properties": {"Title": "Foglio 125 (In lavorazione/Non disp.)", "DOI": "CARG-125", "URL": "https://www.isprambiente.gov.it/Media/carg/index.html", "Location": "Italy Grid", "Type": "Official Map"}}, {"type": "Feature", "geometry": {"type": "Polygon", "coordinates": [[[8.5, 45.200002], [9.0, 45.200002], [9.0, 45.533335], [8.5, 45.533335], [8.5, 45.200002]]]}, "properties": {"Title": "Foglio 126 (In lavorazione/Non disp.)", "DOI": "CARG-126", "URL": "https://www.isprambiente.gov.it/Media/carg/index.html", "Location": "Italy Grid", "Type": "Official Map"}}, {"type": "Feature", "geometry": {"type": "Polygon", "coordinates": [[[9.0, 45.200002], [9.5, 45.200002], [9.5, 45.533335], [9.0, 45.533335], [9.0, 45.200002]]]}, "properties": {"Title": "Foglio 127 (In lavorazione/Non disp.)", "DOI": "CARG-127", "URL": "https://www.isprambiente.gov.it/Media/carg/index.html", "Location": "Italy Grid", "Type": "Official Map"}}, {"type": "Feature", "geometry": {"type": "Polygon", "coordinates": [[[9.5, 45.200002], [10.0, 45.200002], [10.0, 45.533335], [9.5, 45.533335], [9.5, 45.200002]]]}, "properties": {"Title": "Foglio 128 - VENEZIA", "DOI": "CARG-128", "URL": "https://www.isprambiente.gov.it/Media/carg/128_VENEZIA/Foglio.html", "Location": "Italy Grid", "Type": "Official Map"}}, {"type": "Feature", "geometry": {"type": "Polygon", "coordinates": [[[10.0, 45.200002], [10.5, 45.200002], [10.5, 45.533335], [10.0, 45.533335], [10.0, 45.200002]]]}, "properties": {"Title": "Foglio 129 (In lavorazione/Non disp.)", "DOI": "CARG-129", "URL": "https://www.isprambiente.gov.it/Media/carg/index.html", "Location": "Italy Grid", "Type": "Official Map"}}, {"type": "Feature", "geometry": {"type": "Polygon", "coordinates": [[[10.5, 45.200002], [11.0, 45.200002], [11.0, 45.533335], [10.5, 45.533335], [10.5, 45.200002]]]}, "properties": {"Title": "Foglio 130 (In lavorazione/Non disp.)", "DOI": "CARG-130", "URL": "https://www.isprambiente.gov.it/Media/carg/index.html", "Location": "Italy Grid", "Type": "Official Map"}}, {"type": "Feature", "geometry": {"type": "Polygon", "coordinates": [[[11.0, 45.200002], [11.5, 45.200002], [11.5, 45.533335], [11.0, 45.533335], [11.0, 45.200002]]]}, "properties": {"Title": "Foglio 131 (In lavorazione/Non disp.)", "DOI": "CARG-131", "URL": "https://www.isprambiente.gov.it/Media/carg/index.html", "Location": "Italy Grid", "Type": "Official Map"}}, {"type": "Feature", "geometry": {"type": "Polygon", "coordinates": [[[11.5, 45.200002], [12.0, 45.200002], [12.0, 45.533335], [11.5, 45.533335], [11.5, 45.200002]]]}, "properties": {"Title": "Foglio 132 (In lavorazione/Non disp.)", "DOI": "CARG-132", "URL": "https://www.isprambiente.gov.it/Media/carg/index.html", "Location": "Italy Grid", "Type": "Official Map"}}, {"type": "Feature", "geometry": {"type": "Polygon", "coordinates": [[[12.0, 45.200002], [12.5, 45.200002], [12.5, 45.533335], [12.0, 45.533335], [12.0, 45.200002]]]}, "properties": {"Title": "Foglio 133 - VIMERCATE", "DOI": "CARG-133", "URL": "https://www.isprambiente.gov.it/Media/carg/133_VIMERCATE/Foglio.html", "Location": "Italy Grid", "Type": "Official Map"}}, {"type": "Feature", "geometry": {"type": "Polygon", "coordinates": [[[12.5, 45.200002], [13.0, 45.200002], [13.0, 45.533335], [12.5, 45.533335], [12.5, 45.200002]]]}, "properties": {"Title": "Foglio 134 - CREMA", "DOI": "CARG-134", "URL": "https://www.isprambiente.gov.it/Media/carg/134_CREMA/Foglio.html", "Location": "Italy Grid", "Type": "Official Map"}}, {"type": "Feature", "geometry": {"type": "Polygon", "coordinates": [[[13.0, 45.200002], [13.5, 45.200002], [13.5, 45.533335], [13.0, 45.533335], [13.0, 45.200002]]]}, "properties": {"Title": "Foglio 135 (In lavorazione/Non disp.)", "DOI": "CARG-135", "URL": "https://www.isprambiente.gov.it/Media/carg/index.html", "Location": "Italy Grid", "Type": "Official Map"}}, {"type": "Feature", "geometry": {"type": "Polygon", "coordinates": [[[13.5, 45.200002], [14.0, 45.200002], [14.0, 45.533335], [13.5, 45.533335], [13.5, 45.200002]]]}, "properties": {"Title": "Foglio 136 (In lavorazione/Non disp.)", "DOI": "CARG-136", "URL": "https://www.isprambiente.gov.it/Media/carg/index.html", "Location": "Italy Grid", "Type": "Official Map"}}, {"type": "Feature", "geometry": {"type": "Polygon", "coordinates": [[[14.0, 45.200002], [14.5, 45.200002], [14.5, 45.533335], [14.0, 45.533335], [14.0, 45.200002]]]}, "properties": {"Title": "Foglio 137 (In lavorazione/Non disp.)", "DOI": "CARG-137", "URL": "https://www.isprambiente.gov.it/Media/carg/index.html", "Location": "Italy Grid", "Type": "Official Map"}}, {"type": "Feature", "geometry": {"type": "Polygon", "coordinates": [[[14.5, 45.200002], [15.0, 45.200002], [15.0, 45.533335], [14.5, 45.533335], [14.5, 45.200002]]]}, "properties": {"Title": "Foglio 138 (In lavorazione/Non disp.)", "DOI": "CARG-138", "URL": "https://www.isprambiente.gov.it/Media/carg/index.html", "Location": "Italy Grid", "Type": "Official Map"}}, {"type": "Feature", "geometry": {"type": "Polygon", "coordinates": [[[15.0, 45.200002], [15.5, 45.200002], [15.5, 45.533335], [15.0, 45.533335], [15.0, 45.200002]]]}, "properties": {"Title": "Foglio 139 - GRADO", "DOI": "CARG-139", "URL": "https://www.isprambiente.gov.it/Media/carg/139_GRADO/Foglio.html", "Location": "Italy Grid", "Type": "Official Map"}}, {"type": "Feature", "geometry": {"type": "Polygon", "coordinates": [[[15.5, 45.200002], [16.0, 45.200002], [16.0, 45.533335], [15.5, 45.533335], [15.5, 45.200002]]]}, "properties": {"Title": "Foglio 140 (In lavorazione/Non disp.)", "DOI": "CARG-140", "URL": "https://www.isprambiente.gov.it/Media/carg/index.html", "Location": "Italy Grid", "Type": "Official Map"}}, {"type": "Feature", "geometry": {"type": "Polygon", "coordinates": [[[16.0, 45.200002], [16.5, 45.200002], [16.5, 45.533335], [16.0, 45.533335], [16.0, 45.200002]]]}, "properties": {"Title": "Foglio 141 (In lavorazione/Non disp.)", "DOI": "CARG-141", "URL": "https://www.isprambiente.gov.it/Media/carg/index.html", "Location": "Italy Grid", "Type": "Official Map"}}, {"type": "Feature", "geometry": {"type": "Polygon", "coordinates": [[[16.5, 45.200002], [17.0, 45.200002], [17.0, 45.533335], [16.5, 45.533335], [16.5, 45.200002]]]}, "properties": {"Title": "Foglio 142 (In lavorazione/Non disp.)", "DOI": "CARG-142", "URL": "https://www.isprambiente.gov.it/Media/carg/index.html", "Location": "Italy Grid", "Type": "Official Map"}}, {"type": "Feature", "geometry": {"type": "Polygon", "coordinates": [[[17.0, 45.200002], [17.5, 45.200002], [17.5, 45.533335], [17.0, 45.533335], [17.0, 45.200002]]]}, "properties": {"Title": "Foglio 143 (In lavorazione/Non disp.)", "DOI": "CARG-143", "URL": "https://www.isprambiente.gov.it/Media/carg/index.html", "Location": "Italy Grid", "Type": "Official Map"}}, {"type": "Feature", "geometry": {"type": "Polygon", "coordinates": [[[17.5, 45.200002], [18.0, 45.200002], [18.0, 45.533335], [17.5, 45.533335], [17.5, 45.200002]]]}, "properties": {"Title": "Foglio 144 (In lavorazione/Non disp.)", "DOI": "CARG-144", "URL": "https://www.isprambiente.gov.it/Media/carg/index.html", "Location": "Italy Grid", "Type": "Official Map"}}, {"type": "Feature", "geometry": {"type": "Polygon", "coordinates": [[[6.0, 44.866669], [6.5, 44.866669], [6.5, 45.200002], [6.0, 45.200002], [6.0, 44.866669]]]}, "properties": {"Title": "Foglio 145 (In lavorazione/Non disp.)", "DOI": "CARG-145", "URL": "https://www.isprambiente.gov.it/Media/carg/index.html", "Location": "Italy Grid", "Type": "Official Map"}}, {"type": "Feature", "geometry": {"type": "Polygon", "coordinates": [[[6.5, 44.866669], [7.0, 44.866669], [7.0, 45.200002], [6.5, 45.200002], [6.5, 44.866669]]]}, "properties": {"Title": "Foglio 146 (In lavorazione/Non disp.)", "DOI": "CARG-146", "URL": "https://www.isprambiente.gov.it/Media/carg/index.html", "Location": "Italy Grid", "Type": "Official Map"}}, {"type": "Feature", "geometry": {"type": "Polygon", "coordinates": [[[7.0, 44.866669], [7.5, 44.866669], [7.5, 45.200002], [7.0, 45.200002], [7.0, 44.866669]]]}, "properties": {"Title": "Foglio 147 (In lavorazione/Non disp.)", "DOI": "CARG-147", "URL": "https://www.isprambiente.gov.it/Media/carg/index.html", "Location": "Italy Grid", "Type": "Official Map"}}, {"type": "Feature", "geometry": {"type": "Polygon", "coordinates": [[[7.5, 44.866669], [8.0, 44.866669], [8.0, 45.200002], [7.5, 45.200002], [7.5, 44.866669]]]}, "properties": {"Title": "Foglio 148 (In lavorazione/Non disp.)", "DOI": "CARG-148", "URL": "https://www.isprambiente.gov.it/Media/carg/index.html", "Location": "Italy Grid", "Type": "Official Map"}}, {"type": "Feature", "geometry": {"type": "Polygon", "coordinates": [[[8.0, 44.866669], [8.5, 44.866669], [8.5, 45.200002], [8.0, 45.200002], [8.0, 44.866669]]]}, "properties": {"Title": "Foglio 149 - GIACCIANO CON BARUCHELLA", "DOI": "CARG-149", "URL": "https://www.isprambiente.gov.it/Media/carg/149_GIACCIANO_CON_BARUCHELLA/Foglio.html", "Location": "Italy Grid", "Type": "Official Map"}}, {"type": "Feature", "geometry": {"type": "Polygon", "coordinates": [[[8.5, 44.866669], [9.0, 44.866669], [9.0, 45.200002], [8.5, 45.200002], [8.5, 44.866669]]]}, "properties": {"Title": "Foglio 150 - MASSA FISCAGLIA", "DOI": "CARG-150", "URL": "https://www.isprambiente.gov.it/Media/carg/150_MASSA_FISCAGLIA/Foglio.html", "Location": "Italy Grid", "Type": "Official Map"}}, {"type": "Feature", "geometry": {"type": "Polygon", "coordinates": [[[9.0, 44.866669], [9.5, 44.866669], [9.5, 45.200002], [9.0, 45.200002], [9.0, 44.866669]]]}, "properties": {"Title": "Foglio 151 - PORTO TOLLE", "DOI": "CARG-151", "URL": "https://www.isprambiente.gov.it/Media/carg/151_PORTO_TOLLE/Foglio.html", "Location": "Italy Grid", "Type": "Official Map"}}, {"type": "Feature", "geometry": {"type": "Polygon", "coordinates": [[[9.5, 44.866669], [10.0, 44.866669], [10.0, 45.200002], [9.5, 45.200002], [9.5, 44.866669]]]}, "properties": {"Title": "Foglio 152 (In lavorazione/Non disp.)", "DOI": "CARG-152", "URL": "https://www.isprambiente.gov.it/Media/carg/index.html", "Location": "Italy Grid", "Type": "Official Map"}}, {"type": "Feature", "geometry": {"type": "Polygon", "coordinates": [[[10.0, 44.866669], [10.5, 44.866669], [10.5, 45.200002], [10.0, 45.200002], [10.0, 44.866669]]]}, "properties": {"Title": "Foglio 153 (In lavorazione/Non disp.)", "DOI": "CARG-153", "URL": "https://www.isprambiente.gov.it/Media/carg/index.html", "Location": "Italy Grid", "Type": "Official Map"}}, {"type": "Feature", "geometry": {"type": "Polygon", "coordinates": [[[10.5, 44.866669], [11.0, 44.866669], [11.0, 45.200002], [10.5, 45.200002], [10.5, 44.866669]]]}, "properties": {"Title": "Foglio 154 (In lavorazione/Non disp.)", "DOI": "CARG-154", "URL": "https://www.isprambiente.gov.it/Media/carg/index.html", "Location": "Italy Grid", "Type": "Official Map"}}, {"type": "Feature", "geometry": {"type": "Polygon", "coordinates": [[[11.0, 44.866669], [11.5, 44.866669], [11.5, 45.200002], [11.0, 45.200002], [11.0, 44.866669]]]}, "properties": {"Title": "Foglio 155 - TORINO OVEST", "DOI": "CARG-155", "URL": "https://www.isprambiente.gov.it/Media/carg/155_TORINO_OVEST/Foglio.html", "Location": "Italy Grid", "Type": "Official Map"}}, {"type": "Feature", "geometry": {"type": "Polygon", "coordinates": [[[11.5, 44.866669], [12.0, 44.866669], [12.0, 45.200002], [11.5, 45.200002], [11.5, 44.866669]]]}, "properties": {"Title": "Foglio 156 - TORINO EST", "DOI": "CARG-156", "URL": "https://www.isprambiente.gov.it/Media/carg/156_TORINO_EST/Foglio.html", "Location": "Italy Grid", "Type": "Official Map"}}, {"type": "Feature", "geometry": {"type": "Polygon", "coordinates": [[[12.0, 44.866669], [12.5, 44.866669], [12.5, 45.200002], [12.0, 45.200002], [12.0, 44.866669]]]}, "properties": {"Title": "Foglio 157 - TRINO", "DOI": "CARG-157", "URL": "https://www.isprambiente.gov.it/Media/carg/157_TRINO/Foglio.html", "Location": "Italy Grid", "Type": "Official Map"}}, {"type": "Feature", "geometry": {"type": "Polygon", "coordinates": [[[12.5, 44.866669], [13.0, 44.866669], [13.0, 45.200002], [12.5, 45.200002], [12.5, 44.866669]]]}, "properties": {"Title": "Foglio 158 (In lavorazione/Non disp.)", "DOI": "CARG-158", "URL": "https://www.isprambiente.gov.it/Media/carg/index.html", "Location": "Italy Grid", "Type": "Official Map"}}, {"type": "Feature", "geometry": {"type": "Polygon", "coordinates": [[[13.0, 44.866669], [13.5, 44.866669], [13.5, 45.200002], [13.0, 45.200002], [13.0, 44.866669]]]}, "properties": {"Title": "Foglio 159 (In lavorazione/Non disp.)", "DOI": "CARG-159", "URL": "https://www.isprambiente.gov.it/Media/carg/index.html", "Location": "Italy Grid", "Type": "Official Map"}}, {"type": "Feature", "geometry": {"type": "Polygon", "coordinates": [[[13.5, 44.866669], [14.0, 44.866669], [14.0, 45.200002], [13.5, 45.200002], [13.5, 44.866669]]]}, "properties": {"Title": "Foglio 160 (In lavorazione/Non disp.)", "DOI": "CARG-160", "URL": "https://www.isprambiente.gov.it/Media/carg/index.html", "Location": "Italy Grid", "Type": "Official Map"}}, {"type": "Feature", "geometry": {"type": "Polygon", "coordinates": [[[14.0, 44.866669], [14.5, 44.866669], [14.5, 45.200002], [14.0, 45.200002], [14.0, 44.866669]]]}, "properties": {"Title": "Foglio 161 (In lavorazione/Non disp.)", "DOI": "CARG-161", "URL": "https://www.isprambiente.gov.it/Media/carg/index.html", "Location": "Italy Grid", "Type": "Official Map"}}, {"type": "Feature", "geometry": {"type": "Polygon", "coordinates": [[[14.5, 44.866669], [15.0, 44.866669], [15.0, 45.200002], [14.5, 45.200002], [14.5, 44.866669]]]}, "properties": {"Title": "Foglio 162 (In lavorazione/Non disp.)", "DOI": "CARG-162", "URL": "https://www.isprambiente.gov.it/Media/carg/index.html", "Location": "Italy Grid", "Type": "Official Map"}}, {"type": "Feature", "geometry": {"type": "Polygon", "coordinates": [[[15.0, 44.866669], [15.5, 44.866669], [15.5, 45.200002], [15.0, 45.200002], [15.0, 44.866669]]]}, "properties": {"Title": "Foglio 163 (In lavorazione/Non disp.)", "DOI": "CARG-163", "URL": "https://www.isprambiente.gov.it/Media/carg/index.html", "Location": "Italy Grid", "Type": "Official Map"}}, {"type": "Feature", "geometry": {"type": "Polygon", "coordinates": [[[15.5, 44.866669], [16.0, 44.866669], [16.0, 45.200002], [15.5, 45.200002], [15.5, 44.866669]]]}, "properties": {"Title": "Foglio 164 (In lavorazione/Non disp.)", "DOI": "CARG-164", "URL": "https://www.isprambiente.gov.it/Media/carg/index.html", "Location": "Italy Grid", "Type": "Official Map"}}, {"type": "Feature", "geometry": {"type": "Polygon", "coordinates": [[[16.0, 44.866669], [16.5, 44.866669], [16.5, 45.200002], [16.0, 45.200002], [16.0, 44.866669]]]}, "properties": {"Title": "Foglio 165 (In lavorazione/Non disp.)", "DOI": "CARG-165", "URL": "https://www.isprambiente.gov.it/Media/carg/index.html", "Location": "Italy Grid", "Type": "Official Map"}}, {"type": "Feature", "geometry": {"type": "Polygon", "coordinates": [[[16.5, 44.866669], [17.0, 44.866669], [17.0, 45.200002], [16.5, 45.200002], [16.5, 44.866669]]]}, "properties": {"Title": "Foglio 166 (In lavorazione/Non disp.)", "DOI": "CARG-166", "URL": "https://www.isprambiente.gov.it/Media/carg/index.html", "Location": "Italy Grid", "Type": "Official Map"}}, {"type": "Feature", "geometry": {"type": "Polygon", "coordinates": [[[17.0, 44.866669], [17.5, 44.866669], [17.5, 45.200002], [17.0, 45.200002], [17.0, 44.866669]]]}, "properties": {"Title": "Foglio 167 (In lavorazione/Non disp.)", "DOI": "CARG-167", "URL": "https://www.isprambiente.gov.it/Media/carg/index.html", "Location": "Italy Grid", "Type": "Official Map"}}, {"type": "Feature", "geometry": {"type": "Polygon", "coordinates": [[[17.5, 44.866669], [18.0, 44.866669], [18.0, 45.200002], [17.5, 45.200002], [17.5, 44.866669]]]}, "properties": {"Title": "Foglio 168 (In lavorazione/Non disp.)", "DOI": "CARG-168", "URL": "https://www.isprambiente.gov.it/Media/carg/index.html", "Location": "Italy Grid", "Type": "Official Map"}}, {"type": "Feature", "geometry": {"type": "Polygon", "coordinates": [[[6.0, 44.533336], [6.5, 44.533336], [6.5, 44.866669], [6.0, 44.866669], [6.0, 44.533336]]]}, "properties": {"Title": "Foglio 169 (In lavorazione/Non disp.)", "DOI": "CARG-169", "URL": "https://www.isprambiente.gov.it/Media/carg/index.html", "Location": "Italy Grid", "Type": "Official Map"}}, {"type": "Feature", "geometry": {"type": "Polygon", "coordinates": [[[6.5, 44.533336], [7.0, 44.533336], [7.0, 44.866669], [6.5, 44.866669], [6.5, 44.533336]]]}, "properties": {"Title": "Foglio 170 - LIDO DI VENEZIA", "DOI": "CARG-170", "URL": "https://www.isprambiente.gov.it/Media/carg/170_LIDO_DI_VENEZIA/Foglio.html", "Location": "Italy Grid", "Type": "Official Map"}}, {"type": "Feature", "geometry": {"type": "Polygon", "coordinates": [[[7.0, 44.533336], [7.5, 44.533336], [7.5, 44.866669], [7.0, 44.866669], [7.0, 44.533336]]]}, "properties": {"Title": "Foglio 171 (In lavorazione/Non disp.)", "DOI": "CARG-171", "URL": "https://www.isprambiente.gov.it/Media/carg/index.html", "Location": "Italy Grid", "Type": "Official Map"}}, {"type": "Feature", "geometry": {"type": "Polygon", "coordinates": [[[7.5, 44.533336], [8.0, 44.533336], [8.0, 44.866669], [7.5, 44.866669], [7.5, 44.533336]]]}, "properties": {"Title": "Foglio 172 (In lavorazione/Non disp.)", "DOI": "CARG-172", "URL": "https://www.isprambiente.gov.it/Media/carg/index.html", "Location": "Italy Grid", "Type": "Official Map"}}, {"type": "Feature", "geometry": {"type": "Polygon", "coordinates": [[[8.0, 44.533336], [8.5, 44.533336], [8.5, 44.866669], [8.0, 44.866669], [8.0, 44.533336]]]}, "properties": {"Title": "Foglio 173 - CHIOGGIA", "DOI": "CARG-173", "URL": "https://www.isprambiente.gov.it/Media/carg/173_CHIOGGIA/Foglio.html", "Location": "Italy Grid", "Type": "Official Map"}}, {"type": "Feature", "geometry": {"type": "Polygon", "coordinates": [[[8.5, 44.533336], [9.0, 44.533336], [9.0, 44.866669], [8.5, 44.866669], [8.5, 44.533336]]]}, "properties": {"Title": "Foglio 174 - ADRIA", "DOI": "CARG-174", "URL": "https://www.isprambiente.gov.it/Media/carg/174_ADRIA/Foglio.html", "Location": "Italy Grid", "Type": "Official Map"}}, {"type": "Feature", "geometry": {"type": "Polygon", "coordinates": [[[9.0, 44.533336], [9.5, 44.533336], [9.5, 44.866669], [9.0, 44.866669], [9.0, 44.533336]]]}, "properties": {"Title": "Foglio 175 (In lavorazione/Non disp.)", "DOI": "CARG-175", "URL": "https://www.isprambiente.gov.it/Media/carg/index.html", "Location": "Italy Grid", "Type": "Official Map"}}, {"type": "Feature", "geometry": {"type": "Polygon", "coordinates": [[[9.5, 44.533336], [10.0, 44.533336], [10.0, 44.866669], [9.5, 44.866669], [9.5, 44.533336]]]}, "properties": {"Title": "Foglio 176 (In lavorazione/Non disp.)", "DOI": "CARG-176", "URL": "https://www.isprambiente.gov.it/Media/carg/index.html", "Location": "Italy Grid", "Type": "Official Map"}}, {"type": "Feature", "geometry": {"type": "Polygon", "coordinates": [[[10.0, 44.533336], [10.5, 44.533336], [10.5, 44.866669], [10.0, 44.866669], [10.0, 44.533336]]]}, "properties": {"Title": "Foglio 177 (In lavorazione/Non disp.)", "DOI": "CARG-177", "URL": "https://www.isprambiente.gov.it/Media/carg/index.html", "Location": "Italy Grid", "Type": "Official Map"}}, {"type": "Feature", "geometry": {"type": "Polygon", "coordinates": [[[10.5, 44.533336], [11.0, 44.533336], [11.0, 44.866669], [10.5, 44.866669], [10.5, 44.533336]]]}, "properties": {"Title": "Foglio 178 (In lavorazione/Non disp.)", "DOI": "CARG-178", "URL": "https://www.isprambiente.gov.it/Media/carg/index.html", "Location": "Italy Grid", "Type": "Official Map"}}, {"type": "Feature", "geometry": {"type": "Polygon", "coordinates": [[[11.0, 44.533336], [11.5, 44.533336], [11.5, 44.866669], [11.0, 44.866669], [11.0, 44.533336]]]}, "properties": {"Title": "Foglio 179 (In lavorazione/Non disp.)", "DOI": "CARG-179", "URL": "https://www.isprambiente.gov.it/Media/carg/index.html", "Location": "Italy Grid", "Type": "Official Map"}}, {"type": "Feature", "geometry": {"type": "Polygon", "coordinates": [[[11.5, 44.533336], [12.0, 44.533336], [12.0, 44.866669], [11.5, 44.866669], [11.5, 44.533336]]]}, "properties": {"Title": "Foglio 180 (In lavorazione/Non disp.)", "DOI": "CARG-180", "URL": "https://www.isprambiente.gov.it/Media/carg/index.html", "Location": "Italy Grid", "Type": "Official Map"}}, {"type": "Feature", "geometry": {"type": "Polygon", "coordinates": [[[12.0, 44.533336], [12.5, 44.533336], [12.5, 44.866669], [12.0, 44.866669], [12.0, 44.533336]]]}, "properties": {"Title": "Foglio 181 (In lavorazione/Non disp.)", "DOI": "CARG-181", "URL": "https://www.isprambiente.gov.it/Media/carg/index.html", "Location": "Italy Grid", "Type": "Official Map"}}, {"type": "Feature", "geometry": {"type": "Polygon", "coordinates": [[[12.5, 44.533336], [13.0, 44.533336], [13.0, 44.866669], [12.5, 44.866669], [12.5, 44.533336]]]}, "properties": {"Title": "Foglio 182 (In lavorazione/Non disp.)", "DOI": "CARG-182", "URL": "https://www.isprambiente.gov.it/Media/carg/index.html", "Location": "Italy Grid", "Type": "Official Map"}}, {"type": "Feature", "geometry": {"type": "Polygon", "coordinates": [[[13.0, 44.533336], [13.5, 44.533336], [13.5, 44.866669], [13.0, 44.866669], [13.0, 44.533336]]]}, "properties": {"Title": "Foglio 183 - CODIGORO", "DOI": "CARG-183", "URL": "https://www.isprambiente.gov.it/Media/carg/183_CODIGORO/Foglio.html", "Location": "Italy Grid", "Type": "Official Map"}}, {"type": "Feature", "geometry": {"type": "Polygon", "coordinates": [[[13.5, 44.533336], [14.0, 44.533336], [14.0, 44.866669], [13.5, 44.866669], [13.5, 44.533336]]]}, "properties": {"Title": "Foglio 184 - COMACCHIO", "DOI": "CARG-184", "URL": "https://www.isprambiente.gov.it/Media/carg/184_COMACCHIO/Foglio.html", "Location": "Italy Grid", "Type": "Official Map"}}, {"type": "Feature", "geometry": {"type": "Polygon", "coordinates": [[[14.0, 44.533336], [14.5, 44.533336], [14.5, 44.866669], [14.0, 44.866669], [14.0, 44.533336]]]}, "properties": {"Title": "Foglio 185 (In lavorazione/Non disp.)", "DOI": "CARG-185", "URL": "https://www.isprambiente.gov.it/Media/carg/index.html", "Location": "Italy Grid", "Type": "Official Map"}}, {"type": "Feature", "geometry": {"type": "Polygon", "coordinates": [[[14.5, 44.533336], [15.0, 44.533336], [15.0, 44.866669], [14.5, 44.866669], [14.5, 44.533336]]]}, "properties": {"Title": "Foglio 186 (In lavorazione/Non disp.)", "DOI": "CARG-186", "URL": "https://www.isprambiente.gov.it/Media/carg/index.html", "Location": "Italy Grid", "Type": "Official Map"}}, {"type": "Feature", "geometry": {"type": "Polygon", "coordinates": [[[15.0, 44.533336], [15.5, 44.533336], [15.5, 44.866669], [15.0, 44.866669], [15.0, 44.533336]]]}, "properties": {"Title": "Foglio 187 (In lavorazione/Non disp.)", "DOI": "CARG-187", "URL": "https://www.isprambiente.gov.it/Media/carg/index.html", "Location": "Italy Grid", "Type": "Official Map"}}, {"type": "Feature", "geometry": {"type": "Polygon", "coordinates": [[[15.5, 44.533336], [16.0, 44.533336], [16.0, 44.866669], [15.5, 44.866669], [15.5, 44.533336]]]}, "properties": {"Title": "Foglio 188 (In lavorazione/Non disp.)", "DOI": "CARG-188", "URL": "https://www.isprambiente.gov.it/Media/carg/index.html", "Location": "Italy Grid", "Type": "Official Map"}}, {"type": "Feature", "geometry": {"type": "Polygon", "coordinates": [[[16.0, 44.533336], [16.5, 44.533336], [16.5, 44.866669], [16.0, 44.866669], [16.0, 44.533336]]]}, "properties": {"Title": "Foglio 189 (In lavorazione/Non disp.)", "DOI": "CARG-189", "URL": "https://www.isprambiente.gov.it/Media/carg/index.html", "Location": "Italy Grid", "Type": "Official Map"}}, {"type": "Feature", "geometry": {"type": "Polygon", "coordinates": [[[16.5, 44.533336], [17.0, 44.533336], [17.0, 44.866669], [16.5, 44.866669], [16.5, 44.533336]]]}, "properties": {"Title": "Foglio 190 (In lavorazione/Non disp.)", "DOI": "CARG-190", "URL": "https://www.isprambiente.gov.it/Media/carg/index.html", "Location": "Italy Grid", "Type": "Official Map"}}, {"type": "Feature", "geometry": {"type": "Polygon", "coordinates": [[[17.0, 44.533336], [17.5, 44.533336], [17.5, 44.866669], [17.0, 44.866669], [17.0, 44.533336]]]}, "properties": {"Title": "Foglio 191 (In lavorazione/Non disp.)", "DOI": "CARG-191", "URL": "https://www.isprambiente.gov.it/Media/carg/index.html", "Location": "Italy Grid", "Type": "Official Map"}}, {"type": "Feature", "geometry": {"type": "Polygon", "coordinates": [[[17.5, 44.533336], [18.0, 44.533336], [18.0, 44.866669], [17.5, 44.866669], [17.5, 44.533336]]]}, "properties": {"Title": "Foglio 192 (In lavorazione/Non disp.)", "DOI": "CARG-192", "URL": "https://www.isprambiente.gov.it/Media/carg/index.html", "Location": "Italy Grid", "Type": "Official Map"}}, {"type": "Feature", "geometry": {"type": "Polygon", "coordinates": [[[6.0, 44.200003], [6.5, 44.200003], [6.5, 44.533336], [6.0, 44.533336], [6.0, 44.200003]]]}, "properties": {"Title": "Foglio 193 (In lavorazione/Non disp.)", "DOI": "CARG-193", "URL": "https://www.isprambiente.gov.it/Media/carg/index.html", "Location": "Italy Grid", "Type": "Official Map"}}, {"type": "Feature", "geometry": {"type": "Polygon", "coordinates": [[[6.5, 44.200003], [7.0, 44.200003], [7.0, 44.533336], [6.5, 44.533336], [6.5, 44.200003]]]}, "properties": {"Title": "Foglio 194 (In lavorazione/Non disp.)", "DOI": "CARG-194", "URL": "https://www.isprambiente.gov.it/Media/carg/index.html", "Location": "Italy Grid", "Type": "Official Map"}}, {"type": "Feature", "geometry": {"type": "Polygon", "coordinates": [[[7.0, 44.200003], [7.5, 44.200003], [7.5, 44.533336], [7.0, 44.533336], [7.0, 44.200003]]]}, "properties": {"Title": "Foglio 195 (In lavorazione/Non disp.)", "DOI": "CARG-195", "URL": "https://www.isprambiente.gov.it/Media/carg/index.html", "Location": "Italy Grid", "Type": "Official Map"}}, {"type": "Feature", "geometry": {"type": "Polygon", "coordinates": [[[7.5, 44.200003], [8.0, 44.200003], [8.0, 44.533336], [7.5, 44.533336], [7.5, 44.200003]]]}, "properties": {"Title": "Foglio 196 - CABELLA LIGURE", "DOI": "CARG-196", "URL": "https://www.isprambiente.gov.it/Media/carg/196_CABELLA_LIGURE/Foglio.html", "Location": "Italy Grid", "Type": "Official Map"}}, {"type": "Feature", "geometry": {"type": "Polygon", "coordinates": [[[8.0, 44.200003], [8.5, 44.200003], [8.5, 44.533336], [8.0, 44.533336], [8.0, 44.200003]]]}, "properties": {"Title": "Foglio 197 - BOBBIO", "DOI": "CARG-197", "URL": "https://www.isprambiente.gov.it/Media/carg/197_BOBBIO/Foglio.html", "Location": "Italy Grid", "Type": "Official Map"}}, {"type": "Feature", "geometry": {"type": "Polygon", "coordinates": [[[8.5, 44.200003], [9.0, 44.200003], [9.0, 44.533336], [8.5, 44.533336], [8.5, 44.200003]]]}, "properties": {"Title": "Foglio 198 (In lavorazione/Non disp.)", "DOI": "CARG-198", "URL": "https://www.isprambiente.gov.it/Media/carg/index.html", "Location": "Italy Grid", "Type": "Official Map"}}, {"type": "Feature", "geometry": {"type": "Polygon", "coordinates": [[[9.0, 44.200003], [9.5, 44.200003], [9.5, 44.533336], [9.0, 44.533336], [9.0, 44.200003]]]}, "properties": {"Title": "Foglio 199 (In lavorazione/Non disp.)", "DOI": "CARG-199", "URL": "https://www.isprambiente.gov.it/Media/carg/index.html", "Location": "Italy Grid", "Type": "Official Map"}}, {"type": "Feature", "geometry": {"type": "Polygon", "coordinates": [[[9.5, 44.200003], [10.0, 44.200003], [10.0, 44.533336], [9.5, 44.533336], [9.5, 44.200003]]]}, "properties": {"Title": "Foglio 200 (In lavorazione/Non disp.)", "DOI": "CARG-200", "URL": "https://www.isprambiente.gov.it/Media/carg/index.html", "Location": "Italy Grid", "Type": "Official Map"}}, {"type": "Feature", "geometry": {"type": "Polygon", "coordinates": [[[10.0, 44.200003], [10.5, 44.200003], [10.5, 44.533336], [10.0, 44.533336], [10.0, 44.200003]]]}, "properties": {"Title": "Foglio 201 (In lavorazione/Non disp.)", "DOI": "CARG-201", "URL": "https://www.isprambiente.gov.it/Media/carg/index.html", "Location": "Italy Grid", "Type": "Official Map"}}, {"type": "Feature", "geometry": {"type": "Polygon", "coordinates": [[[10.5, 44.200003], [11.0, 44.200003], [11.0, 44.533336], [10.5, 44.533336], [10.5, 44.200003]]]}, "properties": {"Title": "Foglio 202 (In lavorazione/Non disp.)", "DOI": "CARG-202", "URL": "https://www.isprambiente.gov.it/Media/carg/index.html", "Location": "Italy Grid", "Type": "Official Map"}}, {"type": "Feature", "geometry": {"type": "Polygon", "coordinates": [[[11.0, 44.200003], [11.5, 44.200003], [11.5, 44.533336], [11.0, 44.533336], [11.0, 44.200003]]]}, "properties": {"Title": "Foglio 203 (In lavorazione/Non disp.)", "DOI": "CARG-203", "URL": "https://www.isprambiente.gov.it/Media/carg/index.html", "Location": "Italy Grid", "Type": "Official Map"}}, {"type": "Feature", "geometry": {"type": "Polygon", "coordinates": [[[11.5, 44.200003], [12.0, 44.200003], [12.0, 44.533336], [11.5, 44.533336], [11.5, 44.200003]]]}, "properties": {"Title": "Foglio 204 (In lavorazione/Non disp.)", "DOI": "CARG-204", "URL": "https://www.isprambiente.gov.it/Media/carg/index.html", "Location": "Italy Grid", "Type": "Official Map"}}, {"type": "Feature", "geometry": {"type": "Polygon", "coordinates": [[[12.0, 44.200003], [12.5, 44.200003], [12.5, 44.533336], [12.0, 44.533336], [12.0, 44.200003]]]}, "properties": {"Title": "Foglio 205 (In lavorazione/Non disp.)", "DOI": "CARG-205", "URL": "https://www.isprambiente.gov.it/Media/carg/index.html", "Location": "Italy Grid", "Type": "Official Map"}}, {"type": "Feature", "geometry": {"type": "Polygon", "coordinates": [[[12.5, 44.200003], [13.0, 44.200003], [13.0, 44.533336], [12.5, 44.533336], [12.5, 44.200003]]]}, "properties": {"Title": "Foglio 206 (In lavorazione/Non disp.)", "DOI": "CARG-206", "URL": "https://www.isprambiente.gov.it/Media/carg/index.html", "Location": "Italy Grid", "Type": "Official Map"}}, {"type": "Feature", "geometry": {"type": "Polygon", "coordinates": [[[13.0, 44.200003], [13.5, 44.200003], [13.5, 44.533336], [13.0, 44.533336], [13.0, 44.200003]]]}, "properties": {"Title": "Foglio 207 (In lavorazione/Non disp.)", "DOI": "CARG-207", "URL": "https://www.isprambiente.gov.it/Media/carg/index.html", "Location": "Italy Grid", "Type": "Official Map"}}, {"type": "Feature", "geometry": {"type": "Polygon", "coordinates": [[[13.5, 44.200003], [14.0, 44.200003], [14.0, 44.533336], [13.5, 44.533336], [13.5, 44.200003]]]}, "properties": {"Title": "Foglio 208 (In lavorazione/Non disp.)", "DOI": "CARG-208", "URL": "https://www.isprambiente.gov.it/Media/carg/index.html", "Location": "Italy Grid", "Type": "Official Map"}}, {"type": "Feature", "geometry": {"type": "Polygon", "coordinates": [[[14.0, 44.200003], [14.5, 44.200003], [14.5, 44.533336], [14.0, 44.533336], [14.0, 44.200003]]]}, "properties": {"Title": "Foglio 209 (In lavorazione/Non disp.)", "DOI": "CARG-209", "URL": "https://www.isprambiente.gov.it/Media/carg/index.html", "Location": "Italy Grid", "Type": "Official Map"}}, {"type": "Feature", "geometry": {"type": "Polygon", "coordinates": [[[14.5, 44.200003], [15.0, 44.200003], [15.0, 44.533336], [14.5, 44.533336], [14.5, 44.200003]]]}, "properties": {"Title": "Foglio 210 (In lavorazione/Non disp.)", "DOI": "CARG-210", "URL": "https://www.isprambiente.gov.it/Media/carg/index.html", "Location": "Italy Grid", "Type": "Official Map"}}, {"type": "Feature", "geometry": {"type": "Polygon", "coordinates": [[[15.0, 44.200003], [15.5, 44.200003], [15.5, 44.533336], [15.0, 44.533336], [15.0, 44.200003]]]}, "properties": {"Title": "Foglio 211 (In lavorazione/Non disp.)", "DOI": "CARG-211", "URL": "https://www.isprambiente.gov.it/Media/carg/index.html", "Location": "Italy Grid", "Type": "Official Map"}}, {"type": "Feature", "geometry": {"type": "Polygon", "coordinates": [[[15.5, 44.200003], [16.0, 44.200003], [16.0, 44.533336], [15.5, 44.533336], [15.5, 44.200003]]]}, "properties": {"Title": "Foglio 212 (In lavorazione/Non disp.)", "DOI": "CARG-212", "URL": "https://www.isprambiente.gov.it/Media/carg/index.html", "Location": "Italy Grid", "Type": "Official Map"}}, {"type": "Feature", "geometry": {"type": "Polygon", "coordinates": [[[16.0, 44.200003], [16.5, 44.200003], [16.5, 44.533336], [16.0, 44.533336], [16.0, 44.200003]]]}, "properties": {"Title": "Foglio 213 - GENOVA", "DOI": "CARG-213", "URL": "https://www.isprambiente.gov.it/Media/carg/213_GENOVA/Foglio.html", "Location": "Italy Grid", "Type": "Official Map"}}, {"type": "Feature", "geometry": {"type": "Polygon", "coordinates": [[[16.5, 44.200003], [17.0, 44.200003], [17.0, 44.533336], [16.5, 44.533336], [16.5, 44.200003]]]}, "properties": {"Title": "Foglio 214 - BARGALI", "DOI": "CARG-214", "URL": "https://www.isprambiente.gov.it/Media/carg/214_BARGALI/Foglio.html", "Location": "Italy Grid", "Type": "Official Map"}}, {"type": "Feature", "geometry": {"type": "Polygon", "coordinates": [[[17.0, 44.200003], [17.5, 44.200003], [17.5, 44.533336], [17.0, 44.533336], [17.0, 44.200003]]]}, "properties": {"Title": "Foglio 215 (In lavorazione/Non disp.)", "DOI": "CARG-215", "URL": "https://www.isprambiente.gov.it/Media/carg/index.html", "Location": "Italy Grid", "Type": "Official Map"}}, {"type": "Feature", "geometry": {"type": "Polygon", "coordinates": [[[17.5, 44.200003], [18.0, 44.200003], [18.0, 44.533336], [17.5, 44.533336], [17.5, 44.200003]]]}, "properties": {"Title": "Foglio 216 (In lavorazione/Non disp.)", "DOI": "CARG-216", "URL": "https://www.isprambiente.gov.it/Media/carg/index.html", "Location": "Italy Grid", "Type": "Official Map"}}, {"type": "Feature", "geometry": {"type": "Polygon", "coordinates": [[[6.0, 43.86667], [6.5, 43.86667], [6.5, 44.200003], [6.0, 44.200003], [6.0, 43.86667]]]}, "properties": {"Title": "Foglio 217 (In lavorazione/Non disp.)", "DOI": "CARG-217", "URL": "https://www.isprambiente.gov.it/Media/carg/index.html", "Location": "Italy Grid", "Type": "Official Map"}}, {"type": "Feature", "geometry": {"type": "Polygon", "coordinates": [[[6.5, 43.86667], [7.0, 43.86667], [7.0, 44.200003], [6.5, 44.200003], [6.5, 43.86667]]]}, "properties": {"Title": "Foglio 218 - MODENA", "DOI": "CARG-218", "URL": "https://www.isprambiente.gov.it/Media/carg/218_MODENA/Foglio.html", "Location": "Italy Grid", "Type": "Official Map"}}, {"type": "Feature", "geometry": {"type": "Polygon", "coordinates": [[[7.0, 43.86667], [7.5, 43.86667], [7.5, 44.200003], [7.0, 44.200003], [7.0, 43.86667]]]}, "properties": {"Title": "Foglio 219 (In lavorazione/Non disp.)", "DOI": "CARG-219", "URL": "https://www.isprambiente.gov.it/Media/carg/index.html", "Location": "Italy Grid", "Type": "Official Map"}}, {"type": "Feature", "geometry": {"type": "Polygon", "coordinates": [[[7.5, 43.86667], [8.0, 43.86667], [8.0, 44.200003], [7.5, 44.200003], [7.5, 43.86667]]]}, "properties": {"Title": "Foglio 220 - BOLOGNA", "DOI": "CARG-220", "URL": "https://www.isprambiente.gov.it/Media/carg/220_BOLOGNA/Foglio.html", "Location": "Italy Grid", "Type": "Official Map"}}, {"type": "Feature", "geometry": {"type": "Polygon", "coordinates": [[[8.0, 43.86667], [8.5, 43.86667], [8.5, 44.200003], [8.0, 44.200003], [8.0, 43.86667]]]}, "properties": {"Title": "Foglio 221 - IMOLA", "DOI": "CARG-221", "URL": "https://www.isprambiente.gov.it/Media/carg/221_IMOLA/Foglio.html", "Location": "Italy Grid", "Type": "Official Map"}}, {"type": "Feature", "geometry": {"type": "Polygon", "coordinates": [[[8.5, 43.86667], [9.0, 43.86667], [9.0, 44.200003], [8.5, 44.200003], [8.5, 43.86667]]]}, "properties": {"Title": "Foglio 222 - LUGO", "DOI": "CARG-222", "URL": "https://www.isprambiente.gov.it/Media/carg/222_LUGO/Foglio.html", "Location": "Italy Grid", "Type": "Official Map"}}, {"type": "Feature", "geometry": {"type": "Polygon", "coordinates": [[[9.0, 43.86667], [9.5, 43.86667], [9.5, 44.200003], [9.0, 44.200003], [9.0, 43.86667]]]}, "properties": {"Title": "Foglio 223 - RAVENNA", "DOI": "CARG-223", "URL": "https://www.isprambiente.gov.it/Media/carg/223_RAVENNA/Foglio.html", "Location": "Italy Grid", "Type": "Official Map"}}, {"type": "Feature", "geometry": {"type": "Polygon", "coordinates": [[[9.5, 43.86667], [10.0, 43.86667], [10.0, 44.200003], [9.5, 44.200003], [9.5, 43.86667]]]}, "properties": {"Title": "Foglio 224 (In lavorazione/Non disp.)", "DOI": "CARG-224", "URL": "https://www.isprambiente.gov.it/Media/carg/index.html", "Location": "Italy Grid", "Type": "Official Map"}}, {"type": "Feature", "geometry": {"type": "Polygon", "coordinates": [[[10.0, 43.86667], [10.5, 43.86667], [10.5, 44.200003], [10.0, 44.200003], [10.0, 43.86667]]]}, "properties": {"Title": "Foglio 225 (In lavorazione/Non disp.)", "DOI": "CARG-225", "URL": "https://www.isprambiente.gov.it/Media/carg/index.html", "Location": "Italy Grid", "Type": "Official Map"}}, {"type": "Feature", "geometry": {"type": "Polygon", "coordinates": [[[10.5, 43.86667], [11.0, 43.86667], [11.0, 44.200003], [10.5, 44.200003], [10.5, 43.86667]]]}, "properties": {"Title": "Foglio 226 (In lavorazione/Non disp.)", "DOI": "CARG-226", "URL": "https://www.isprambiente.gov.it/Media/carg/index.html", "Location": "Italy Grid", "Type": "Official Map"}}, {"type": "Feature", "geometry": {"type": "Polygon", "coordinates": [[[11.0, 43.86667], [11.5, 43.86667], [11.5, 44.200003], [11.0, 44.200003], [11.0, 43.86667]]]}, "properties": {"Title": "Foglio 227 (In lavorazione/Non disp.)", "DOI": "CARG-227", "URL": "https://www.isprambiente.gov.it/Media/carg/index.html", "Location": "Italy Grid", "Type": "Official Map"}}, {"type": "Feature", "geometry": {"type": "Polygon", "coordinates": [[[11.5, 43.86667], [12.0, 43.86667], [12.0, 44.200003], [11.5, 44.200003], [11.5, 43.86667]]]}, "properties": {"Title": "Foglio 228 (In lavorazione/Non disp.)", "DOI": "CARG-228", "URL": "https://www.isprambiente.gov.it/Media/carg/index.html", "Location": "Italy Grid", "Type": "Official Map"}}, {"type": "Feature", "geometry": {"type": "Polygon", "coordinates": [[[12.0, 43.86667], [12.5, 43.86667], [12.5, 44.200003], [12.0, 44.200003], [12.0, 43.86667]]]}, "properties": {"Title": "Foglio 229 (In lavorazione/Non disp.)", "DOI": "CARG-229", "URL": "https://www.isprambiente.gov.it/Media/carg/index.html", "Location": "Italy Grid", "Type": "Official Map"}}, {"type": "Feature", "geometry": {"type": "Polygon", "coordinates": [[[12.5, 43.86667], [13.0, 43.86667], [13.0, 44.200003], [12.5, 44.200003], [12.5, 43.86667]]]}, "properties": {"Title": "Foglio 230 (In lavorazione/Non disp.)", "DOI": "CARG-230", "URL": "https://www.isprambiente.gov.it/Media/carg/index.html", "Location": "Italy Grid", "Type": "Official Map"}}, {"type": "Feature", "geometry": {"type": "Polygon", "coordinates": [[[13.0, 43.86667], [13.5, 43.86667], [13.5, 44.200003], [13.0, 44.200003], [13.0, 43.86667]]]}, "properties": {"Title": "Foglio 231 (In lavorazione/Non disp.)", "DOI": "CARG-231", "URL": "https://www.isprambiente.gov.it/Media/carg/index.html", "Location": "Italy Grid", "Type": "Official Map"}}, {"type": "Feature", "geometry": {"type": "Polygon", "coordinates": [[[13.5, 43.86667], [14.0, 43.86667], [14.0, 44.200003], [13.5, 44.200003], [13.5, 43.86667]]]}, "properties": {"Title": "Foglio 232 - SESTRI LEVANTE", "DOI": "CARG-232", "URL": "https://www.isprambiente.gov.it/Media/carg/232_SESTRI_LEVANTE/Foglio.html", "Location": "Italy Grid", "Type": "Official Map"}}, {"type": "Feature", "geometry": {"type": "Polygon", "coordinates": [[[14.0, 43.86667], [14.5, 43.86667], [14.5, 44.200003], [14.0, 44.200003], [14.0, 43.86667]]]}, "properties": {"Title": "Foglio 233 - PONTREMOLI", "DOI": "CARG-233", "URL": "https://www.isprambiente.gov.it/Media/carg/233_PONTREMOLI/Foglio.html", "Location": "Italy Grid", "Type": "Official Map"}}, {"type": "Feature", "geometry": {"type": "Polygon", "coordinates": [[[14.5, 43.86667], [15.0, 43.86667], [15.0, 44.200003], [14.5, 44.200003], [14.5, 43.86667]]]}, "properties": {"Title": "Foglio 234 - FIVIZZANO", "DOI": "CARG-234", "URL": "https://www.isprambiente.gov.it/Media/carg/234_FIVIZZANO/Foglio.html", "Location": "Italy Grid", "Type": "Official Map"}}, {"type": "Feature", "geometry": {"type": "Polygon", "coordinates": [[[15.0, 43.86667], [15.5, 43.86667], [15.5, 44.200003], [15.0, 44.200003], [15.0, 43.86667]]]}, "properties": {"Title": "Foglio 235 (In lavorazione/Non disp.)", "DOI": "CARG-235", "URL": "https://www.isprambiente.gov.it/Media/carg/index.html", "Location": "Italy Grid", "Type": "Official Map"}}, {"type": "Feature", "geometry": {"type": "Polygon", "coordinates": [[[15.5, 43.86667], [16.0, 43.86667], [16.0, 44.200003], [15.5, 44.200003], [15.5, 43.86667]]]}, "properties": {"Title": "Foglio 236 (In lavorazione/Non disp.)", "DOI": "CARG-236", "URL": "https://www.isprambiente.gov.it/Media/carg/index.html", "Location": "Italy Grid", "Type": "Official Map"}}, {"type": "Feature", "geometry": {"type": "Polygon", "coordinates": [[[16.0, 43.86667], [16.5, 43.86667], [16.5, 44.200003], [16.0, 44.200003], [16.0, 43.86667]]]}, "properties": {"Title": "Foglio 237 (In lavorazione/Non disp.)", "DOI": "CARG-237", "URL": "https://www.isprambiente.gov.it/Media/carg/index.html", "Location": "Italy Grid", "Type": "Official Map"}}, {"type": "Feature", "geometry": {"type": "Polygon", "coordinates": [[[16.5, 43.86667], [17.0, 43.86667], [17.0, 44.200003], [16.5, 44.200003], [16.5, 43.86667]]]}, "properties": {"Title": "Foglio 238 (In lavorazione/Non disp.)", "DOI": "CARG-238", "URL": "https://www.isprambiente.gov.it/Media/carg/index.html", "Location": "Italy Grid", "Type": "Official Map"}}, {"type": "Feature", "geometry": {"type": "Polygon", "coordinates": [[[17.0, 43.86667], [17.5, 43.86667], [17.5, 44.200003], [17.0, 44.200003], [17.0, 43.86667]]]}, "properties": {"Title": "Foglio 239 (In lavorazione/Non disp.)", "DOI": "CARG-239", "URL": "https://www.isprambiente.gov.it/Media/carg/index.html", "Location": "Italy Grid", "Type": "Official Map"}}, {"type": "Feature", "geometry": {"type": "Polygon", "coordinates": [[[17.5, 43.86667], [18.0, 43.86667], [18.0, 44.200003], [17.5, 44.200003], [17.5, 43.86667]]]}, "properties": {"Title": "Foglio 240 (In lavorazione/Non disp.)", "DOI": "CARG-240", "URL": "https://www.isprambiente.gov.it/Media/carg/index.html", "Location": "Italy Grid", "Type": "Official Map"}}, {"type": "Feature", "geometry": {"type": "Polygon", "coordinates": [[[6.0, 43.533337], [6.5, 43.533337], [6.5, 43.86667], [6.0, 43.86667], [6.0, 43.533337]]]}, "properties": {"Title": "Foglio 241 (In lavorazione/Non disp.)", "DOI": "CARG-241", "URL": "https://www.isprambiente.gov.it/Media/carg/index.html", "Location": "Italy Grid", "Type": "Official Map"}}, {"type": "Feature", "geometry": {"type": "Polygon", "coordinates": [[[6.5, 43.533337], [7.0, 43.533337], [7.0, 43.86667], [6.5, 43.86667], [6.5, 43.533337]]]}, "properties": {"Title": "Foglio 242 (In lavorazione/Non disp.)", "DOI": "CARG-242", "URL": "https://www.isprambiente.gov.it/Media/carg/index.html", "Location": "Italy Grid", "Type": "Official Map"}}, {"type": "Feature", "geometry": {"type": "Polygon", "coordinates": [[[7.0, 43.533337], [7.5, 43.533337], [7.5, 43.86667], [7.0, 43.86667], [7.0, 43.533337]]]}, "properties": {"Title": "Foglio 243 (In lavorazione/Non disp.)", "DOI": "CARG-243", "URL": "https://www.isprambiente.gov.it/Media/carg/index.html", "Location": "Italy Grid", "Type": "Official Map"}}, {"type": "Feature", "geometry": {"type": "Polygon", "coordinates": [[[7.5, 43.533337], [8.0, 43.533337], [8.0, 43.86667], [7.5, 43.86667], [7.5, 43.533337]]]}, "properties": {"Title": "Foglio 244 (In lavorazione/Non disp.)", "DOI": "CARG-244", "URL": "https://www.isprambiente.gov.it/Media/carg/index.html", "Location": "Italy Grid", "Type": "Official Map"}}, {"type": "Feature", "geometry": {"type": "Polygon", "coordinates": [[[8.0, 43.533337], [8.5, 43.533337], [8.5, 43.86667], [8.0, 43.86667], [8.0, 43.533337]]]}, "properties": {"Title": "Foglio 245 (In lavorazione/Non disp.)", "DOI": "CARG-245", "URL": "https://www.isprambiente.gov.it/Media/carg/index.html", "Location": "Italy Grid", "Type": "Official Map"}}, {"type": "Feature", "geometry": {"type": "Polygon", "coordinates": [[[8.5, 43.533337], [9.0, 43.533337], [9.0, 43.86667], [8.5, 43.86667], [8.5, 43.533337]]]}, "properties": {"Title": "Foglio 246 (In lavorazione/Non disp.)", "DOI": "CARG-246", "URL": "https://www.isprambiente.gov.it/Media/carg/index.html", "Location": "Italy Grid", "Type": "Official Map"}}, {"type": "Feature", "geometry": {"type": "Polygon", "coordinates": [[[9.0, 43.533337], [9.5, 43.533337], [9.5, 43.86667], [9.0, 43.86667], [9.0, 43.533337]]]}, "properties": {"Title": "Foglio 247 (In lavorazione/Non disp.)", "DOI": "CARG-247", "URL": "https://www.isprambiente.gov.it/Media/carg/index.html", "Location": "Italy Grid", "Type": "Official Map"}}, {"type": "Feature", "geometry": {"type": "Polygon", "coordinates": [[[9.5, 43.533337], [10.0, 43.533337], [10.0, 43.86667], [9.5, 43.86667], [9.5, 43.533337]]]}, "properties": {"Title": "Foglio 248 (In lavorazione/Non disp.)", "DOI": "CARG-248", "URL": "https://www.isprambiente.gov.it/Media/carg/index.html", "Location": "Italy Grid", "Type": "Official Map"}}, {"type": "Feature", "geometry": {"type": "Polygon", "coordinates": [[[10.0, 43.533337], [10.5, 43.533337], [10.5, 43.86667], [10.0, 43.86667], [10.0, 43.533337]]]}, "properties": {"Title": "Foglio 249 (In lavorazione/Non disp.)", "DOI": "CARG-249", "URL": "https://www.isprambiente.gov.it/Media/carg/index.html", "Location": "Italy Grid", "Type": "Official Map"}}, {"type": "Feature", "geometry": {"type": "Polygon", "coordinates": [[[10.5, 43.533337], [11.0, 43.533337], [11.0, 43.86667], [10.5, 43.86667], [10.5, 43.533337]]]}, "properties": {"Title": "Foglio 250 (In lavorazione/Non disp.)", "DOI": "CARG-250", "URL": "https://www.isprambiente.gov.it/Media/carg/index.html", "Location": "Italy Grid", "Type": "Official Map"}}, {"type": "Feature", "geometry": {"type": "Polygon", "coordinates": [[[11.0, 43.533337], [11.5, 43.533337], [11.5, 43.86667], [11.0, 43.86667], [11.0, 43.533337]]]}, "properties": {"Title": "Foglio 251 (In lavorazione/Non disp.)", "DOI": "CARG-251", "URL": "https://www.isprambiente.gov.it/Media/carg/index.html", "Location": "Italy Grid", "Type": "Official Map"}}, {"type": "Feature", "geometry": {"type": "Polygon", "coordinates": [[[11.5, 43.533337], [12.0, 43.533337], [12.0, 43.86667], [11.5, 43.86667], [11.5, 43.533337]]]}, "properties": {"Title": "Foglio 252 (In lavorazione/Non disp.)", "DOI": "CARG-252", "URL": "https://www.isprambiente.gov.it/Media/carg/index.html", "Location": "Italy Grid", "Type": "Official Map"}}, {"type": "Feature", "geometry": {"type": "Polygon", "coordinates": [[[12.0, 43.533337], [12.5, 43.533337], [12.5, 43.86667], [12.0, 43.86667], [12.0, 43.533337]]]}, "properties": {"Title": "Foglio 253 - MARRADI", "DOI": "CARG-253", "URL": "https://www.isprambiente.gov.it/Media/carg/253_MARRADI/Foglio.html", "Location": "Italy Grid", "Type": "Official Map"}}, {"type": "Feature", "geometry": {"type": "Polygon", "coordinates": [[[12.5, 43.533337], [13.0, 43.533337], [13.0, 43.86667], [12.5, 43.86667], [12.5, 43.533337]]]}, "properties": {"Title": "Foglio 254 - MODIGLIANA", "DOI": "CARG-254", "URL": "https://www.isprambiente.gov.it/Media/carg/254_MODIGLIANA/Foglio.html", "Location": "Italy Grid", "Type": "Official Map"}}, {"type": "Feature", "geometry": {"type": "Polygon", "coordinates": [[[13.0, 43.533337], [13.5, 43.533337], [13.5, 43.86667], [13.0, 43.86667], [13.0, 43.533337]]]}, "properties": {"Title": "Foglio 255 - FAENZA", "DOI": "CARG-255", "URL": "https://www.isprambiente.gov.it/Media/carg/255_FAENZA/Foglio.html", "Location": "Italy Grid", "Type": "Official Map"}}, {"type": "Feature", "geometry": {"type": "Polygon", "coordinates": [[[13.5, 43.533337], [14.0, 43.533337], [14.0, 43.86667], [13.5, 43.86667], [13.5, 43.533337]]]}, "properties": {"Title": "Foglio 256 - RIMINI", "DOI": "CARG-256", "URL": "https://www.isprambiente.gov.it/Media/carg/256_RIMINI/Foglio.html", "Location": "Italy Grid", "Type": "Official Map"}}, {"type": "Feature", "geometry": {"type": "Polygon", "coordinates": [[[14.0, 43.533337], [14.5, 43.533337], [14.5, 43.86667], [14.0, 43.86667], [14.0, 43.533337]]]}, "properties": {"Title": "Foglio 257 (In lavorazione/Non disp.)", "DOI": "CARG-257", "URL": "https://www.isprambiente.gov.it/Media/carg/index.html", "Location": "Italy Grid", "Type": "Official Map"}}, {"type": "Feature", "geometry": {"type": "Polygon", "coordinates": [[[14.5, 43.533337], [15.0, 43.533337], [15.0, 43.86667], [14.5, 43.86667], [14.5, 43.533337]]]}, "properties": {"Title": "Foglio 258 (In lavorazione/Non disp.)", "DOI": "CARG-258", "URL": "https://www.isprambiente.gov.it/Media/carg/index.html", "Location": "Italy Grid", "Type": "Official Map"}}, {"type": "Feature", "geometry": {"type": "Polygon", "coordinates": [[[15.0, 43.533337], [15.5, 43.533337], [15.5, 43.86667], [15.0, 43.86667], [15.0, 43.533337]]]}, "properties": {"Title": "Foglio 259 (In lavorazione/Non disp.)", "DOI": "CARG-259", "URL": "https://www.isprambiente.gov.it/Media/carg/index.html", "Location": "Italy Grid", "Type": "Official Map"}}, {"type": "Feature", "geometry": {"type": "Polygon", "coordinates": [[[15.5, 43.533337], [16.0, 43.533337], [16.0, 43.86667], [15.5, 43.86667], [15.5, 43.533337]]]}, "properties": {"Title": "Foglio 260 (In lavorazione/Non disp.)", "DOI": "CARG-260", "URL": "https://www.isprambiente.gov.it/Media/carg/index.html", "Location": "Italy Grid", "Type": "Official Map"}}, {"type": "Feature", "geometry": {"type": "Polygon", "coordinates": [[[16.0, 43.533337], [16.5, 43.533337], [16.5, 43.86667], [16.0, 43.86667], [16.0, 43.533337]]]}, "properties": {"Title": "Foglio 261 (In lavorazione/Non disp.)", "DOI": "CARG-261", "URL": "https://www.isprambiente.gov.it/Media/carg/index.html", "Location": "Italy Grid", "Type": "Official Map"}}, {"type": "Feature", "geometry": {"type": "Polygon", "coordinates": [[[16.5, 43.533337], [17.0, 43.533337], [17.0, 43.86667], [16.5, 43.86667], [16.5, 43.533337]]]}, "properties": {"Title": "Foglio 262 - PICA", "DOI": "CARG-262", "URL": "https://www.isprambiente.gov.it/Media/carg/262_PICA/Foglio.html", "Location": "Italy Grid", "Type": "Official Map"}}, {"type": "Feature", "geometry": {"type": "Polygon", "coordinates": [[[17.0, 43.533337], [17.5, 43.533337], [17.5, 43.86667], [17.0, 43.86667], [17.0, 43.533337]]]}, "properties": {"Title": "Foglio 263 - FIRENZE", "DOI": "CARG-263", "URL": "https://www.isprambiente.gov.it/Media/carg/263_FIRENZE/Foglio.html", "Location": "Italy Grid", "Type": "Official Map"}}, {"type": "Feature", "geometry": {"type": "Polygon", "coordinates": [[[17.5, 43.533337], [18.0, 43.533337], [18.0, 43.86667], [17.5, 43.86667], [17.5, 43.533337]]]}, "properties": {"Title": "Foglio 264 - BORGO SAN LORENZO", "DOI": "CARG-264", "URL": "https://www.isprambiente.gov.it/Media/carg/264_BORGO_SAN_LORENZO/Foglio.html", "Location": "Italy Grid", "Type": "Official Map"}}, {"type": "Feature", "geometry": {"type": "Polygon", "coordinates": [[[6.0, 43.200004], [6.5, 43.200004], [6.5, 43.533337], [6.0, 43.533337], [6.0, 43.200004]]]}, "properties": {"Title": "Foglio 265 - SAN MARINO", "DOI": "CARG-265", "URL": "https://www.isprambiente.gov.it/Media/carg/265_SAN_MARINO/Foglio.html", "Location": "Italy Grid", "Type": "Official Map"}}, {"type": "Feature", "geometry": {"type": "Polygon", "coordinates": [[[6.5, 43.200004], [7.0, 43.200004], [7.0, 43.533337], [6.5, 43.533337], [6.5, 43.200004]]]}, "properties": {"Title": "Foglio 266 - MERCATO SARACENO", "DOI": "CARG-266", "URL": "https://www.isprambiente.gov.it/Media/carg/266_MERCATO_SARACENO/Foglio.html", "Location": "Italy Grid", "Type": "Official Map"}}, {"type": "Feature", "geometry": {"type": "Polygon", "coordinates": [[[7.0, 43.200004], [7.5, 43.200004], [7.5, 43.533337], [7.0, 43.533337], [7.0, 43.200004]]]}, "properties": {"Title": "Foglio 267 - PESARO", "DOI": "CARG-267", "URL": "https://www.isprambiente.gov.it/Media/carg/267_PESARO/Foglio.html", "Location": "Italy Grid", "Type": "Official Map"}}, {"type": "Feature", "geometry": {"type": "Polygon", "coordinates": [[[7.5, 43.200004], [8.0, 43.200004], [8.0, 43.533337], [7.5, 43.533337], [7.5, 43.200004]]]}, "properties": {"Title": "Foglio 268 (In lavorazione/Non disp.)", "DOI": "CARG-268", "URL": "https://www.isprambiente.gov.it/Media/carg/index.html", "Location": "Italy Grid", "Type": "Official Map"}}, {"type": "Feature", "geometry": {"type": "Polygon", "coordinates": [[[8.0, 43.200004], [8.5, 43.200004], [8.5, 43.533337], [8.0, 43.533337], [8.0, 43.200004]]]}, "properties": {"Title": "Foglio 269 (In lavorazione/Non disp.)", "DOI": "CARG-269", "URL": "https://www.isprambiente.gov.it/Media/carg/index.html", "Location": "Italy Grid", "Type": "Official Map"}}, {"type": "Feature", "geometry": {"type": "Polygon", "coordinates": [[[8.5, 43.200004], [9.0, 43.200004], [9.0, 43.533337], [8.5, 43.533337], [8.5, 43.200004]]]}, "properties": {"Title": "Foglio 270 (In lavorazione/Non disp.)", "DOI": "CARG-270", "URL": "https://www.isprambiente.gov.it/Media/carg/index.html", "Location": "Italy Grid", "Type": "Official Map"}}, {"type": "Feature", "geometry": {"type": "Polygon", "coordinates": [[[9.0, 43.200004], [9.5, 43.200004], [9.5, 43.533337], [9.0, 43.533337], [9.0, 43.200004]]]}, "properties": {"Title": "Foglio 271 (In lavorazione/Non disp.)", "DOI": "CARG-271", "URL": "https://www.isprambiente.gov.it/Media/carg/index.html", "Location": "Italy Grid", "Type": "Official Map"}}, {"type": "Feature", "geometry": {"type": "Polygon", "coordinates": [[[9.5, 43.200004], [10.0, 43.200004], [10.0, 43.533337], [9.5, 43.533337], [9.5, 43.200004]]]}, "properties": {"Title": "Foglio 272 (In lavorazione/Non disp.)", "DOI": "CARG-272", "URL": "https://www.isprambiente.gov.it/Media/carg/index.html", "Location": "Italy Grid", "Type": "Official Map"}}, {"type": "Feature", "geometry": {"type": "Polygon", "coordinates": [[[10.0, 43.200004], [10.5, 43.200004], [10.5, 43.533337], [10.0, 43.533337], [10.0, 43.200004]]]}, "properties": {"Title": "Foglio 273 (In lavorazione/Non disp.)", "DOI": "CARG-273", "URL": "https://www.isprambiente.gov.it/Media/carg/index.html", "Location": "Italy Grid", "Type": "Official Map"}}, {"type": "Feature", "geometry": {"type": "Polygon", "coordinates": [[[10.5, 43.200004], [11.0, 43.200004], [11.0, 43.533337], [10.5, 43.533337], [10.5, 43.200004]]]}, "properties": {"Title": "Foglio 274 - VOLTERRA", "DOI": "CARG-274", "URL": "https://www.isprambiente.gov.it/Media/carg/274_VOLTERRA/Foglio.html", "Location": "Italy Grid", "Type": "Official Map"}}, {"type": "Feature", "geometry": {"type": "Polygon", "coordinates": [[[11.0, 43.200004], [11.5, 43.200004], [11.5, 43.533337], [11.0, 43.533337], [11.0, 43.200004]]]}, "properties": {"Title": "Foglio 275 - POGGIBONSI", "DOI": "CARG-275", "URL": "https://www.isprambiente.gov.it/Media/carg/275_POGGIBONSI/Foglio.html", "Location": "Italy Grid", "Type": "Official Map"}}, {"type": "Feature", "geometry": {"type": "Polygon", "coordinates": [[[11.5, 43.200004], [12.0, 43.200004], [12.0, 43.533337], [11.5, 43.533337], [11.5, 43.200004]]]}, "properties": {"Title": "Foglio 276 - FIGLINE VALDARNO", "DOI": "CARG-276", "URL": "https://www.isprambiente.gov.it/Media/carg/276_FIGLINE_VALDARNO/Foglio.html", "Location": "Italy Grid", "Type": "Official Map"}}, {"type": "Feature", "geometry": {"type": "Polygon", "coordinates": [[[12.0, 43.200004], [12.5, 43.200004], [12.5, 43.533337], [12.0, 43.533337], [12.0, 43.200004]]]}, "properties": {"Title": "Foglio 277 (In lavorazione/Non disp.)", "DOI": "CARG-277", "URL": "https://www.isprambiente.gov.it/Media/carg/index.html", "Location": "Italy Grid", "Type": "Official Map"}}, {"type": "Feature", "geometry": {"type": "Polygon", "coordinates": [[[12.5, 43.200004], [13.0, 43.200004], [13.0, 43.533337], [12.5, 43.533337], [12.5, 43.200004]]]}, "properties": {"Title": "Foglio 278 (In lavorazione/Non disp.)", "DOI": "CARG-278", "URL": "https://www.isprambiente.gov.it/Media/carg/index.html", "Location": "Italy Grid", "Type": "Official Map"}}, {"type": "Feature", "geometry": {"type": "Polygon", "coordinates": [[[13.0, 43.200004], [13.5, 43.200004], [13.5, 43.533337], [13.0, 43.533337], [13.0, 43.200004]]]}, "properties": {"Title": "Foglio 279 (In lavorazione/Non disp.)", "DOI": "CARG-279", "URL": "https://www.isprambiente.gov.it/Media/carg/index.html", "Location": "Italy Grid", "Type": "Official Map"}}, {"type": "Feature", "geometry": {"type": "Polygon", "coordinates": [[[13.5, 43.200004], [14.0, 43.200004], [14.0, 43.533337], [13.5, 43.533337], [13.5, 43.200004]]]}, "properties": {"Title": "Foglio 280 - FOSSOMBRONE", "DOI": "CARG-280", "URL": "https://www.isprambiente.gov.it/Media/carg/280_FOSSOMBRONE/Foglio.html", "Location": "Italy Grid", "Type": "Official Map"}}, {"type": "Feature", "geometry": {"type": "Polygon", "coordinates": [[[14.0, 43.200004], [14.5, 43.200004], [14.5, 43.533337], [14.0, 43.533337], [14.0, 43.200004]]]}, "properties": {"Title": "Foglio 281 - JESI", "DOI": "CARG-281", "URL": "https://www.isprambiente.gov.it/Media/carg/281_JESI/Foglio.html", "Location": "Italy Grid", "Type": "Official Map"}}, {"type": "Feature", "geometry": {"type": "Polygon", "coordinates": [[[14.5, 43.200004], [15.0, 43.200004], [15.0, 43.533337], [14.5, 43.533337], [14.5, 43.200004]]]}, "properties": {"Title": "Foglio 282 - ANCONA", "DOI": "CARG-282", "URL": "https://www.isprambiente.gov.it/Media/carg/282_ANCONA/Foglio.html", "Location": "Italy Grid", "Type": "Official Map"}}, {"type": "Feature", "geometry": {"type": "Polygon", "coordinates": [[[15.0, 43.200004], [15.5, 43.200004], [15.5, 43.533337], [15.0, 43.533337], [15.0, 43.200004]]]}, "properties": {"Title": "Foglio 283 - NUMANA", "DOI": "CARG-283", "URL": "https://www.isprambiente.gov.it/Media/carg/283_NUMANA/Foglio.html", "Location": "Italy Grid", "Type": "Official Map"}}, {"type": "Feature", "geometry": {"type": "Polygon", "coordinates": [[[15.5, 43.200004], [16.0, 43.200004], [16.0, 43.533337], [15.5, 43.533337], [15.5, 43.200004]]]}, "properties": {"Title": "Foglio 284 (In lavorazione/Non disp.)", "DOI": "CARG-284", "URL": "https://www.isprambiente.gov.it/Media/carg/index.html", "Location": "Italy Grid", "Type": "Official Map"}}, {"type": "Feature", "geometry": {"type": "Polygon", "coordinates": [[[16.0, 43.200004], [16.5, 43.200004], [16.5, 43.533337], [16.0, 43.533337], [16.0, 43.200004]]]}, "properties": {"Title": "Foglio 285 (In lavorazione/Non disp.)", "DOI": "CARG-285", "URL": "https://www.isprambiente.gov.it/Media/carg/index.html", "Location": "Italy Grid", "Type": "Official Map"}}, {"type": "Feature", "geometry": {"type": "Polygon", "coordinates": [[[16.5, 43.200004], [17.0, 43.200004], [17.0, 43.533337], [16.5, 43.533337], [16.5, 43.200004]]]}, "properties": {"Title": "Foglio 286 (In lavorazione/Non disp.)", "DOI": "CARG-286", "URL": "https://www.isprambiente.gov.it/Media/carg/index.html", "Location": "Italy Grid", "Type": "Official Map"}}, {"type": "Feature", "geometry": {"type": "Polygon", "coordinates": [[[17.0, 43.200004], [17.5, 43.200004], [17.5, 43.533337], [17.0, 43.533337], [17.0, 43.200004]]]}, "properties": {"Title": "Foglio 287 (In lavorazione/Non disp.)", "DOI": "CARG-287", "URL": "https://www.isprambiente.gov.it/Media/carg/index.html", "Location": "Italy Grid", "Type": "Official Map"}}, {"type": "Feature", "geometry": {"type": "Polygon", "coordinates": [[[17.5, 43.200004], [18.0, 43.200004], [18.0, 43.533337], [17.5, 43.533337], [17.5, 43.200004]]]}, "properties": {"Title": "Foglio 288 - AREZZO", "DOI": "CARG-288", "URL": "https://www.isprambiente.gov.it/Media/carg/288_AREZZO/Foglio.html", "Location": "Italy Grid", "Type": "Official Map"}}, {"type": "Feature", "geometry": {"type": "Polygon", "coordinates": [[[6.0, 42.866671], [6.5, 42.866671], [6.5, 43.200004], [6.0, 43.200004], [6.0, 42.866671]]]}, "properties": {"Title": "Foglio 289 - CITTA DI CASTELLO", "DOI": "CARG-289", "URL": "https://www.isprambiente.gov.it/Media/carg/289_CITTA_DI_CASTELLO/Foglio.html", "Location": "Italy Grid", "Type": "Official Map"}}, {"type": "Feature", "geometry": {"type": "Polygon", "coordinates": [[[6.5, 42.866671], [7.0, 42.866671], [7.0, 43.200004], [6.5, 43.200004], [6.5, 42.866671]]]}, "properties": {"Title": "Foglio 290 - CAGLI", "DOI": "CARG-290", "URL": "https://www.isprambiente.gov.it/Media/carg/290_CAGLI/Foglio.html", "Location": "Italy Grid", "Type": "Official Map"}}, {"type": "Feature", "geometry": {"type": "Polygon", "coordinates": [[[7.0, 42.866671], [7.5, 42.866671], [7.5, 43.200004], [7.0, 43.200004], [7.0, 42.866671]]]}, "properties": {"Title": "Foglio 291 - PERGOLA", "DOI": "CARG-291", "URL": "https://www.isprambiente.gov.it/Media/carg/291_PERGOLA/Foglio.html", "Location": "Italy Grid", "Type": "Official Map"}}, {"type": "Feature", "geometry": {"type": "Polygon", "coordinates": [[[7.5, 42.866671], [8.0, 42.866671], [8.0, 43.200004], [7.5, 43.200004], [7.5, 42.866671]]]}, "properties": {"Title": "Foglio 292 (In lavorazione/Non disp.)", "DOI": "CARG-292", "URL": "https://www.isprambiente.gov.it/Media/carg/index.html", "Location": "Italy Grid", "Type": "Official Map"}}, {"type": "Feature", "geometry": {"type": "Polygon", "coordinates": [[[8.0, 42.866671], [8.5, 42.866671], [8.5, 43.200004], [8.0, 43.200004], [8.0, 42.866671]]]}, "properties": {"Title": "Foglio 293 (In lavorazione/Non disp.)", "DOI": "CARG-293", "URL": "https://www.isprambiente.gov.it/Media/carg/index.html", "Location": "Italy Grid", "Type": "Official Map"}}, {"type": "Feature", "geometry": {"type": "Polygon", "coordinates": [[[8.5, 42.866671], [9.0, 42.866671], [9.0, 43.200004], [8.5, 43.200004], [8.5, 42.866671]]]}, "properties": {"Title": "Foglio 294 (In lavorazione/Non disp.)", "DOI": "CARG-294", "URL": "https://www.isprambiente.gov.it/Media/carg/index.html", "Location": "Italy Grid", "Type": "Official Map"}}, {"type": "Feature", "geometry": {"type": "Polygon", "coordinates": [[[9.0, 42.866671], [9.5, 42.866671], [9.5, 43.200004], [9.0, 43.200004], [9.0, 42.866671]]]}, "properties": {"Title": "Foglio 295 (In lavorazione/Non disp.)", "DOI": "CARG-295", "URL": "https://www.isprambiente.gov.it/Media/carg/index.html", "Location": "Italy Grid", "Type": "Official Map"}}, {"type": "Feature", "geometry": {"type": "Polygon", "coordinates": [[[9.5, 42.866671], [10.0, 42.866671], [10.0, 43.200004], [9.5, 43.200004], [9.5, 42.866671]]]}, "properties": {"Title": "Foglio 296 - SIENA", "DOI": "CARG-296", "URL": "https://www.isprambiente.gov.it/Media/carg/296_SIENA/Foglio.html", "Location": "Italy Grid", "Type": "Official Map"}}, {"type": "Feature", "geometry": {"type": "Polygon", "coordinates": [[[10.0, 42.866671], [10.5, 42.866671], [10.5, 43.200004], [10.0, 43.200004], [10.0, 42.866671]]]}, "properties": {"Title": "Foglio 297 - ASCIANO", "DOI": "CARG-297", "URL": "https://www.isprambiente.gov.it/Media/carg/297_ASCIANO/Foglio.html", "Location": "Italy Grid", "Type": "Official Map"}}, {"type": "Feature", "geometry": {"type": "Polygon", "coordinates": [[[10.5, 42.866671], [11.0, 42.866671], [11.0, 43.200004], [10.5, 43.200004], [10.5, 42.866671]]]}, "properties": {"Title": "Foglio 298 (In lavorazione/Non disp.)", "DOI": "CARG-298", "URL": "https://www.isprambiente.gov.it/Media/carg/index.html", "Location": "Italy Grid", "Type": "Official Map"}}, {"type": "Feature", "geometry": {"type": "Polygon", "coordinates": [[[11.0, 42.866671], [11.5, 42.866671], [11.5, 43.200004], [11.0, 43.200004], [11.0, 42.866671]]]}, "properties": {"Title": "Foglio 299 - PERUGIA", "DOI": "CARG-299", "URL": "https://www.isprambiente.gov.it/Media/carg/299_PERUGIA/Foglio.html", "Location": "Italy Grid", "Type": "Official Map"}}, {"type": "Feature", "geometry": {"type": "Polygon", "coordinates": [[[11.5, 42.866671], [12.0, 42.866671], [12.0, 43.200004], [11.5, 43.200004], [11.5, 42.866671]]]}, "properties": {"Title": "Foglio 300 - GUBBIO", "DOI": "CARG-300", "URL": "https://www.isprambiente.gov.it/Media/carg/300_GUBBIO/Foglio.html", "Location": "Italy Grid", "Type": "Official Map"}}, {"type": "Feature", "geometry": {"type": "Polygon", "coordinates": [[[12.0, 42.866671], [12.5, 42.866671], [12.5, 43.200004], [12.0, 43.200004], [12.0, 42.866671]]]}, "properties": {"Title": "Foglio 301 - FABRIANO", "DOI": "CARG-301", "URL": "https://www.isprambiente.gov.it/Media/carg/301_FABRIANO/Foglio.html", "Location": "Italy Grid", "Type": "Official Map"}}, {"type": "Feature", "geometry": {"type": "Polygon", "coordinates": [[[12.5, 42.866671], [13.0, 42.866671], [13.0, 43.200004], [12.5, 43.200004], [12.5, 42.866671]]]}, "properties": {"Title": "Foglio 302 - TOLENTINO", "DOI": "CARG-302", "URL": "https://www.isprambiente.gov.it/Media/carg/302_TOLENTINO/Foglio.html", "Location": "Italy Grid", "Type": "Official Map"}}, {"type": "Feature", "geometry": {"type": "Polygon", "coordinates": [[[13.0, 42.866671], [13.5, 42.866671], [13.5, 43.200004], [13.0, 43.200004], [13.0, 42.866671]]]}, "properties": {"Title": "Foglio 303 - MACERATA", "DOI": "CARG-303", "URL": "https://www.isprambiente.gov.it/Media/carg/303_MACERATA/Foglio.html", "Location": "Italy Grid", "Type": "Official Map"}}, {"type": "Feature", "geometry": {"type": "Polygon", "coordinates": [[[13.5, 42.866671], [14.0, 42.866671], [14.0, 43.200004], [13.5, 43.200004], [13.5, 42.866671]]]}, "properties": {"Title": "Foglio 304 - CIVITANOVA MARCHE", "DOI": "CARG-304", "URL": "https://www.isprambiente.gov.it/Media/carg/304_CIVITANOVA_MARCHE/Foglio.html", "Location": "Italy Grid", "Type": "Official Map"}}, {"type": "Feature", "geometry": {"type": "Polygon", "coordinates": [[[14.0, 42.866671], [14.5, 42.866671], [14.5, 43.200004], [14.0, 43.200004], [14.0, 42.866671]]]}, "properties": {"Title": "Foglio 305 (In lavorazione/Non disp.)", "DOI": "CARG-305", "URL": "https://www.isprambiente.gov.it/Media/carg/index.html", "Location": "Italy Grid", "Type": "Official Map"}}, {"type": "Feature", "geometry": {"type": "Polygon", "coordinates": [[[14.5, 42.866671], [15.0, 42.866671], [15.0, 43.200004], [14.5, 43.200004], [14.5, 42.866671]]]}, "properties": {"Title": "Foglio 306 (In lavorazione/Non disp.)", "DOI": "CARG-306", "URL": "https://www.isprambiente.gov.it/Media/carg/index.html", "Location": "Italy Grid", "Type": "Official Map"}}, {"type": "Feature", "geometry": {"type": "Polygon", "coordinates": [[[15.0, 42.866671], [15.5, 42.866671], [15.5, 43.200004], [15.0, 43.200004], [15.0, 42.866671]]]}, "properties": {"Title": "Foglio 307 (In lavorazione/Non disp.)", "DOI": "CARG-307", "URL": "https://www.isprambiente.gov.it/Media/carg/index.html", "Location": "Italy Grid", "Type": "Official Map"}}, {"type": "Feature", "geometry": {"type": "Polygon", "coordinates": [[[15.5, 42.866671], [16.0, 42.866671], [16.0, 43.200004], [15.5, 43.200004], [15.5, 42.866671]]]}, "properties": {"Title": "Foglio 308 - MASSA MARITTIMA", "DOI": "CARG-308", "URL": "https://www.isprambiente.gov.it/Media/carg/308_MASSA_MARITTIMA/Foglio.html", "Location": "Italy Grid", "Type": "Official Map"}}, {"type": "Feature", "geometry": {"type": "Polygon", "coordinates": [[[16.0, 42.866671], [16.5, 42.866671], [16.5, 43.200004], [16.0, 43.200004], [16.0, 42.866671]]]}, "properties": {"Title": "Foglio 309 - ROCCASTRADA", "DOI": "CARG-309", "URL": "https://www.isprambiente.gov.it/Media/carg/309_ROCCASTRADA/Foglio.html", "Location": "Italy Grid", "Type": "Official Map"}}, {"type": "Feature", "geometry": {"type": "Polygon", "coordinates": [[[16.5, 42.866671], [17.0, 42.866671], [17.0, 43.200004], [16.5, 43.200004], [16.5, 42.866671]]]}, "properties": {"Title": "Foglio 310 (In lavorazione/Non disp.)", "DOI": "CARG-310", "URL": "https://www.isprambiente.gov.it/Media/carg/index.html", "Location": "Italy Grid", "Type": "Official Map"}}, {"type": "Feature", "geometry": {"type": "Polygon", "coordinates": [[[17.0, 42.866671], [17.5, 42.866671], [17.5, 43.200004], [17.0, 43.200004], [17.0, 42.866671]]]}, "properties": {"Title": "Foglio 311 (In lavorazione/Non disp.)", "DOI": "CARG-311", "URL": "https://www.isprambiente.gov.it/Media/carg/index.html", "Location": "Italy Grid", "Type": "Official Map"}}, {"type": "Feature", "geometry": {"type": "Polygon", "coordinates": [[[17.5, 42.866671], [18.0, 42.866671], [18.0, 43.200004], [17.5, 43.200004], [17.5, 42.866671]]]}, "properties": {"Title": "Foglio 312 (In lavorazione/Non disp.)", "DOI": "CARG-312", "URL": "https://www.isprambiente.gov.it/Media/carg/index.html", "Location": "Italy Grid", "Type": "Official Map"}}, {"type": "Feature", "geometry": {"type": "Polygon", "coordinates": [[[6.0, 42.533338], [6.5, 42.533338], [6.5, 42.866671], [6.0, 42.866671], [6.0, 42.533338]]]}, "properties": {"Title": "Foglio 313 (In lavorazione/Non disp.)", "DOI": "CARG-313", "URL": "https://www.isprambiente.gov.it/Media/carg/index.html", "Location": "Italy Grid", "Type": "Official Map"}}, {"type": "Feature", "geometry": {"type": "Polygon", "coordinates": [[[6.5, 42.533338], [7.0, 42.533338], [7.0, 42.866671], [6.5, 42.866671], [6.5, 42.533338]]]}, "properties": {"Title": "Foglio 314 (In lavorazione/Non disp.)", "DOI": "CARG-314", "URL": "https://www.isprambiente.gov.it/Media/carg/index.html", "Location": "Italy Grid", "Type": "Official Map"}}, {"type": "Feature", "geometry": {"type": "Polygon", "coordinates": [[[7.0, 42.533338], [7.5, 42.533338], [7.5, 42.866671], [7.0, 42.866671], [7.0, 42.533338]]]}, "properties": {"Title": "Foglio 315 - ORVIETO", "DOI": "CARG-315", "URL": "https://www.isprambiente.gov.it/Media/carg/315_ORVIETO/Foglio.html", "Location": "Italy Grid", "Type": "Official Map"}}, {"type": "Feature", "geometry": {"type": "Polygon", "coordinates": [[[7.5, 42.533338], [8.0, 42.533338], [8.0, 42.866671], [7.5, 42.866671], [7.5, 42.533338]]]}, "properties": {"Title": "Foglio 316 - MONTECASTRILLI", "DOI": "CARG-316", "URL": "https://www.isprambiente.gov.it/Media/carg/316_MONTECASTRILLI/Foglio.html", "Location": "Italy Grid", "Type": "Official Map"}}, {"type": "Feature", "geometry": {"type": "Polygon", "coordinates": [[[8.0, 42.533338], [8.5, 42.533338], [8.5, 42.866671], [8.0, 42.866671], [8.0, 42.533338]]]}, "properties": {"Title": "Foglio 317 - FOLIGNO", "DOI": "CARG-317", "URL": "https://www.isprambiente.gov.it/Media/carg/317_FOLIGNO/Foglio.html", "Location": "Italy Grid", "Type": "Official Map"}}, {"type": "Feature", "geometry": {"type": "Polygon", "coordinates": [[[8.5, 42.533338], [9.0, 42.533338], [9.0, 42.866671], [8.5, 42.866671], [8.5, 42.533338]]]}, "properties": {"Title": "Foglio 318 - CAMERINO", "DOI": "CARG-318", "URL": "https://www.isprambiente.gov.it/Media/carg/318_CAMERINO/Foglio.html", "Location": "Italy Grid", "Type": "Official Map"}}, {"type": "Feature", "geometry": {"type": "Polygon", "coordinates": [[[9.0, 42.533338], [9.5, 42.533338], [9.5, 42.866671], [9.0, 42.866671], [9.0, 42.533338]]]}, "properties": {"Title": "Foglio 319 - FERMO", "DOI": "CARG-319", "URL": "https://www.isprambiente.gov.it/Media/carg/319_FERMO/Foglio.html", "Location": "Italy Grid", "Type": "Official Map"}}, {"type": "Feature", "geometry": {"type": "Polygon", "coordinates": [[[9.5, 42.533338], [10.0, 42.533338], [10.0, 42.866671], [9.5, 42.866671], [9.5, 42.533338]]]}, "properties": {"Title": "Foglio 320 (In lavorazione/Non disp.)", "DOI": "CARG-320", "URL": "https://www.isprambiente.gov.it/Media/carg/index.html", "Location": "Italy Grid", "Type": "Official Map"}}, {"type": "Feature", "geometry": {"type": "Polygon", "coordinates": [[[10.0, 42.533338], [10.5, 42.533338], [10.5, 42.866671], [10.0, 42.866671], [10.0, 42.533338]]]}, "properties": {"Title": "Foglio 321 (In lavorazione/Non disp.)", "DOI": "CARG-321", "URL": "https://www.isprambiente.gov.it/Media/carg/index.html", "Location": "Italy Grid", "Type": "Official Map"}}, {"type": "Feature", "geometry": {"type": "Polygon", "coordinates": [[[10.5, 42.533338], [11.0, 42.533338], [11.0, 42.866671], [10.5, 42.866671], [10.5, 42.533338]]]}, "properties": {"Title": "Foglio 322 (In lavorazione/Non disp.)", "DOI": "CARG-322", "URL": "https://www.isprambiente.gov.it/Media/carg/index.html", "Location": "Italy Grid", "Type": "Official Map"}}, {"type": "Feature", "geometry": {"type": "Polygon", "coordinates": [[[11.0, 42.533338], [11.5, 42.533338], [11.5, 42.866671], [11.0, 42.866671], [11.0, 42.533338]]]}, "properties": {"Title": "Foglio 323 (In lavorazione/Non disp.)", "DOI": "CARG-323", "URL": "https://www.isprambiente.gov.it/Media/carg/index.html", "Location": "Italy Grid", "Type": "Official Map"}}, {"type": "Feature", "geometry": {"type": "Polygon", "coordinates": [[[11.5, 42.533338], [12.0, 42.533338], [12.0, 42.866671], [11.5, 42.866671], [11.5, 42.533338]]]}, "properties": {"Title": "Foglio 324 - MONTEFIASCONE", "DOI": "CARG-324", "URL": "https://www.isprambiente.gov.it/Media/carg/324_MONTEFIASCONE/Foglio.html", "Location": "Italy Grid", "Type": "Official Map"}}, {"type": "Feature", "geometry": {"type": "Polygon", "coordinates": [[[12.0, 42.533338], [12.5, 42.533338], [12.5, 42.866671], [12.0, 42.866671], [12.0, 42.533338]]]}, "properties": {"Title": "Foglio 325 - VITERBO", "DOI": "CARG-325", "URL": "https://www.isprambiente.gov.it/Media/carg/325_VITERBO/Foglio.html", "Location": "Italy Grid", "Type": "Official Map"}}, {"type": "Feature", "geometry": {"type": "Polygon", "coordinates": [[[12.5, 42.533338], [13.0, 42.533338], [13.0, 42.866671], [12.5, 42.866671], [12.5, 42.533338]]]}, "properties": {"Title": "Foglio 326 - NARNI", "DOI": "CARG-326", "URL": "https://www.isprambiente.gov.it/Media/carg/326_NARNI/Foglio.html", "Location": "Italy Grid", "Type": "Official Map"}}, {"type": "Feature", "geometry": {"type": "Polygon", "coordinates": [[[13.0, 42.533338], [13.5, 42.533338], [13.5, 42.866671], [13.0, 42.866671], [13.0, 42.533338]]]}, "properties": {"Title": "Foglio 327 - TERNI", "DOI": "CARG-327", "URL": "https://www.isprambiente.gov.it/Media/carg/327_TERNI/Foglio.html", "Location": "Italy Grid", "Type": "Official Map"}}, {"type": "Feature", "geometry": {"type": "Polygon", "coordinates": [[[13.5, 42.533338], [14.0, 42.533338], [14.0, 42.866671], [13.5, 42.866671], [13.5, 42.533338]]]}, "properties": {"Title": "Foglio 328 - SPOLETO", "DOI": "CARG-328", "URL": "https://www.isprambiente.gov.it/Media/carg/328_SPOLETO/Foglio.html", "Location": "Italy Grid", "Type": "Official Map"}}, {"type": "Feature", "geometry": {"type": "Polygon", "coordinates": [[[14.0, 42.533338], [14.5, 42.533338], [14.5, 42.866671], [14.0, 42.866671], [14.0, 42.533338]]]}, "properties": {"Title": "Foglio 329 - ASCOLI PICENO", "DOI": "CARG-329", "URL": "https://www.isprambiente.gov.it/Media/carg/329_ASCOLI_PICENO/Foglio.html", "Location": "Italy Grid", "Type": "Official Map"}}, {"type": "Feature", "geometry": {"type": "Polygon", "coordinates": [[[14.5, 42.533338], [15.0, 42.533338], [15.0, 42.866671], [14.5, 42.866671], [14.5, 42.533338]]]}, "properties": {"Title": "Foglio 330 - SAN BENEDETTO DEL TRONTO", "DOI": "CARG-330", "URL": "https://www.isprambiente.gov.it/Media/carg/330_SAN_BENEDETTO_DEL_TRONTO/Foglio.html", "Location": "Italy Grid", "Type": "Official Map"}}, {"type": "Feature", "geometry": {"type": "Polygon", "coordinates": [[[15.0, 42.533338], [15.5, 42.533338], [15.5, 42.866671], [15.0, 42.866671], [15.0, 42.533338]]]}, "properties": {"Title": "Foglio 331 (In lavorazione/Non disp.)", "DOI": "CARG-331", "URL": "https://www.isprambiente.gov.it/Media/carg/index.html", "Location": "Italy Grid", "Type": "Official Map"}}, {"type": "Feature", "geometry": {"type": "Polygon", "coordinates": [[[15.5, 42.533338], [16.0, 42.533338], [16.0, 42.866671], [15.5, 42.866671], [15.5, 42.533338]]]}, "properties": {"Title": "Foglio 332 (In lavorazione/Non disp.)", "DOI": "CARG-332", "URL": "https://www.isprambiente.gov.it/Media/carg/index.html", "Location": "Italy Grid", "Type": "Official Map"}}, {"type": "Feature", "geometry": {"type": "Polygon", "coordinates": [[[16.0, 42.533338], [16.5, 42.533338], [16.5, 42.866671], [16.0, 42.866671], [16.0, 42.533338]]]}, "properties": {"Title": "Foglio 333 (In lavorazione/Non disp.)", "DOI": "CARG-333", "URL": "https://www.isprambiente.gov.it/Media/carg/index.html", "Location": "Italy Grid", "Type": "Official Map"}}, {"type": "Feature", "geometry": {"type": "Polygon", "coordinates": [[[16.5, 42.533338], [17.0, 42.533338], [17.0, 42.866671], [16.5, 42.866671], [16.5, 42.533338]]]}, "properties": {"Title": "Foglio 334 (In lavorazione/Non disp.)", "DOI": "CARG-334", "URL": "https://www.isprambiente.gov.it/Media/carg/index.html", "Location": "Italy Grid", "Type": "Official Map"}}, {"type": "Feature", "geometry": {"type": "Polygon", "coordinates": [[[17.0, 42.533338], [17.5, 42.533338], [17.5, 42.866671], [17.0, 42.866671], [17.0, 42.533338]]]}, "properties": {"Title": "Foglio 335 (In lavorazione/Non disp.)", "DOI": "CARG-335", "URL": "https://www.isprambiente.gov.it/Media/carg/index.html", "Location": "Italy Grid", "Type": "Official Map"}}, {"type": "Feature", "geometry": {"type": "Polygon", "coordinates": [[[17.5, 42.533338], [18.0, 42.533338], [18.0, 42.866671], [17.5, 42.866671], [17.5, 42.533338]]]}, "properties": {"Title": "Foglio 336 (In lavorazione/Non disp.)", "DOI": "CARG-336", "URL": "https://www.isprambiente.gov.it/Media/carg/index.html", "Location": "Italy Grid", "Type": "Official Map"}}, {"type": "Feature", "geometry": {"type": "Polygon", "coordinates": [[[6.0, 42.200005], [6.5, 42.200005], [6.5, 42.533338], [6.0, 42.533338], [6.0, 42.200005]]]}, "properties": {"Title": "Foglio 337 - SORIANO NEL CIMINO", "DOI": "CARG-337", "URL": "https://www.isprambiente.gov.it/Media/carg/337_SORIANO_NEL_CIMINO/Foglio.html", "Location": "Italy Grid", "Type": "Official Map"}}, {"type": "Feature", "geometry": {"type": "Polygon", "coordinates": [[[6.5, 42.200005], [7.0, 42.200005], [7.0, 42.533338], [6.5, 42.533338], [6.5, 42.200005]]]}, "properties": {"Title": "Foglio 338 (In lavorazione/Non disp.)", "DOI": "CARG-338", "URL": "https://www.isprambiente.gov.it/Media/carg/index.html", "Location": "Italy Grid", "Type": "Official Map"}}, {"type": "Feature", "geometry": {"type": "Polygon", "coordinates": [[[7.0, 42.200005], [7.5, 42.200005], [7.5, 42.533338], [7.0, 42.533338], [7.0, 42.200005]]]}, "properties": {"Title": "Foglio 339 - RIETI", "DOI": "CARG-339", "URL": "https://www.isprambiente.gov.it/Media/carg/339_RIETI/Foglio.html", "Location": "Italy Grid", "Type": "Official Map"}}, {"type": "Feature", "geometry": {"type": "Polygon", "coordinates": [[[7.5, 42.200005], [8.0, 42.200005], [8.0, 42.533338], [7.5, 42.533338], [7.5, 42.200005]]]}, "properties": {"Title": "Foglio 340 (In lavorazione/Non disp.)", "DOI": "CARG-340", "URL": "https://www.isprambiente.gov.it/Media/carg/index.html", "Location": "Italy Grid", "Type": "Official Map"}}, {"type": "Feature", "geometry": {"type": "Polygon", "coordinates": [[[8.0, 42.200005], [8.5, 42.200005], [8.5, 42.533338], [8.0, 42.533338], [8.0, 42.200005]]]}, "properties": {"Title": "Foglio 341 (In lavorazione/Non disp.)", "DOI": "CARG-341", "URL": "https://www.isprambiente.gov.it/Media/carg/index.html", "Location": "Italy Grid", "Type": "Official Map"}}, {"type": "Feature", "geometry": {"type": "Polygon", "coordinates": [[[8.5, 42.200005], [9.0, 42.200005], [9.0, 42.533338], [8.5, 42.533338], [8.5, 42.200005]]]}, "properties": {"Title": "Foglio 342 (In lavorazione/Non disp.)", "DOI": "CARG-342", "URL": "https://www.isprambiente.gov.it/Media/carg/index.html", "Location": "Italy Grid", "Type": "Official Map"}}, {"type": "Feature", "geometry": {"type": "Polygon", "coordinates": [[[9.0, 42.200005], [9.5, 42.200005], [9.5, 42.533338], [9.0, 42.533338], [9.0, 42.200005]]]}, "properties": {"Title": "Foglio 343 (In lavorazione/Non disp.)", "DOI": "CARG-343", "URL": "https://www.isprambiente.gov.it/Media/carg/index.html", "Location": "Italy Grid", "Type": "Official Map"}}, {"type": "Feature", "geometry": {"type": "Polygon", "coordinates": [[[9.5, 42.200005], [10.0, 42.200005], [10.0, 42.533338], [9.5, 42.533338], [9.5, 42.200005]]]}, "properties": {"Title": "Foglio 344 (In lavorazione/Non disp.)", "DOI": "CARG-344", "URL": "https://www.isprambiente.gov.it/Media/carg/index.html", "Location": "Italy Grid", "Type": "Official Map"}}, {"type": "Feature", "geometry": {"type": "Polygon", "coordinates": [[[10.0, 42.200005], [10.5, 42.200005], [10.5, 42.533338], [10.0, 42.533338], [10.0, 42.200005]]]}, "properties": {"Title": "Foglio 345 (In lavorazione/Non disp.)", "DOI": "CARG-345", "URL": "https://www.isprambiente.gov.it/Media/carg/index.html", "Location": "Italy Grid", "Type": "Official Map"}}, {"type": "Feature", "geometry": {"type": "Polygon", "coordinates": [[[10.5, 42.200005], [11.0, 42.200005], [11.0, 42.533338], [10.5, 42.533338], [10.5, 42.200005]]]}, "properties": {"Title": "Foglio 346 - TARQUINIA", "DOI": "CARG-346", "URL": "https://www.isprambiente.gov.it/Media/carg/346_TARQUINIA/Foglio.html", "Location": "Italy Grid", "Type": "Official Map"}}, {"type": "Feature", "geometry": {"type": "Polygon", "coordinates": [[[11.0, 42.200005], [11.5, 42.200005], [11.5, 42.533338], [11.0, 42.533338], [11.0, 42.200005]]]}, "properties": {"Title": "Foglio 347 - ROMA", "DOI": "CARG-347", "URL": "https://www.isprambiente.gov.it/Media/carg/347_ROMA/Foglio.html", "Location": "Italy Grid", "Type": "Official Map"}}, {"type": "Feature", "geometry": {"type": "Polygon", "coordinates": [[[11.5, 42.200005], [12.0, 42.200005], [12.0, 42.533338], [11.5, 42.533338], [11.5, 42.200005]]]}, "properties": {"Title": "Foglio 348 - ANTRODOCO", "DOI": "CARG-348", "URL": "https://www.isprambiente.gov.it/Media/carg/348_ANTRODOCO/Foglio.html", "Location": "Italy Grid", "Type": "Official Map"}}, {"type": "Feature", "geometry": {"type": "Polygon", "coordinates": [[[12.0, 42.200005], [12.5, 42.200005], [12.5, 42.533338], [12.0, 42.533338], [12.0, 42.200005]]]}, "properties": {"Title": "Foglio 349 - GRAN SASSO D'ITALIA", "DOI": "CARG-349", "URL": "https://www.isprambiente.gov.it/Media/carg/349_GRAN_SASSO_DITALIA/Foglio.html", "Location": "Italy Grid", "Type": "Official Map"}}, {"type": "Feature", "geometry": {"type": "Polygon", "coordinates": [[[12.5, 42.200005], [13.0, 42.200005], [13.0, 42.533338], [12.5, 42.533338], [12.5, 42.200005]]]}, "properties": {"Title": "Foglio 350 - TERAMO", "DOI": "CARG-350", "URL": "https://www.isprambiente.gov.it/Media/carg/350_TERAMO/Foglio.html", "Location": "Italy Grid", "Type": "Official Map"}}, {"type": "Feature", "geometry": {"type": "Polygon", "coordinates": [[[13.0, 42.200005], [13.5, 42.200005], [13.5, 42.533338], [13.0, 42.533338], [13.0, 42.200005]]]}, "properties": {"Title": "Foglio 351 - PESCARA", "DOI": "CARG-351", "URL": "https://www.isprambiente.gov.it/Media/carg/351_PESCARA/Foglio.html", "Location": "Italy Grid", "Type": "Official Map"}}, {"type": "Feature", "geometry": {"type": "Polygon", "coordinates": [[[13.5, 42.200005], [14.0, 42.200005], [14.0, 42.533338], [13.5, 42.533338], [13.5, 42.200005]]]}, "properties": {"Title": "Foglio 352 (In lavorazione/Non disp.)", "DOI": "CARG-352", "URL": "https://www.isprambiente.gov.it/Media/carg/index.html", "Location": "Italy Grid", "Type": "Official Map"}}, {"type": "Feature", "geometry": {"type": "Polygon", "coordinates": [[[14.0, 42.200005], [14.5, 42.200005], [14.5, 42.533338], [14.0, 42.533338], [14.0, 42.200005]]]}, "properties": {"Title": "Foglio 353 (In lavorazione/Non disp.)", "DOI": "CARG-353", "URL": "https://www.isprambiente.gov.it/Media/carg/index.html", "Location": "Italy Grid", "Type": "Official Map"}}, {"type": "Feature", "geometry": {"type": "Polygon", "coordinates": [[[14.5, 42.200005], [15.0, 42.200005], [15.0, 42.533338], [14.5, 42.533338], [14.5, 42.200005]]]}, "properties": {"Title": "Foglio 354 (In lavorazione/Non disp.)", "DOI": "CARG-354", "URL": "https://www.isprambiente.gov.it/Media/carg/index.html", "Location": "Italy Grid", "Type": "Official Map"}}, {"type": "Feature", "geometry": {"type": "Polygon", "coordinates": [[[15.0, 42.200005], [15.5, 42.200005], [15.5, 42.533338], [15.0, 42.533338], [15.0, 42.200005]]]}, "properties": {"Title": "Foglio 355 - RONCIGLIONE", "DOI": "CARG-355", "URL": "https://www.isprambiente.gov.it/Media/carg/355_RONCIGLIONE/Foglio.html", "Location": "Italy Grid", "Type": "Official Map"}}, {"type": "Feature", "geometry": {"type": "Polygon", "coordinates": [[[15.5, 42.200005], [16.0, 42.200005], [16.0, 42.533338], [15.5, 42.533338], [15.5, 42.200005]]]}, "properties": {"Title": "Foglio 356 (In lavorazione/Non disp.)", "DOI": "CARG-356", "URL": "https://www.isprambiente.gov.it/Media/carg/index.html", "Location": "Italy Grid", "Type": "Official Map"}}, {"type": "Feature", "geometry": {"type": "Polygon", "coordinates": [[[16.0, 42.200005], [16.5, 42.200005], [16.5, 42.533338], [16.0, 42.533338], [16.0, 42.200005]]]}, "properties": {"Title": "Foglio 357 - CIVITAVECCHIA", "DOI": "CARG-357", "URL": "https://www.isprambiente.gov.it/Media/carg/357_CIVITAVECCHIA/Foglio.html", "Location": "Italy Grid", "Type": "Official Map"}}, {"type": "Feature", "geometry": {"type": "Polygon", "coordinates": [[[16.5, 42.200005], [17.0, 42.200005], [17.0, 42.533338], [16.5, 42.533338], [16.5, 42.200005]]]}, "properties": {"Title": "Foglio 358 - BRACCIANO", "DOI": "CARG-358", "URL": "https://www.isprambiente.gov.it/Media/carg/358_BRACCIANO/Foglio.html", "Location": "Italy Grid", "Type": "Official Map"}}, {"type": "Feature", "geometry": {"type": "Polygon", "coordinates": [[[17.0, 42.200005], [17.5, 42.200005], [17.5, 42.533338], [17.0, 42.533338], [17.0, 42.200005]]]}, "properties": {"Title": "Foglio 359 - L'AQUILA", "DOI": "CARG-359", "URL": "https://www.isprambiente.gov.it/Media/carg/359_LAQUILA/Foglio.html", "Location": "Italy Grid", "Type": "Official Map"}}, {"type": "Feature", "geometry": {"type": "Polygon", "coordinates": [[[17.5, 42.200005], [18.0, 42.200005], [18.0, 42.533338], [17.5, 42.533338], [17.5, 42.200005]]]}, "properties": {"Title": "Foglio 360 - TORRE DE PASSERI", "DOI": "CARG-360", "URL": "https://www.isprambiente.gov.it/Media/carg/360_TORRE_DE_PASSERI/Foglio.html", "Location": "Italy Grid", "Type": "Official Map"}}, {"type": "Feature", "geometry": {"type": "Polygon", "coordinates": [[[6.0, 41.866672], [6.5, 41.866672], [6.5, 42.200005], [6.0, 42.200005], [6.0, 41.866672]]]}, "properties": {"Title": "Foglio 361 - CHIETI", "DOI": "CARG-361", "URL": "https://www.isprambiente.gov.it/Media/carg/361_CHIETI/Foglio.html", "Location": "Italy Grid", "Type": "Official Map"}}, {"type": "Feature", "geometry": {"type": "Polygon", "coordinates": [[[6.5, 41.866672], [7.0, 41.866672], [7.0, 42.200005], [6.5, 42.200005], [6.5, 41.866672]]]}, "properties": {"Title": "Foglio 362 - ORTONA", "DOI": "CARG-362", "URL": "https://www.isprambiente.gov.it/Media/carg/362_ORTONA/Foglio.html", "Location": "Italy Grid", "Type": "Official Map"}}, {"type": "Feature", "geometry": {"type": "Polygon", "coordinates": [[[7.0, 41.866672], [7.5, 41.866672], [7.5, 42.200005], [7.0, 42.200005], [7.0, 41.866672]]]}, "properties": {"Title": "Foglio 363 (In lavorazione/Non disp.)", "DOI": "CARG-363", "URL": "https://www.isprambiente.gov.it/Media/carg/index.html", "Location": "Italy Grid", "Type": "Official Map"}}, {"type": "Feature", "geometry": {"type": "Polygon", "coordinates": [[[7.5, 41.866672], [8.0, 41.866672], [8.0, 42.200005], [7.5, 42.200005], [7.5, 41.866672]]]}, "properties": {"Title": "Foglio 364 - BRACCIANO", "DOI": "CARG-364", "URL": "https://www.isprambiente.gov.it/Media/carg/364_BRACCIANO/Foglio.html", "Location": "Italy Grid", "Type": "Official Map"}}, {"type": "Feature", "geometry": {"type": "Polygon", "coordinates": [[[8.0, 41.866672], [8.5, 41.866672], [8.5, 42.200005], [8.0, 42.200005], [8.0, 41.866672]]]}, "properties": {"Title": "Foglio 365 - MONTEROTONDO", "DOI": "CARG-365", "URL": "https://www.isprambiente.gov.it/Media/carg/365_MONTEROTONDO/Foglio.html", "Location": "Italy Grid", "Type": "Official Map"}}, {"type": "Feature", "geometry": {"type": "Polygon", "coordinates": [[[8.5, 41.866672], [9.0, 41.866672], [9.0, 42.200005], [8.5, 42.200005], [8.5, 41.866672]]]}, "properties": {"Title": "Foglio 366 - AVEZZANO", "DOI": "CARG-366", "URL": "https://www.isprambiente.gov.it/Media/carg/366_AVEZZANO/Foglio.html", "Location": "Italy Grid", "Type": "Official Map"}}, {"type": "Feature", "geometry": {"type": "Polygon", "coordinates": [[[9.0, 41.866672], [9.5, 41.866672], [9.5, 42.200005], [9.0, 42.200005], [9.0, 41.866672]]]}, "properties": {"Title": "Foglio 367 - SULMONA", "DOI": "CARG-367", "URL": "https://www.isprambiente.gov.it/Media/carg/367_SULMONA/Foglio.html", "Location": "Italy Grid", "Type": "Official Map"}}, {"type": "Feature", "geometry": {"type": "Polygon", "coordinates": [[[9.5, 41.866672], [10.0, 41.866672], [10.0, 42.200005], [9.5, 42.200005], [9.5, 41.866672]]]}, "properties": {"Title": "Foglio 368 - ATESSA", "DOI": "CARG-368", "URL": "https://www.isprambiente.gov.it/Media/carg/368_ATESSA/Foglio.html", "Location": "Italy Grid", "Type": "Official Map"}}, {"type": "Feature", "geometry": {"type": "Polygon", "coordinates": [[[10.0, 41.866672], [10.5, 41.866672], [10.5, 42.200005], [10.0, 42.200005], [10.0, 41.866672]]]}, "properties": {"Title": "Foglio 369 (In lavorazione/Non disp.)", "DOI": "CARG-369", "URL": "https://www.isprambiente.gov.it/Media/carg/index.html", "Location": "Italy Grid", "Type": "Official Map"}}, {"type": "Feature", "geometry": {"type": "Polygon", "coordinates": [[[10.5, 41.866672], [11.0, 41.866672], [11.0, 42.200005], [10.5, 42.200005], [10.5, 41.866672]]]}, "properties": {"Title": "Foglio 370 (In lavorazione/Non disp.)", "DOI": "CARG-370", "URL": "https://www.isprambiente.gov.it/Media/carg/index.html", "Location": "Italy Grid", "Type": "Official Map"}}, {"type": "Feature", "geometry": {"type": "Polygon", "coordinates": [[[11.0, 41.866672], [11.5, 41.866672], [11.5, 42.200005], [11.0, 42.200005], [11.0, 41.866672]]]}, "properties": {"Title": "Foglio 371 (In lavorazione/Non disp.)", "DOI": "CARG-371", "URL": "https://www.isprambiente.gov.it/Media/carg/index.html", "Location": "Italy Grid", "Type": "Official Map"}}, {"type": "Feature", "geometry": {"type": "Polygon", "coordinates": [[[11.5, 41.866672], [12.0, 41.866672], [12.0, 42.200005], [11.5, 42.200005], [11.5, 41.866672]]]}, "properties": {"Title": "Foglio 372 (In lavorazione/Non disp.)", "DOI": "CARG-372", "URL": "https://www.isprambiente.gov.it/Media/carg/index.html", "Location": "Italy Grid", "Type": "Official Map"}}, {"type": "Feature", "geometry": {"type": "Polygon", "coordinates": [[[12.0, 41.866672], [12.5, 41.866672], [12.5, 42.200005], [12.0, 42.200005], [12.0, 41.866672]]]}, "properties": {"Title": "Foglio 373 - CERVETERI", "DOI": "CARG-373", "URL": "https://www.isprambiente.gov.it/Media/carg/373_CERVETERI/Foglio.html", "Location": "Italy Grid", "Type": "Official Map"}}, {"type": "Feature", "geometry": {"type": "Polygon", "coordinates": [[[12.5, 41.866672], [13.0, 41.866672], [13.0, 42.200005], [12.5, 42.200005], [12.5, 41.866672]]]}, "properties": {"Title": "Foglio 374 - ROMA", "DOI": "CARG-374", "URL": "https://www.isprambiente.gov.it/Media/carg/374_ROMA/Foglio.html", "Location": "Italy Grid", "Type": "Official Map"}}, {"type": "Feature", "geometry": {"type": "Polygon", "coordinates": [[[13.0, 41.866672], [13.5, 41.866672], [13.5, 42.200005], [13.0, 42.200005], [13.0, 41.866672]]]}, "properties": {"Title": "Foglio 375 - TIVOLI", "DOI": "CARG-375", "URL": "https://www.isprambiente.gov.it/Media/carg/375_TIVOLI/Foglio.html", "Location": "Italy Grid", "Type": "Official Map"}}, {"type": "Feature", "geometry": {"type": "Polygon", "coordinates": [[[13.5, 41.866672], [14.0, 41.866672], [14.0, 42.200005], [13.5, 42.200005], [13.5, 41.866672]]]}, "properties": {"Title": "Foglio 376 - SUBIACO", "DOI": "CARG-376", "URL": "https://www.isprambiente.gov.it/Media/carg/376_SUBIACO/Foglio.html", "Location": "Italy Grid", "Type": "Official Map"}}, {"type": "Feature", "geometry": {"type": "Polygon", "coordinates": [[[14.0, 41.866672], [14.5, 41.866672], [14.5, 42.200005], [14.0, 42.200005], [14.0, 41.866672]]]}, "properties": {"Title": "Foglio 377 (In lavorazione/Non disp.)", "DOI": "CARG-377", "URL": "https://www.isprambiente.gov.it/Media/carg/index.html", "Location": "Italy Grid", "Type": "Official Map"}}, {"type": "Feature", "geometry": {"type": "Polygon", "coordinates": [[[14.5, 41.866672], [15.0, 41.866672], [15.0, 42.200005], [14.5, 42.200005], [14.5, 41.866672]]]}, "properties": {"Title": "Foglio 378 (In lavorazione/Non disp.)", "DOI": "CARG-378", "URL": "https://www.isprambiente.gov.it/Media/carg/index.html", "Location": "Italy Grid", "Type": "Official Map"}}, {"type": "Feature", "geometry": {"type": "Polygon", "coordinates": [[[15.0, 41.866672], [15.5, 41.866672], [15.5, 42.200005], [15.0, 42.200005], [15.0, 41.866672]]]}, "properties": {"Title": "Foglio 379 - TERMOLI", "DOI": "CARG-379", "URL": "https://www.isprambiente.gov.it/Media/carg/379_TERMOLI/Foglio.html", "Location": "Italy Grid", "Type": "Official Map"}}, {"type": "Feature", "geometry": {"type": "Polygon", "coordinates": [[[15.5, 41.866672], [16.0, 41.866672], [16.0, 42.200005], [15.5, 42.200005], [15.5, 41.866672]]]}, "properties": {"Title": "Foglio 380 (In lavorazione/Non disp.)", "DOI": "CARG-380", "URL": "https://www.isprambiente.gov.it/Media/carg/index.html", "Location": "Italy Grid", "Type": "Official Map"}}, {"type": "Feature", "geometry": {"type": "Polygon", "coordinates": [[[16.0, 41.866672], [16.5, 41.866672], [16.5, 42.200005], [16.0, 42.200005], [16.0, 41.866672]]]}, "properties": {"Title": "Foglio 381 (In lavorazione/Non disp.)", "DOI": "CARG-381", "URL": "https://www.isprambiente.gov.it/Media/carg/index.html", "Location": "Italy Grid", "Type": "Official Map"}}, {"type": "Feature", "geometry": {"type": "Polygon", "coordinates": [[[16.5, 41.866672], [17.0, 41.866672], [17.0, 42.200005], [16.5, 42.200005], [16.5, 41.866672]]]}, "properties": {"Title": "Foglio 382 (In lavorazione/Non disp.)", "DOI": "CARG-382", "URL": "https://www.isprambiente.gov.it/Media/carg/index.html", "Location": "Italy Grid", "Type": "Official Map"}}, {"type": "Feature", "geometry": {"type": "Polygon", "coordinates": [[[17.0, 41.866672], [17.5, 41.866672], [17.5, 42.200005], [17.0, 42.200005], [17.0, 41.866672]]]}, "properties": {"Title": "Foglio 383 (In lavorazione/Non disp.)", "DOI": "CARG-383", "URL": "https://www.isprambiente.gov.it/Media/carg/index.html", "Location": "Italy Grid", "Type": "Official Map"}}, {"type": "Feature", "geometry": {"type": "Polygon", "coordinates": [[[17.5, 41.866672], [18.0, 41.866672], [18.0, 42.200005], [17.5, 42.200005], [17.5, 41.866672]]]}, "properties": {"Title": "Foglio 384 (In lavorazione/Non disp.)", "DOI": "CARG-384", "URL": "https://www.isprambiente.gov.it/Media/carg/index.html", "Location": "Italy Grid", "Type": "Official Map"}}, {"type": "Feature", "geometry": {"type": "Polygon", "coordinates": [[[6.0, 41.533339], [6.5, 41.533339], [6.5, 41.866672], [6.0, 41.866672], [6.0, 41.533339]]]}, "properties": {"Title": "Foglio 385 (In lavorazione/Non disp.)", "DOI": "CARG-385", "URL": "https://www.isprambiente.gov.it/Media/carg/index.html", "Location": "Italy Grid", "Type": "Official Map"}}, {"type": "Feature", "geometry": {"type": "Polygon", "coordinates": [[[6.5, 41.533339], [7.0, 41.533339], [7.0, 41.866672], [6.5, 41.866672], [6.5, 41.533339]]]}, "properties": {"Title": "Foglio 386 - FIUMICINO", "DOI": "CARG-386", "URL": "https://www.isprambiente.gov.it/Media/carg/386_FIUMICINO/Foglio.html", "Location": "Italy Grid", "Type": "Official Map"}}, {"type": "Feature", "geometry": {"type": "Polygon", "coordinates": [[[7.0, 41.533339], [7.5, 41.533339], [7.5, 41.866672], [7.0, 41.866672], [7.0, 41.533339]]]}, "properties": {"Title": "Foglio 387 - ALBANO LAZIALE", "DOI": "CARG-387", "URL": "https://www.isprambiente.gov.it/Media/carg/387_ALBANO_LAZIALE/Foglio.html", "Location": "Italy Grid", "Type": "Official Map"}}, {"type": "Feature", "geometry": {"type": "Polygon", "coordinates": [[[7.5, 41.533339], [8.0, 41.533339], [8.0, 41.866672], [7.5, 41.866672], [7.5, 41.533339]]]}, "properties": {"Title": "Foglio 388 - VELLETRI", "DOI": "CARG-388", "URL": "https://www.isprambiente.gov.it/Media/carg/388_VELLETRI/Foglio.html", "Location": "Italy Grid", "Type": "Official Map"}}, {"type": "Feature", "geometry": {"type": "Polygon", "coordinates": [[[8.0, 41.533339], [8.5, 41.533339], [8.5, 41.866672], [8.0, 41.866672], [8.0, 41.533339]]]}, "properties": {"Title": "Foglio 389 - ANAGNI", "DOI": "CARG-389", "URL": "https://www.isprambiente.gov.it/Media/carg/389_ANAGNI/Foglio.html", "Location": "Italy Grid", "Type": "Official Map"}}, {"type": "Feature", "geometry": {"type": "Polygon", "coordinates": [[[8.5, 41.533339], [9.0, 41.533339], [9.0, 41.866672], [8.5, 41.866672], [8.5, 41.533339]]]}, "properties": {"Title": "Foglio 390 - SORA", "DOI": "CARG-390", "URL": "https://www.isprambiente.gov.it/Media/carg/390_SORA/Foglio.html", "Location": "Italy Grid", "Type": "Official Map"}}, {"type": "Feature", "geometry": {"type": "Polygon", "coordinates": [[[9.0, 41.533339], [9.5, 41.533339], [9.5, 41.866672], [9.0, 41.866672], [9.0, 41.533339]]]}, "properties": {"Title": "Foglio 391 (In lavorazione/Non disp.)", "DOI": "CARG-391", "URL": "https://www.isprambiente.gov.it/Media/carg/index.html", "Location": "Italy Grid", "Type": "Official Map"}}, {"type": "Feature", "geometry": {"type": "Polygon", "coordinates": [[[9.5, 41.533339], [10.0, 41.533339], [10.0, 41.866672], [9.5, 41.866672], [9.5, 41.533339]]]}, "properties": {"Title": "Foglio 392 - CASTEL DI SANGRO", "DOI": "CARG-392", "URL": "https://www.isprambiente.gov.it/Media/carg/392_CASTEL_DI_SANGRO/Foglio.html", "Location": "Italy Grid", "Type": "Official Map"}}, {"type": "Feature", "geometry": {"type": "Polygon", "coordinates": [[[10.0, 41.533339], [10.5, 41.533339], [10.5, 41.866672], [10.0, 41.866672], [10.0, 41.533339]]]}, "properties": {"Title": "Foglio 393 - TRIVENTO", "DOI": "CARG-393", "URL": "https://www.isprambiente.gov.it/Media/carg/393_TRIVENTO/Foglio.html", "Location": "Italy Grid", "Type": "Official Map"}}, {"type": "Feature", "geometry": {"type": "Polygon", "coordinates": [[[10.5, 41.533339], [11.0, 41.533339], [11.0, 41.866672], [10.5, 41.866672], [10.5, 41.533339]]]}, "properties": {"Title": "Foglio 394 (In lavorazione/Non disp.)", "DOI": "CARG-394", "URL": "https://www.isprambiente.gov.it/Media/carg/index.html", "Location": "Italy Grid", "Type": "Official Map"}}, {"type": "Feature", "geometry": {"type": "Polygon", "coordinates": [[[11.0, 41.533339], [11.5, 41.533339], [11.5, 41.866672], [11.0, 41.866672], [11.0, 41.533339]]]}, "properties": {"Title": "Foglio 395 (In lavorazione/Non disp.)", "DOI": "CARG-395", "URL": "https://www.isprambiente.gov.it/Media/carg/index.html", "Location": "Italy Grid", "Type": "Official Map"}}, {"type": "Feature", "geometry": {"type": "Polygon", "coordinates": [[[11.5, 41.533339], [12.0, 41.533339], [12.0, 41.866672], [11.5, 41.866672], [11.5, 41.533339]]]}, "properties": {"Title": "Foglio 396 (In lavorazione/Non disp.)", "DOI": "CARG-396", "URL": "https://www.isprambiente.gov.it/Media/carg/index.html", "Location": "Italy Grid", "Type": "Official Map"}}, {"type": "Feature", "geometry": {"type": "Polygon", "coordinates": [[[12.0, 41.533339], [12.5, 41.533339], [12.5, 41.866672], [12.0, 41.866672], [12.0, 41.533339]]]}, "properties": {"Title": "Foglio 397 (In lavorazione/Non disp.)", "DOI": "CARG-397", "URL": "https://www.isprambiente.gov.it/Media/carg/index.html", "Location": "Italy Grid", "Type": "Official Map"}}, {"type": "Feature", "geometry": {"type": "Polygon", "coordinates": [[[12.5, 41.533339], [13.0, 41.533339], [13.0, 41.866672], [12.5, 41.866672], [12.5, 41.533339]]]}, "properties": {"Title": "Foglio 398 (In lavorazione/Non disp.)", "DOI": "CARG-398", "URL": "https://www.isprambiente.gov.it/Media/carg/index.html", "Location": "Italy Grid", "Type": "Official Map"}}, {"type": "Feature", "geometry": {"type": "Polygon", "coordinates": [[[13.0, 41.533339], [13.5, 41.533339], [13.5, 41.866672], [13.0, 41.866672], [13.0, 41.533339]]]}, "properties": {"Title": "Foglio 399 (In lavorazione/Non disp.)", "DOI": "CARG-399", "URL": "https://www.isprambiente.gov.it/Media/carg/index.html", "Location": "Italy Grid", "Type": "Official Map"}}, {"type": "Feature", "geometry": {"type": "Polygon", "coordinates": [[[13.5, 41.533339], [14.0, 41.533339], [14.0, 41.866672], [13.5, 41.866672], [13.5, 41.533339]]]}, "properties": {"Title": "Foglio 400 (In lavorazione/Non disp.)", "DOI": "CARG-400", "URL": "https://www.isprambiente.gov.it/Media/carg/index.html", "Location": "Italy Grid", "Type": "Official Map"}}, {"type": "Feature", "geometry": {"type": "Polygon", "coordinates": [[[14.0, 41.533339], [14.5, 41.533339], [14.5, 41.866672], [14.0, 41.866672], [14.0, 41.533339]]]}, "properties": {"Title": "Foglio 401 (In lavorazione/Non disp.)", "DOI": "CARG-401", "URL": "https://www.isprambiente.gov.it/Media/carg/index.html", "Location": "Italy Grid", "Type": "Official Map"}}, {"type": "Feature", "geometry": {"type": "Polygon", "coordinates": [[[14.5, 41.533339], [15.0, 41.533339], [15.0, 41.866672], [14.5, 41.866672], [14.5, 41.533339]]]}, "properties": {"Title": "Foglio 402 - CECCANO", "DOI": "CARG-402", "URL": "https://www.isprambiente.gov.it/Media/carg/402_CECCANO/Foglio.html", "Location": "Italy Grid", "Type": "Official Map"}}, {"type": "Feature", "geometry": {"type": "Polygon", "coordinates": [[[15.0, 41.533339], [15.5, 41.533339], [15.5, 41.866672], [15.0, 41.866672], [15.0, 41.533339]]]}, "properties": {"Title": "Foglio 403 - CASSINO", "DOI": "CARG-403", "URL": "https://www.isprambiente.gov.it/Media/carg/403_CASSINO/Foglio.html", "Location": "Italy Grid", "Type": "Official Map"}}, {"type": "Feature", "geometry": {"type": "Polygon", "coordinates": [[[15.5, 41.533339], [16.0, 41.533339], [16.0, 41.866672], [15.5, 41.866672], [15.5, 41.533339]]]}, "properties": {"Title": "Foglio 404 - ISERNIA", "DOI": "CARG-404", "URL": "https://www.isprambiente.gov.it/Media/carg/404_ISERNIA/Foglio.html", "Location": "Italy Grid", "Type": "Official Map"}}, {"type": "Feature", "geometry": {"type": "Polygon", "coordinates": [[[16.0, 41.533339], [16.5, 41.533339], [16.5, 41.866672], [16.0, 41.866672], [16.0, 41.533339]]]}, "properties": {"Title": "Foglio 405 - CAMPOBASSO", "DOI": "CARG-405", "URL": "https://www.isprambiente.gov.it/Media/carg/405_CAMPOBASSO/Foglio.html", "Location": "Italy Grid", "Type": "Official Map"}}, {"type": "Feature", "geometry": {"type": "Polygon", "coordinates": [[[16.5, 41.533339], [17.0, 41.533339], [17.0, 41.866672], [16.5, 41.866672], [16.5, 41.533339]]]}, "properties": {"Title": "Foglio 406 (In lavorazione/Non disp.)", "DOI": "CARG-406", "URL": "https://www.isprambiente.gov.it/Media/carg/index.html", "Location": "Italy Grid", "Type": "Official Map"}}, {"type": "Feature", "geometry": {"type": "Polygon", "coordinates": [[[17.0, 41.533339], [17.5, 41.533339], [17.5, 41.866672], [17.0, 41.866672], [17.0, 41.533339]]]}, "properties": {"Title": "Foglio 407 (In lavorazione/Non disp.)", "DOI": "CARG-407", "URL": "https://www.isprambiente.gov.it/Media/carg/index.html", "Location": "Italy Grid", "Type": "Official Map"}}, {"type": "Feature", "geometry": {"type": "Polygon", "coordinates": [[[17.5, 41.533339], [18.0, 41.533339], [18.0, 41.866672], [17.5, 41.866672], [17.5, 41.533339]]]}, "properties": {"Title": "Foglio 408 (In lavorazione/Non disp.)", "DOI": "CARG-408", "URL": "https://www.isprambiente.gov.it/Media/carg/index.html", "Location": "Italy Grid", "Type": "Official Map"}}, {"type": "Feature", "geometry": {"type": "Polygon", "coordinates": [[[6.0, 41.200006], [6.5, 41.200006], [6.5, 41.533339], [6.0, 41.533339], [6.0, 41.200006]]]}, "properties": {"Title": "Foglio 409 (In lavorazione/Non disp.)", "DOI": "CARG-409", "URL": "https://www.isprambiente.gov.it/Media/carg/index.html", "Location": "Italy Grid", "Type": "Official Map"}}, {"type": "Feature", "geometry": {"type": "Polygon", "coordinates": [[[4.5, 41.200006], [5.0, 41.200006], [5.0, 41.533339], [4.5, 41.533339], [4.5, 41.200006]]]}, "properties": {"Title": "Foglio 410 (In lavorazione/Non disp.)", "DOI": "CARG-410", "URL": "https://www.isprambiente.gov.it/Media/carg/index.html", "Location": "Italy Grid", "Type": "Official Map"}}, {"type": "Feature", "geometry": {"type": "Polygon", "coordinates": [[[5.0, 41.200006], [5.5, 41.200006], [5.5, 41.533339], [5.0, 41.533339], [5.0, 41.200006]]]}, "properties": {"Title": "Foglio 411 - BOCCHE DI BONIFACIO", "DOI": "CARG-411", "URL": "https://www.isprambiente.gov.it/Media/carg/411_BOCCHE_DI_BONIFACIO/Foglio.html", "Location": "Italy Grid", "Type": "Official Map"}}, {"type": "Feature", "geometry": {"type": "Polygon", "coordinates": [[[5.5, 41.200006], [6.0, 41.200006], [6.0, 41.533339], [5.5, 41.533339], [5.5, 41.200006]]]}, "properties": {"Title": "Foglio 412 - LA MADDALENA", "DOI": "CARG-412", "URL": "https://www.isprambiente.gov.it/Media/carg/412_LA_MADDALENA/Foglio.html", "Location": "Italy Grid", "Type": "Official Map"}}, {"type": "Feature", "geometry": {"type": "Polygon", "coordinates": [[[6.0, 41.200006], [6.5, 41.200006], [6.5, 41.533339], [6.0, 41.533339], [6.0, 41.200006]]]}, "properties": {"Title": "Foglio 413 (In lavorazione/Non disp.)", "DOI": "CARG-413", "URL": "https://www.isprambiente.gov.it/Media/carg/index.html", "Location": "Italy Grid", "Type": "Official Map"}}, {"type": "Feature", "geometry": {"type": "Polygon", "coordinates": [[[6.5, 41.200006], [7.0, 41.200006], [7.0, 41.533339], [6.5, 41.533339], [6.5, 41.200006]]]}, "properties": {"Title": "Foglio 414 (In lavorazione/Non disp.)", "DOI": "CARG-414", "URL": "https://www.isprambiente.gov.it/Media/carg/index.html", "Location": "Italy Grid", "Type": "Official Map"}}, {"type": "Feature", "geometry": {"type": "Polygon", "coordinates": [[[7.0, 41.200006], [7.5, 41.200006], [7.5, 41.533339], [7.0, 41.533339], [7.0, 41.200006]]]}, "properties": {"Title": "Foglio 415 - TEANO", "DOI": "CARG-415", "URL": "https://www.isprambiente.gov.it/Media/carg/415_TEANO/Foglio.html", "Location": "Italy Grid", "Type": "Official Map"}}, {"type": "Feature", "geometry": {"type": "Polygon", "coordinates": [[[7.5, 41.200006], [8.0, 41.200006], [8.0, 41.533339], [7.5, 41.533339], [7.5, 41.200006]]]}, "properties": {"Title": "Foglio 416 - FOGGIA", "DOI": "CARG-416", "URL": "https://www.isprambiente.gov.it/Media/carg/416_FOGGIA/Foglio.html", "Location": "Italy Grid", "Type": "Official Map"}}, {"type": "Feature", "geometry": {"type": "Polygon", "coordinates": [[[8.0, 41.200006], [8.5, 41.200006], [8.5, 41.533339], [8.0, 41.533339], [8.0, 41.200006]]]}, "properties": {"Title": "Foglio 417 (In lavorazione/Non disp.)", "DOI": "CARG-417", "URL": "https://www.isprambiente.gov.it/Media/carg/index.html", "Location": "Italy Grid", "Type": "Official Map"}}, {"type": "Feature", "geometry": {"type": "Polygon", "coordinates": [[[8.5, 41.200006], [9.0, 41.200006], [9.0, 41.533339], [8.5, 41.533339], [8.5, 41.200006]]]}, "properties": {"Title": "Foglio 418 - CERIGNOLA", "DOI": "CARG-418", "URL": "https://www.isprambiente.gov.it/Media/carg/418_CERIGNOLA/Foglio.html", "Location": "Italy Grid", "Type": "Official Map"}}, {"type": "Feature", "geometry": {"type": "Polygon", "coordinates": [[[11.0, 41.200006], [11.5, 41.200006], [11.5, 41.533339], [11.0, 41.533339], [11.0, 41.200006]]]}, "properties": {"Title": "Foglio 419 (In lavorazione/Non disp.)", "DOI": "CARG-419", "URL": "https://www.isprambiente.gov.it/Media/carg/index.html", "Location": "Italy Grid", "Type": "Official Map"}}, {"type": "Feature", "geometry": {"type": "Polygon", "coordinates": [[[11.5, 41.200006], [12.0, 41.200006], [12.0, 41.533339], [11.5, 41.533339], [11.5, 41.200006]]]}, "properties": {"Title": "Foglio 420 (In lavorazione/Non disp.)", "DOI": "CARG-420", "URL": "https://www.isprambiente.gov.it/Media/carg/index.html", "Location": "Italy Grid", "Type": "Official Map"}}, {"type": "Feature", "geometry": {"type": "Polygon", "coordinates": [[[12.0, 41.200006], [12.5, 41.200006], [12.5, 41.533339], [12.0, 41.533339], [12.0, 41.200006]]]}, "properties": {"Title": "Foglio 421 (In lavorazione/Non disp.)", "DOI": "CARG-421", "URL": "https://www.isprambiente.gov.it/Media/carg/index.html", "Location": "Italy Grid", "Type": "Official Map"}}, {"type": "Feature", "geometry": {"type": "Polygon", "coordinates": [[[12.5, 41.200006], [13.0, 41.200006], [13.0, 41.533339], [12.5, 41.533339], [12.5, 41.200006]]]}, "properties": {"Title": "Foglio 422 (In lavorazione/Non disp.)", "DOI": "CARG-422", "URL": "https://www.isprambiente.gov.it/Media/carg/index.html", "Location": "Italy Grid", "Type": "Official Map"}}, {"type": "Feature", "geometry": {"type": "Polygon", "coordinates": [[[13.0, 41.200006], [13.5, 41.200006], [13.5, 41.533339], [13.0, 41.533339], [13.0, 41.200006]]]}, "properties": {"Title": "Foglio 423 (In lavorazione/Non disp.)", "DOI": "CARG-423", "URL": "https://www.isprambiente.gov.it/Media/carg/index.html", "Location": "Italy Grid", "Type": "Official Map"}}, {"type": "Feature", "geometry": {"type": "Polygon", "coordinates": [[[13.5, 41.200006], [14.0, 41.200006], [14.0, 41.533339], [13.5, 41.533339], [13.5, 41.200006]]]}, "properties": {"Title": "Foglio 424 (In lavorazione/Non disp.)", "DOI": "CARG-424", "URL": "https://www.isprambiente.gov.it/Media/carg/index.html", "Location": "Italy Grid", "Type": "Official Map"}}, {"type": "Feature", "geometry": {"type": "Polygon", "coordinates": [[[14.0, 41.200006], [14.5, 41.200006], [14.5, 41.533339], [14.0, 41.533339], [14.0, 41.200006]]]}, "properties": {"Title": "Foglio 425 (In lavorazione/Non disp.)", "DOI": "CARG-425", "URL": "https://www.isprambiente.gov.it/Media/carg/index.html", "Location": "Italy Grid", "Type": "Official Map"}}, {"type": "Feature", "geometry": {"type": "Polygon", "coordinates": [[[14.5, 41.200006], [15.0, 41.200006], [15.0, 41.533339], [14.5, 41.533339], [14.5, 41.200006]]]}, "properties": {"Title": "Foglio 426 - CAPO FALCONE", "DOI": "CARG-426", "URL": "https://www.isprambiente.gov.it/Media/carg/426_CAPO_FALCONE/Foglio.html", "Location": "Italy Grid", "Type": "Official Map"}}, {"type": "Feature", "geometry": {"type": "Polygon", "coordinates": [[[15.0, 41.200006], [15.5, 41.200006], [15.5, 41.533339], [15.0, 41.533339], [15.0, 41.200006]]]}, "properties": {"Title": "Foglio 427 - PORTO TORRES", "DOI": "CARG-427", "URL": "https://www.isprambiente.gov.it/Media/carg/427_PORTO_TORRES/Foglio.html", "Location": "Italy Grid", "Type": "Official Map"}}, {"type": "Feature", "geometry": {"type": "Polygon", "coordinates": [[[15.5, 41.200006], [16.0, 41.200006], [16.0, 41.533339], [15.5, 41.533339], [15.5, 41.200006]]]}, "properties": {"Title": "Foglio 428 - BARLETTA", "DOI": "CARG-428", "URL": "https://www.isprambiente.gov.it/Media/carg/428_BARLETTA/Foglio.html", "Location": "Italy Grid", "Type": "Official Map"}}, {"type": "Feature", "geometry": {"type": "Polygon", "coordinates": [[[16.0, 41.200006], [16.5, 41.200006], [16.5, 41.533339], [16.0, 41.533339], [16.0, 41.200006]]]}, "properties": {"Title": "Foglio 429 (In lavorazione/Non disp.)", "DOI": "CARG-429", "URL": "https://www.isprambiente.gov.it/Media/carg/index.html", "Location": "Italy Grid", "Type": "Official Map"}}, {"type": "Feature", "geometry": {"type": "Polygon", "coordinates": [[[16.5, 41.200006], [17.0, 41.200006], [17.0, 41.533339], [16.5, 41.533339], [16.5, 41.200006]]]}, "properties": {"Title": "Foglio 430 (In lavorazione/Non disp.)", "DOI": "CARG-430", "URL": "https://www.isprambiente.gov.it/Media/carg/index.html", "Location": "Italy Grid", "Type": "Official Map"}}, {"type": "Feature", "geometry": {"type": "Polygon", "coordinates": [[[17.0, 41.200006], [17.5, 41.200006], [17.5, 41.533339], [17.0, 41.533339], [17.0, 41.200006]]]}, "properties": {"Title": "Foglio 431 (In lavorazione/Non disp.)", "DOI": "CARG-431", "URL": "https://www.isprambiente.gov.it/Media/carg/index.html", "Location": "Italy Grid", "Type": "Official Map"}}, {"type": "Feature", "geometry": {"type": "Polygon", "coordinates": [[[17.5, 41.200006], [18.0, 41.200006], [18.0, 41.533339], [17.5, 41.533339], [17.5, 41.200006]]]}, "properties": {"Title": "Foglio 432 - BENEVENTO", "DOI": "CARG-432", "URL": "https://www.isprambiente.gov.it/Media/carg/432_BENEVENTO/Foglio.html", "Location": "Italy Grid", "Type": "Official Map"}}, {"type": "Feature", "geometry": {"type": "Polygon", "coordinates": [[[4.0, 40.866673], [4.5, 40.866673], [4.5, 41.200006], [4.0, 41.200006], [4.0, 40.866673]]]}, "properties": {"Title": "Foglio 433 - ARIANO IRPINO", "DOI": "CARG-433", "URL": "https://www.isprambiente.gov.it/Media/carg/433_ARIANO_IRPINO/Foglio.html", "Location": "Italy Grid", "Type": "Official Map"}}, {"type": "Feature", "geometry": {"type": "Polygon", "coordinates": [[[4.5, 40.866673], [5.0, 40.866673], [5.0, 41.200006], [4.5, 41.200006], [4.5, 40.866673]]]}, "properties": {"Title": "Foglio 434 (In lavorazione/Non disp.)", "DOI": "CARG-434", "URL": "https://www.isprambiente.gov.it/Media/carg/index.html", "Location": "Italy Grid", "Type": "Official Map"}}, {"type": "Feature", "geometry": {"type": "Polygon", "coordinates": [[[5.0, 40.866673], [5.5, 40.866673], [5.5, 41.200006], [5.0, 41.200006], [5.0, 40.866673]]]}, "properties": {"Title": "Foglio 435 (In lavorazione/Non disp.)", "DOI": "CARG-435", "URL": "https://www.isprambiente.gov.it/Media/carg/index.html", "Location": "Italy Grid", "Type": "Official Map"}}, {"type": "Feature", "geometry": {"type": "Polygon", "coordinates": [[[5.5, 40.866673], [6.0, 40.866673], [6.0, 41.200006], [5.5, 41.200006], [5.5, 40.866673]]]}, "properties": {"Title": "Foglio 436 (In lavorazione/Non disp.)", "DOI": "CARG-436", "URL": "https://www.isprambiente.gov.it/Media/carg/index.html", "Location": "Italy Grid", "Type": "Official Map"}}, {"type": "Feature", "geometry": {"type": "Polygon", "coordinates": [[[6.0, 40.866673], [6.5, 40.866673], [6.5, 41.200006], [6.0, 41.200006], [6.0, 40.866673]]]}, "properties": {"Title": "Foglio 437 - BARI", "DOI": "CARG-437", "URL": "https://www.isprambiente.gov.it/Media/carg/437_BARI/Foglio.html", "Location": "Italy Grid", "Type": "Official Map"}}, {"type": "Feature", "geometry": {"type": "Polygon", "coordinates": [[[6.5, 40.866673], [7.0, 40.866673], [7.0, 41.200006], [6.5, 41.200006], [6.5, 40.866673]]]}, "properties": {"Title": "Foglio 438 - MOLA DI BARI", "DOI": "CARG-438", "URL": "https://www.isprambiente.gov.it/Media/carg/438_MOLA_DI_BARI/Foglio.html", "Location": "Italy Grid", "Type": "Official Map"}}, {"type": "Feature", "geometry": {"type": "Polygon", "coordinates": [[[7.0, 40.866673], [7.5, 40.866673], [7.5, 41.200006], [7.0, 41.200006], [7.0, 40.866673]]]}, "properties": {"Title": "Foglio 439 (In lavorazione/Non disp.)", "DOI": "CARG-439", "URL": "https://www.isprambiente.gov.it/Media/carg/index.html", "Location": "Italy Grid", "Type": "Official Map"}}, {"type": "Feature", "geometry": {"type": "Polygon", "coordinates": [[[7.5, 40.866673], [8.0, 40.866673], [8.0, 41.200006], [7.5, 41.200006], [7.5, 40.866673]]]}, "properties": {"Title": "Foglio 440 (In lavorazione/Non disp.)", "DOI": "CARG-440", "URL": "https://www.isprambiente.gov.it/Media/carg/index.html", "Location": "Italy Grid", "Type": "Official Map"}}, {"type": "Feature", "geometry": {"type": "Polygon", "coordinates": [[[8.0, 40.866673], [8.5, 40.866673], [8.5, 41.200006], [8.0, 41.200006], [8.0, 40.866673]]]}, "properties": {"Title": "Foglio 441 - SASSARI", "DOI": "CARG-441", "URL": "https://www.isprambiente.gov.it/Media/carg/441_SASSARI/Foglio.html", "Location": "Italy Grid", "Type": "Official Map"}}, {"type": "Feature", "geometry": {"type": "Polygon", "coordinates": [[[8.5, 40.866673], [9.0, 40.866673], [9.0, 41.200006], [8.5, 41.200006], [8.5, 40.866673]]]}, "properties": {"Title": "Foglio 442 - TEMPIO PAUSANIA", "DOI": "CARG-442", "URL": "https://www.isprambiente.gov.it/Media/carg/442_TEMPIO_PAUSANIA/Foglio.html", "Location": "Italy Grid", "Type": "Official Map"}}, {"type": "Feature", "geometry": {"type": "Polygon", "coordinates": [[[11.0, 40.866673], [11.5, 40.866673], [11.5, 41.200006], [11.0, 41.200006], [11.0, 40.866673]]]}, "properties": {"Title": "Foglio 443 - OLBIA", "DOI": "CARG-443", "URL": "https://www.isprambiente.gov.it/Media/carg/443_OLBIA/Foglio.html", "Location": "Italy Grid", "Type": "Official Map"}}, {"type": "Feature", "geometry": {"type": "Polygon", "coordinates": [[[11.5, 40.866673], [12.0, 40.866673], [12.0, 41.200006], [11.5, 41.200006], [11.5, 40.866673]]]}, "properties": {"Title": "Foglio 444 (In lavorazione/Non disp.)", "DOI": "CARG-444", "URL": "https://www.isprambiente.gov.it/Media/carg/index.html", "Location": "Italy Grid", "Type": "Official Map"}}, {"type": "Feature", "geometry": {"type": "Polygon", "coordinates": [[[12.0, 40.866673], [12.5, 40.866673], [12.5, 41.200006], [12.0, 41.200006], [12.0, 40.866673]]]}, "properties": {"Title": "Foglio 445 - POZZUOLI", "DOI": "CARG-445", "URL": "https://www.isprambiente.gov.it/Media/carg/445_POZZUOLI/Foglio.html", "Location": "Italy Grid", "Type": "Official Map"}}, {"type": "Feature", "geometry": {"type": "Polygon", "coordinates": [[[12.5, 40.866673], [13.0, 40.866673], [13.0, 41.200006], [12.5, 41.200006], [12.5, 40.866673]]]}, "properties": {"Title": "Foglio 446 - NAPOLI", "DOI": "CARG-446", "URL": "https://www.isprambiente.gov.it/Media/carg/446_NAPOLI/Foglio.html", "Location": "Italy Grid", "Type": "Official Map"}}, {"type": "Feature", "geometry": {"type": "Polygon", "coordinates": [[[13.0, 40.866673], [13.5, 40.866673], [13.5, 41.200006], [13.0, 41.200006], [13.0, 40.866673]]]}, "properties": {"Title": "Foglio 447 - ERCOLANO", "DOI": "CARG-447", "URL": "https://www.isprambiente.gov.it/Media/carg/447_ERCOLANO/Foglio.html", "Location": "Italy Grid", "Type": "Official Map"}}, {"type": "Feature", "geometry": {"type": "Polygon", "coordinates": [[[13.5, 40.866673], [14.0, 40.866673], [14.0, 41.200006], [13.5, 41.200006], [13.5, 40.866673]]]}, "properties": {"Title": "Foglio 448 - NOCERA INFERIORE", "DOI": "CARG-448", "URL": "https://www.isprambiente.gov.it/Media/carg/448_NOCERA_INFERIORE/Foglio.html", "Location": "Italy Grid", "Type": "Official Map"}}, {"type": "Feature", "geometry": {"type": "Polygon", "coordinates": [[[14.0, 40.866673], [14.5, 40.866673], [14.5, 41.200006], [14.0, 41.200006], [14.0, 40.866673]]]}, "properties": {"Title": "Foglio 449 - AVELLINO", "DOI": "CARG-449", "URL": "https://www.isprambiente.gov.it/Media/carg/449_AVELLINO/Foglio.html", "Location": "Italy Grid", "Type": "Official Map"}}, {"type": "Feature", "geometry": {"type": "Polygon", "coordinates": [[[14.5, 40.866673], [15.0, 40.866673], [15.0, 41.200006], [14.5, 41.200006], [14.5, 40.866673]]]}, "properties": {"Title": "Foglio 450 - SANT'ANGELO DEI LOMBARDI", "DOI": "CARG-450", "URL": "https://www.isprambiente.gov.it/Media/carg/450_SANTANGELO_DEI_LOMBARDI/Foglio.html", "Location": "Italy Grid", "Type": "Official Map"}}, {"type": "Feature", "geometry": {"type": "Polygon", "coordinates": [[[15.0, 40.866673], [15.5, 40.866673], [15.5, 41.200006], [15.0, 41.200006], [15.0, 40.866673]]]}, "properties": {"Title": "Foglio 451 - MELFI", "DOI": "CARG-451", "URL": "https://www.isprambiente.gov.it/Media/carg/451_MELFI/Foglio.html", "Location": "Italy Grid", "Type": "Official Map"}}, {"type": "Feature", "geometry": {"type": "Polygon", "coordinates": [[[15.5, 40.866673], [16.0, 40.866673], [16.0, 41.200006], [15.5, 41.200006], [15.5, 40.866673]]]}, "properties": {"Title": "Foglio 452 (In lavorazione/Non disp.)", "DOI": "CARG-452", "URL": "https://www.isprambiente.gov.it/Media/carg/index.html", "Location": "Italy Grid", "Type": "Official Map"}}, {"type": "Feature", "geometry": {"type": "Polygon", "coordinates": [[[16.0, 40.866673], [16.5, 40.866673], [16.5, 41.200006], [16.0, 41.200006], [16.0, 40.866673]]]}, "properties": {"Title": "Foglio 453 (In lavorazione/Non disp.)", "DOI": "CARG-453", "URL": "https://www.isprambiente.gov.it/Media/carg/index.html", "Location": "Italy Grid", "Type": "Official Map"}}, {"type": "Feature", "geometry": {"type": "Polygon", "coordinates": [[[16.5, 40.866673], [17.0, 40.866673], [17.0, 41.200006], [16.5, 41.200006], [16.5, 40.866673]]]}, "properties": {"Title": "Foglio 454 (In lavorazione/Non disp.)", "DOI": "CARG-454", "URL": "https://www.isprambiente.gov.it/Media/carg/index.html", "Location": "Italy Grid", "Type": "Official Map"}}, {"type": "Feature", "geometry": {"type": "Polygon", "coordinates": [[[17.0, 40.866673], [17.5, 40.866673], [17.5, 41.200006], [17.0, 41.200006], [17.0, 40.866673]]]}, "properties": {"Title": "Foglio 455 (In lavorazione/Non disp.)", "DOI": "CARG-455", "URL": "https://www.isprambiente.gov.it/Media/carg/index.html", "Location": "Italy Grid", "Type": "Official Map"}}, {"type": "Feature", "geometry": {"type": "Polygon", "coordinates": [[[17.5, 40.866673], [18.0, 40.866673], [18.0, 41.200006], [17.5, 41.200006], [17.5, 40.866673]]]}, "properties": {"Title": "Foglio 456 (In lavorazione/Non disp.)", "DOI": "CARG-456", "URL": "https://www.isprambiente.gov.it/Media/carg/index.html", "Location": "Italy Grid", "Type": "Official Map"}}, {"type": "Feature", "geometry": {"type": "Polygon", "coordinates": [[[4.0, 40.53334], [4.5, 40.53334], [4.5, 40.866673], [4.0, 40.866673], [4.0, 40.53334]]]}, "properties": {"Title": "Foglio 457 (In lavorazione/Non disp.)", "DOI": "CARG-457", "URL": "https://www.isprambiente.gov.it/Media/carg/index.html", "Location": "Italy Grid", "Type": "Official Map"}}, {"type": "Feature", "geometry": {"type": "Polygon", "coordinates": [[[4.5, 40.53334], [5.0, 40.53334], [5.0, 40.866673], [4.5, 40.866673], [4.5, 40.53334]]]}, "properties": {"Title": "Foglio 458 (In lavorazione/Non disp.)", "DOI": "CARG-458", "URL": "https://www.isprambiente.gov.it/Media/carg/index.html", "Location": "Italy Grid", "Type": "Official Map"}}, {"type": "Feature", "geometry": {"type": "Polygon", "coordinates": [[[5.0, 40.53334], [5.5, 40.53334], [5.5, 40.866673], [5.0, 40.866673], [5.0, 40.53334]]]}, "properties": {"Title": "Foglio 459 - ALGHERO", "DOI": "CARG-459", "URL": "https://www.isprambiente.gov.it/Media/carg/459_ALGHERO/Foglio.html", "Location": "Italy Grid", "Type": "Official Map"}}, {"type": "Feature", "geometry": {"type": "Polygon", "coordinates": [[[5.5, 40.53334], [6.0, 40.53334], [6.0, 40.866673], [5.5, 40.866673], [5.5, 40.53334]]]}, "properties": {"Title": "Foglio 460 - BONORVA", "DOI": "CARG-460", "URL": "https://www.isprambiente.gov.it/Media/carg/460_BONORVA/Foglio.html", "Location": "Italy Grid", "Type": "Official Map"}}, {"type": "Feature", "geometry": {"type": "Polygon", "coordinates": [[[6.0, 40.53334], [6.5, 40.53334], [6.5, 40.866673], [6.0, 40.866673], [6.0, 40.53334]]]}, "properties": {"Title": "Foglio 461 - OZIERI", "DOI": "CARG-461", "URL": "https://www.isprambiente.gov.it/Media/carg/461_OZIERI/Foglio.html", "Location": "Italy Grid", "Type": "Official Map"}}, {"type": "Feature", "geometry": {"type": "Polygon", "coordinates": [[[6.5, 40.53334], [7.0, 40.53334], [7.0, 40.866673], [6.5, 40.866673], [6.5, 40.53334]]]}, "properties": {"Title": "Foglio 462 (In lavorazione/Non disp.)", "DOI": "CARG-462", "URL": "https://www.isprambiente.gov.it/Media/carg/index.html", "Location": "Italy Grid", "Type": "Official Map"}}, {"type": "Feature", "geometry": {"type": "Polygon", "coordinates": [[[7.0, 40.53334], [7.5, 40.53334], [7.5, 40.866673], [7.0, 40.866673], [7.0, 40.53334]]]}, "properties": {"Title": "Foglio 463 (In lavorazione/Non disp.)", "DOI": "CARG-463", "URL": "https://www.isprambiente.gov.it/Media/carg/index.html", "Location": "Italy Grid", "Type": "Official Map"}}, {"type": "Feature", "geometry": {"type": "Polygon", "coordinates": [[[7.5, 40.53334], [8.0, 40.53334], [8.0, 40.866673], [7.5, 40.866673], [7.5, 40.53334]]]}, "properties": {"Title": "Foglio 464 - ISOLA D'ISCHIA", "DOI": "CARG-464", "URL": "https://www.isprambiente.gov.it/Media/carg/464_ISOLA_DISCHIA/Foglio.html", "Location": "Italy Grid", "Type": "Official Map"}}, {"type": "Feature", "geometry": {"type": "Polygon", "coordinates": [[[8.0, 40.53334], [8.5, 40.53334], [8.5, 40.866673], [8.0, 40.866673], [8.0, 40.53334]]]}, "properties": {"Title": "Foglio 465 - ISOLA DI PROCIDA", "DOI": "CARG-465", "URL": "https://www.isprambiente.gov.it/Media/carg/465_ISOLA_DI_PROCIDA/Foglio.html", "Location": "Italy Grid", "Type": "Official Map"}}, {"type": "Feature", "geometry": {"type": "Polygon", "coordinates": [[[8.5, 40.53334], [9.0, 40.53334], [9.0, 40.866673], [8.5, 40.866673], [8.5, 40.53334]]]}, "properties": {"Title": "Foglio 466 - SORRENTO", "DOI": "CARG-466", "URL": "https://www.isprambiente.gov.it/Media/carg/466_SORRENTO/Foglio.html", "Location": "Italy Grid", "Type": "Official Map"}}, {"type": "Feature", "geometry": {"type": "Polygon", "coordinates": [[[11.0, 40.53334], [11.5, 40.53334], [11.5, 40.866673], [11.0, 40.866673], [11.0, 40.53334]]]}, "properties": {"Title": "Foglio 467 - SALERNO", "DOI": "CARG-467", "URL": "https://www.isprambiente.gov.it/Media/carg/467_SALERNO/Foglio.html", "Location": "Italy Grid", "Type": "Official Map"}}, {"type": "Feature", "geometry": {"type": "Polygon", "coordinates": [[[11.5, 40.53334], [12.0, 40.53334], [12.0, 40.866673], [11.5, 40.866673], [11.5, 40.53334]]]}, "properties": {"Title": "Foglio 468 - EBOLI", "DOI": "CARG-468", "URL": "https://www.isprambiente.gov.it/Media/carg/468_EBOLI/Foglio.html", "Location": "Italy Grid", "Type": "Official Map"}}, {"type": "Feature", "geometry": {"type": "Polygon", "coordinates": [[[12.0, 40.53334], [12.5, 40.53334], [12.5, 40.866673], [12.0, 40.866673], [12.0, 40.53334]]]}, "properties": {"Title": "Foglio 469 (In lavorazione/Non disp.)", "DOI": "CARG-469", "URL": "https://www.isprambiente.gov.it/Media/carg/index.html", "Location": "Italy Grid", "Type": "Official Map"}}, {"type": "Feature", "geometry": {"type": "Polygon", "coordinates": [[[12.5, 40.53334], [13.0, 40.53334], [13.0, 40.866673], [12.5, 40.866673], [12.5, 40.53334]]]}, "properties": {"Title": "Foglio 470 - POTENZA", "DOI": "CARG-470", "URL": "https://www.isprambiente.gov.it/Media/carg/470_POTENZA/Foglio.html", "Location": "Italy Grid", "Type": "Official Map"}}, {"type": "Feature", "geometry": {"type": "Polygon", "coordinates": [[[13.0, 40.53334], [13.5, 40.53334], [13.5, 40.866673], [13.0, 40.866673], [13.0, 40.53334]]]}, "properties": {"Title": "Foglio 471 - IRSINA", "DOI": "CARG-471", "URL": "https://www.isprambiente.gov.it/Media/carg/471_IRSINA/Foglio.html", "Location": "Italy Grid", "Type": "Official Map"}}, {"type": "Feature", "geometry": {"type": "Polygon", "coordinates": [[[13.5, 40.53334], [14.0, 40.53334], [14.0, 40.866673], [13.5, 40.866673], [13.5, 40.53334]]]}, "properties": {"Title": "Foglio 472 (In lavorazione/Non disp.)", "DOI": "CARG-472", "URL": "https://www.isprambiente.gov.it/Media/carg/index.html", "Location": "Italy Grid", "Type": "Official Map"}}, {"type": "Feature", "geometry": {"type": "Polygon", "coordinates": [[[14.0, 40.53334], [14.5, 40.53334], [14.5, 40.866673], [14.0, 40.866673], [14.0, 40.53334]]]}, "properties": {"Title": "Foglio 473 - TERRA DI LAVORO", "DOI": "CARG-473", "URL": "https://www.isprambiente.gov.it/Media/carg/473_TERRA_DI_LAVORO/Foglio.html", "Location": "Italy Grid", "Type": "Official Map"}}, {"type": "Feature", "geometry": {"type": "Polygon", "coordinates": [[[14.5, 40.53334], [15.0, 40.53334], [15.0, 40.866673], [14.5, 40.866673], [14.5, 40.53334]]]}, "properties": {"Title": "Foglio 474 - CASERTA", "DOI": "CARG-474", "URL": "https://www.isprambiente.gov.it/Media/carg/474_CASERTA/Foglio.html", "Location": "Italy Grid", "Type": "Official Map"}}, {"type": "Feature", "geometry": {"type": "Polygon", "coordinates": [[[15.0, 40.53334], [15.5, 40.53334], [15.5, 40.866673], [15.0, 40.866673], [15.0, 40.53334]]]}, "properties": {"Title": "Foglio 475 (In lavorazione/Non disp.)", "DOI": "CARG-475", "URL": "https://www.isprambiente.gov.it/Media/carg/index.html", "Location": "Italy Grid", "Type": "Official Map"}}, {"type": "Feature", "geometry": {"type": "Polygon", "coordinates": [[[15.5, 40.53334], [16.0, 40.53334], [16.0, 40.866673], [15.5, 40.866673], [15.5, 40.53334]]]}, "properties": {"Title": "Foglio 476 (In lavorazione/Non disp.)", "DOI": "CARG-476", "URL": "https://www.isprambiente.gov.it/Media/carg/index.html", "Location": "Italy Grid", "Type": "Official Map"}}, {"type": "Feature", "geometry": {"type": "Polygon", "coordinates": [[[16.0, 40.53334], [16.5, 40.53334], [16.5, 40.866673], [16.0, 40.866673], [16.0, 40.53334]]]}, "properties": {"Title": "Foglio 477 (In lavorazione/Non disp.)", "DOI": "CARG-477", "URL": "https://www.isprambiente.gov.it/Media/carg/index.html", "Location": "Italy Grid", "Type": "Official Map"}}, {"type": "Feature", "geometry": {"type": "Polygon", "coordinates": [[[16.5, 40.53334], [17.0, 40.53334], [17.0, 40.866673], [16.5, 40.866673], [16.5, 40.53334]]]}, "properties": {"Title": "Foglio 478 (In lavorazione/Non disp.)", "DOI": "CARG-478", "URL": "https://www.isprambiente.gov.it/Media/carg/index.html", "Location": "Italy Grid", "Type": "Official Map"}}, {"type": "Feature", "geometry": {"type": "Polygon", "coordinates": [[[17.0, 40.53334], [17.5, 40.53334], [17.5, 40.866673], [17.0, 40.866673], [17.0, 40.53334]]]}, "properties": {"Title": "Foglio 479 - BOSA", "DOI": "CARG-479", "URL": "https://www.isprambiente.gov.it/Media/carg/479_BOSA/Foglio.html", "Location": "Italy Grid", "Type": "Official Map"}}, {"type": "Feature", "geometry": {"type": "Polygon", "coordinates": [[[17.5, 40.53334], [18.0, 40.53334], [18.0, 40.866673], [17.5, 40.866673], [17.5, 40.53334]]]}, "properties": {"Title": "Foglio 480 - MACOMER", "DOI": "CARG-480", "URL": "https://www.isprambiente.gov.it/Media/carg/480_MACOMER/Foglio.html", "Location": "Italy Grid", "Type": "Official Map"}}, {"type": "Feature", "geometry": {"type": "Polygon", "coordinates": [[[4.0, 40.200007], [4.5, 40.200007], [4.5, 40.53334], [4.0, 40.53334], [4.0, 40.200007]]]}, "properties": {"Title": "Foglio 481 - NUORO", "DOI": "CARG-481", "URL": "https://www.isprambiente.gov.it/Media/carg/481_NUORO/Foglio.html", "Location": "Italy Grid", "Type": "Official Map"}}, {"type": "Feature", "geometry": {"type": "Polygon", "coordinates": [[[4.5, 40.200007], [5.0, 40.200007], [5.0, 40.53334], [4.5, 40.53334], [4.5, 40.200007]]]}, "properties": {"Title": "Foglio 482 - DORGALI", "DOI": "CARG-482", "URL": "https://www.isprambiente.gov.it/Media/carg/482_DORGALI/Foglio.html", "Location": "Italy Grid", "Type": "Official Map"}}, {"type": "Feature", "geometry": {"type": "Polygon", "coordinates": [[[5.0, 40.200007], [5.5, 40.200007], [5.5, 40.53334], [5.0, 40.53334], [5.0, 40.200007]]]}, "properties": {"Title": "Foglio 483 (In lavorazione/Non disp.)", "DOI": "CARG-483", "URL": "https://www.isprambiente.gov.it/Media/carg/index.html", "Location": "Italy Grid", "Type": "Official Map"}}, {"type": "Feature", "geometry": {"type": "Polygon", "coordinates": [[[5.5, 40.200007], [6.0, 40.200007], [6.0, 40.53334], [5.5, 40.53334], [5.5, 40.200007]]]}, "properties": {"Title": "Foglio 484 (In lavorazione/Non disp.)", "DOI": "CARG-484", "URL": "https://www.isprambiente.gov.it/Media/carg/index.html", "Location": "Italy Grid", "Type": "Official Map"}}, {"type": "Feature", "geometry": {"type": "Polygon", "coordinates": [[[6.0, 40.200007], [6.5, 40.200007], [6.5, 40.53334], [6.0, 40.53334], [6.0, 40.200007]]]}, "properties": {"Title": "Foglio 485 (In lavorazione/Non disp.)", "DOI": "CARG-485", "URL": "https://www.isprambiente.gov.it/Media/carg/index.html", "Location": "Italy Grid", "Type": "Official Map"}}, {"type": "Feature", "geometry": {"type": "Polygon", "coordinates": [[[6.5, 40.200007], [7.0, 40.200007], [7.0, 40.53334], [6.5, 40.53334], [6.5, 40.200007]]]}, "properties": {"Title": "Foglio 486 - FOCE DEL SELE", "DOI": "CARG-486", "URL": "https://www.isprambiente.gov.it/Media/carg/486_FOCE_DEL_SELE/Foglio.html", "Location": "Italy Grid", "Type": "Official Map"}}, {"type": "Feature", "geometry": {"type": "Polygon", "coordinates": [[[7.0, 40.200007], [7.5, 40.200007], [7.5, 40.53334], [7.0, 40.53334], [7.0, 40.200007]]]}, "properties": {"Title": "Foglio 487 (In lavorazione/Non disp.)", "DOI": "CARG-487", "URL": "https://www.isprambiente.gov.it/Media/carg/index.html", "Location": "Italy Grid", "Type": "Official Map"}}, {"type": "Feature", "geometry": {"type": "Polygon", "coordinates": [[[7.5, 40.200007], [8.0, 40.200007], [8.0, 40.53334], [7.5, 40.53334], [7.5, 40.200007]]]}, "properties": {"Title": "Foglio 488 (In lavorazione/Non disp.)", "DOI": "CARG-488", "URL": "https://www.isprambiente.gov.it/Media/carg/index.html", "Location": "Italy Grid", "Type": "Official Map"}}, {"type": "Feature", "geometry": {"type": "Polygon", "coordinates": [[[8.0, 40.200007], [8.5, 40.200007], [8.5, 40.53334], [8.0, 40.53334], [8.0, 40.200007]]]}, "properties": {"Title": "Foglio 489 - MARSICO NUOVO", "DOI": "CARG-489", "URL": "https://www.isprambiente.gov.it/Media/carg/489_MARSICO_NUOVO/Foglio.html", "Location": "Italy Grid", "Type": "Official Map"}}, {"type": "Feature", "geometry": {"type": "Polygon", "coordinates": [[[8.5, 40.200007], [9.0, 40.200007], [9.0, 40.53334], [8.5, 40.53334], [8.5, 40.200007]]]}, "properties": {"Title": "Foglio 490 - TRICARICO", "DOI": "CARG-490", "URL": "https://www.isprambiente.gov.it/Media/carg/490_TRICARICO/Foglio.html", "Location": "Italy Grid", "Type": "Official Map"}}, {"type": "Feature", "geometry": {"type": "Polygon", "coordinates": [[[11.0, 40.200007], [11.5, 40.200007], [11.5, 40.53334], [11.0, 40.53334], [11.0, 40.200007]]]}, "properties": {"Title": "Foglio 491 - MATERA", "DOI": "CARG-491", "URL": "https://www.isprambiente.gov.it/Media/carg/491_MATERA/Foglio.html", "Location": "Italy Grid", "Type": "Official Map"}}, {"type": "Feature", "geometry": {"type": "Polygon", "coordinates": [[[11.5, 40.200007], [12.0, 40.200007], [12.0, 40.53334], [11.5, 40.53334], [11.5, 40.200007]]]}, "properties": {"Title": "Foglio 492 (In lavorazione/Non disp.)", "DOI": "CARG-492", "URL": "https://www.isprambiente.gov.it/Media/carg/index.html", "Location": "Italy Grid", "Type": "Official Map"}}, {"type": "Feature", "geometry": {"type": "Polygon", "coordinates": [[[12.0, 40.200007], [12.5, 40.200007], [12.5, 40.53334], [12.0, 40.53334], [12.0, 40.200007]]]}, "properties": {"Title": "Foglio 493 (In lavorazione/Non disp.)", "DOI": "CARG-493", "URL": "https://www.isprambiente.gov.it/Media/carg/index.html", "Location": "Italy Grid", "Type": "Official Map"}}, {"type": "Feature", "geometry": {"type": "Polygon", "coordinates": [[[12.5, 40.200007], [13.0, 40.200007], [13.0, 40.53334], [12.5, 40.53334], [12.5, 40.200007]]]}, "properties": {"Title": "Foglio 494 (In lavorazione/Non disp.)", "DOI": "CARG-494", "URL": "https://www.isprambiente.gov.it/Media/carg/index.html", "Location": "Italy Grid", "Type": "Official Map"}}, {"type": "Feature", "geometry": {"type": "Polygon", "coordinates": [[[13.0, 40.200007], [13.5, 40.200007], [13.5, 40.53334], [13.0, 40.53334], [13.0, 40.200007]]]}, "properties": {"Title": "Foglio 495 (In lavorazione/Non disp.)", "DOI": "CARG-495", "URL": "https://www.isprambiente.gov.it/Media/carg/index.html", "Location": "Italy Grid", "Type": "Official Map"}}, {"type": "Feature", "geometry": {"type": "Polygon", "coordinates": [[[13.5, 40.200007], [14.0, 40.200007], [14.0, 40.53334], [13.5, 40.53334], [13.5, 40.200007]]]}, "properties": {"Title": "Foglio 496 (In lavorazione/Non disp.)", "DOI": "CARG-496", "URL": "https://www.isprambiente.gov.it/Media/carg/index.html", "Location": "Italy Grid", "Type": "Official Map"}}, {"type": "Feature", "geometry": {"type": "Polygon", "coordinates": [[[14.0, 40.200007], [14.5, 40.200007], [14.5, 40.53334], [14.0, 40.53334], [14.0, 40.200007]]]}, "properties": {"Title": "Foglio 497 (In lavorazione/Non disp.)", "DOI": "CARG-497", "URL": "https://www.isprambiente.gov.it/Media/carg/index.html", "Location": "Italy Grid", "Type": "Official Map"}}, {"type": "Feature", "geometry": {"type": "Polygon", "coordinates": [[[14.5, 40.200007], [15.0, 40.200007], [15.0, 40.53334], [14.5, 40.53334], [14.5, 40.200007]]]}, "properties": {"Title": "Foglio 498 - SANTU LUSSURGIU", "DOI": "CARG-498", "URL": "https://www.isprambiente.gov.it/Media/carg/498_SANTU_LUSSURGIU/Foglio.html", "Location": "Italy Grid", "Type": "Official Map"}}, {"type": "Feature", "geometry": {"type": "Polygon", "coordinates": [[[15.0, 40.200007], [15.5, 40.200007], [15.5, 40.53334], [15.0, 40.53334], [15.0, 40.200007]]]}, "properties": {"Title": "Foglio 499 - BUSACHI", "DOI": "CARG-499", "URL": "https://www.isprambiente.gov.it/Media/carg/499_BUSACHI/Foglio.html", "Location": "Italy Grid", "Type": "Official Map"}}, {"type": "Feature", "geometry": {"type": "Polygon", "coordinates": [[[15.5, 40.200007], [16.0, 40.200007], [16.0, 40.53334], [15.5, 40.53334], [15.5, 40.200007]]]}, "properties": {"Title": "Foglio 500 - ORANI", "DOI": "CARG-500", "URL": "https://www.isprambiente.gov.it/Media/carg/500_ORANI/Foglio.html", "Location": "Italy Grid", "Type": "Official Map"}}, {"type": "Feature", "geometry": {"type": "Polygon", "coordinates": [[[16.0, 40.200007], [16.5, 40.200007], [16.5, 40.53334], [16.0, 40.53334], [16.0, 40.200007]]]}, "properties": {"Title": "Foglio 501 (In lavorazione/Non disp.)", "DOI": "CARG-501", "URL": "https://www.isprambiente.gov.it/Media/carg/index.html", "Location": "Italy Grid", "Type": "Official Map"}}, {"type": "Feature", "geometry": {"type": "Polygon", "coordinates": [[[16.5, 40.200007], [17.0, 40.200007], [17.0, 40.53334], [16.5, 40.53334], [16.5, 40.200007]]]}, "properties": {"Title": "Foglio 502 (In lavorazione/Non disp.)", "DOI": "CARG-502", "URL": "https://www.isprambiente.gov.it/Media/carg/index.html", "Location": "Italy Grid", "Type": "Official Map"}}, {"type": "Feature", "geometry": {"type": "Polygon", "coordinates": [[[17.0, 40.200007], [17.5, 40.200007], [17.5, 40.53334], [17.0, 40.53334], [17.0, 40.200007]]]}, "properties": {"Title": "Foglio 503 (In lavorazione/Non disp.)", "DOI": "CARG-503", "URL": "https://www.isprambiente.gov.it/Media/carg/index.html", "Location": "Italy Grid", "Type": "Official Map"}}, {"type": "Feature", "geometry": {"type": "Polygon", "coordinates": [[[17.5, 40.200007], [18.0, 40.200007], [18.0, 40.53334], [17.5, 40.53334], [17.5, 40.200007]]]}, "properties": {"Title": "Foglio 504 - SALA CONSILINA", "DOI": "CARG-504", "URL": "https://www.isprambiente.gov.it/Media/carg/504_SALA_CONSILINA/Foglio.html", "Location": "Italy Grid", "Type": "Official Map"}}, {"type": "Feature", "geometry": {"type": "Polygon", "coordinates": [[[4.0, 39.866674], [4.5, 39.866674], [4.5, 40.200007], [4.0, 40.200007], [4.0, 39.866674]]]}, "properties": {"Title": "Foglio 505 - MOLITERNO", "DOI": "CARG-505", "URL": "https://www.isprambiente.gov.it/Media/carg/505_MOLITERNO/Foglio.html", "Location": "Italy Grid", "Type": "Official Map"}}, {"type": "Feature", "geometry": {"type": "Polygon", "coordinates": [[[4.5, 39.866674], [5.0, 39.866674], [5.0, 40.200007], [4.5, 40.200007], [4.5, 39.866674]]]}, "properties": {"Title": "Foglio 506 - SANT'ARCANGELO", "DOI": "CARG-506", "URL": "https://www.isprambiente.gov.it/Media/carg/506_SANTARCANGELO/Foglio.html", "Location": "Italy Grid", "Type": "Official Map"}}, {"type": "Feature", "geometry": {"type": "Polygon", "coordinates": [[[5.0, 39.866674], [5.5, 39.866674], [5.5, 40.200007], [5.0, 40.200007], [5.0, 39.866674]]]}, "properties": {"Title": "Foglio 507 (In lavorazione/Non disp.)", "DOI": "CARG-507", "URL": "https://www.isprambiente.gov.it/Media/carg/index.html", "Location": "Italy Grid", "Type": "Official Map"}}, {"type": "Feature", "geometry": {"type": "Polygon", "coordinates": [[[5.5, 39.866674], [6.0, 39.866674], [6.0, 40.200007], [5.5, 40.200007], [5.5, 39.866674]]]}, "properties": {"Title": "Foglio 508 (In lavorazione/Non disp.)", "DOI": "CARG-508", "URL": "https://www.isprambiente.gov.it/Media/carg/index.html", "Location": "Italy Grid", "Type": "Official Map"}}, {"type": "Feature", "geometry": {"type": "Polygon", "coordinates": [[[6.0, 39.866674], [6.5, 39.866674], [6.5, 40.200007], [6.0, 40.200007], [6.0, 39.866674]]]}, "properties": {"Title": "Foglio 509 (In lavorazione/Non disp.)", "DOI": "CARG-509", "URL": "https://www.isprambiente.gov.it/Media/carg/index.html", "Location": "Italy Grid", "Type": "Official Map"}}, {"type": "Feature", "geometry": {"type": "Polygon", "coordinates": [[[6.5, 39.866674], [7.0, 39.866674], [7.0, 40.200007], [6.5, 40.200007], [6.5, 39.866674]]]}, "properties": {"Title": "Foglio 510 (In lavorazione/Non disp.)", "DOI": "CARG-510", "URL": "https://www.isprambiente.gov.it/Media/carg/index.html", "Location": "Italy Grid", "Type": "Official Map"}}, {"type": "Feature", "geometry": {"type": "Polygon", "coordinates": [[[7.0, 39.866674], [7.5, 39.866674], [7.5, 40.200007], [7.0, 40.200007], [7.0, 39.866674]]]}, "properties": {"Title": "Foglio 511 (In lavorazione/Non disp.)", "DOI": "CARG-511", "URL": "https://www.isprambiente.gov.it/Media/carg/index.html", "Location": "Italy Grid", "Type": "Official Map"}}, {"type": "Feature", "geometry": {"type": "Polygon", "coordinates": [[[7.5, 39.866674], [8.0, 39.866674], [8.0, 40.200007], [7.5, 40.200007], [7.5, 39.866674]]]}, "properties": {"Title": "Foglio 512 (In lavorazione/Non disp.)", "DOI": "CARG-512", "URL": "https://www.isprambiente.gov.it/Media/carg/index.html", "Location": "Italy Grid", "Type": "Official Map"}}, {"type": "Feature", "geometry": {"type": "Polygon", "coordinates": [[[8.0, 39.866674], [8.5, 39.866674], [8.5, 40.200007], [8.0, 40.200007], [8.0, 39.866674]]]}, "properties": {"Title": "Foglio 513 (In lavorazione/Non disp.)", "DOI": "CARG-513", "URL": "https://www.isprambiente.gov.it/Media/carg/index.html", "Location": "Italy Grid", "Type": "Official Map"}}, {"type": "Feature", "geometry": {"type": "Polygon", "coordinates": [[[8.5, 39.866674], [9.0, 39.866674], [9.0, 40.200007], [8.5, 40.200007], [8.5, 39.866674]]]}, "properties": {"Title": "Foglio 514 - CABRAS", "DOI": "CARG-514", "URL": "https://www.isprambiente.gov.it/Media/carg/514_CABRAS/Foglio.html", "Location": "Italy Grid", "Type": "Official Map"}}, {"type": "Feature", "geometry": {"type": "Polygon", "coordinates": [[[11.0, 39.866674], [11.5, 39.866674], [11.5, 40.200007], [11.0, 40.200007], [11.0, 39.866674]]]}, "properties": {"Title": "Foglio 515 - ORISTANO", "DOI": "CARG-515", "URL": "https://www.isprambiente.gov.it/Media/carg/515_ORISTANO/Foglio.html", "Location": "Italy Grid", "Type": "Official Map"}}, {"type": "Feature", "geometry": {"type": "Polygon", "coordinates": [[[11.5, 39.866674], [12.0, 39.866674], [12.0, 40.200007], [11.5, 40.200007], [11.5, 39.866674]]]}, "properties": {"Title": "Foglio 516 (In lavorazione/Non disp.)", "DOI": "CARG-516", "URL": "https://www.isprambiente.gov.it/Media/carg/index.html", "Location": "Italy Grid", "Type": "Official Map"}}, {"type": "Feature", "geometry": {"type": "Polygon", "coordinates": [[[12.0, 39.866674], [12.5, 39.866674], [12.5, 40.200007], [12.0, 40.200007], [12.0, 39.866674]]]}, "properties": {"Title": "Foglio 517 (In lavorazione/Non disp.)", "DOI": "CARG-517", "URL": "https://www.isprambiente.gov.it/Media/carg/index.html", "Location": "Italy Grid", "Type": "Official Map"}}, {"type": "Feature", "geometry": {"type": "Polygon", "coordinates": [[[12.5, 39.866674], [13.0, 39.866674], [13.0, 40.200007], [12.5, 40.200007], [12.5, 39.866674]]]}, "properties": {"Title": "Foglio 518 (In lavorazione/Non disp.)", "DOI": "CARG-518", "URL": "https://www.isprambiente.gov.it/Media/carg/index.html", "Location": "Italy Grid", "Type": "Official Map"}}, {"type": "Feature", "geometry": {"type": "Polygon", "coordinates": [[[13.0, 39.866674], [13.5, 39.866674], [13.5, 40.200007], [13.0, 40.200007], [13.0, 39.866674]]]}, "properties": {"Title": "Foglio 519 - CAPO PALINURO", "DOI": "CARG-519", "URL": "https://www.isprambiente.gov.it/Media/carg/519_CAPO_PALINURO/Foglio.html", "Location": "Italy Grid", "Type": "Official Map"}}, {"type": "Feature", "geometry": {"type": "Polygon", "coordinates": [[[13.5, 39.866674], [14.0, 39.866674], [14.0, 40.200007], [13.5, 40.200007], [13.5, 39.866674]]]}, "properties": {"Title": "Foglio 520 - SAPRI", "DOI": "CARG-520", "URL": "https://www.isprambiente.gov.it/Media/carg/520_SAPRI/Foglio.html", "Location": "Italy Grid", "Type": "Official Map"}}, {"type": "Feature", "geometry": {"type": "Polygon", "coordinates": [[[14.0, 39.866674], [14.5, 39.866674], [14.5, 40.200007], [14.0, 40.200007], [14.0, 39.866674]]]}, "properties": {"Title": "Foglio 521 - LAURIA", "DOI": "CARG-521", "URL": "https://www.isprambiente.gov.it/Media/carg/521_LAURIA/Foglio.html", "Location": "Italy Grid", "Type": "Official Map"}}, {"type": "Feature", "geometry": {"type": "Polygon", "coordinates": [[[14.5, 39.866674], [15.0, 39.866674], [15.0, 40.200007], [14.5, 40.200007], [14.5, 39.866674]]]}, "properties": {"Title": "Foglio 522 - SENISE", "DOI": "CARG-522", "URL": "https://www.isprambiente.gov.it/Media/carg/522_SENISE/Foglio.html", "Location": "Italy Grid", "Type": "Official Map"}}, {"type": "Feature", "geometry": {"type": "Polygon", "coordinates": [[[15.0, 39.866674], [15.5, 39.866674], [15.5, 40.200007], [15.0, 40.200007], [15.0, 39.866674]]]}, "properties": {"Title": "Foglio 523 (In lavorazione/Non disp.)", "DOI": "CARG-523", "URL": "https://www.isprambiente.gov.it/Media/carg/index.html", "Location": "Italy Grid", "Type": "Official Map"}}, {"type": "Feature", "geometry": {"type": "Polygon", "coordinates": [[[15.5, 39.866674], [16.0, 39.866674], [16.0, 40.200007], [15.5, 40.200007], [15.5, 39.866674]]]}, "properties": {"Title": "Foglio 524 (In lavorazione/Non disp.)", "DOI": "CARG-524", "URL": "https://www.isprambiente.gov.it/Media/carg/index.html", "Location": "Italy Grid", "Type": "Official Map"}}, {"type": "Feature", "geometry": {"type": "Polygon", "coordinates": [[[16.0, 39.866674], [16.5, 39.866674], [16.5, 40.200007], [16.0, 40.200007], [16.0, 39.866674]]]}, "properties": {"Title": "Foglio 525 (In lavorazione/Non disp.)", "DOI": "CARG-525", "URL": "https://www.isprambiente.gov.it/Media/carg/index.html", "Location": "Italy Grid", "Type": "Official Map"}}, {"type": "Feature", "geometry": {"type": "Polygon", "coordinates": [[[16.5, 39.866674], [17.0, 39.866674], [17.0, 40.200007], [16.5, 40.200007], [16.5, 39.866674]]]}, "properties": {"Title": "Foglio 526 (In lavorazione/Non disp.)", "DOI": "CARG-526", "URL": "https://www.isprambiente.gov.it/Media/carg/index.html", "Location": "Italy Grid", "Type": "Official Map"}}, {"type": "Feature", "geometry": {"type": "Polygon", "coordinates": [[[17.0, 39.866674], [17.5, 39.866674], [17.5, 40.200007], [17.0, 40.200007], [17.0, 39.866674]]]}, "properties": {"Title": "Foglio 527 (In lavorazione/Non disp.)", "DOI": "CARG-527", "URL": "https://www.isprambiente.gov.it/Media/carg/index.html", "Location": "Italy Grid", "Type": "Official Map"}}, {"type": "Feature", "geometry": {"type": "Polygon", "coordinates": [[[17.5, 39.866674], [18.0, 39.866674], [18.0, 40.200007], [17.5, 40.200007], [17.5, 39.866674]]]}, "properties": {"Title": "Foglio 528 - ORISTANO MERIDIONALE", "DOI": "CARG-528", "URL": "https://www.isprambiente.gov.it/Media/carg/528_ORISTANO_MERIDIONALE/Foglio.html", "Location": "Italy Grid", "Type": "Official Map"}}, {"type": "Feature", "geometry": {"type": "Polygon", "coordinates": [[[4.0, 39.533341], [4.5, 39.533341], [4.5, 39.866674], [4.0, 39.866674], [4.0, 39.533341]]]}, "properties": {"Title": "Foglio 529 - MANDAS", "DOI": "CARG-529", "URL": "https://www.isprambiente.gov.it/Media/carg/529_MANDAS/Foglio.html", "Location": "Italy Grid", "Type": "Official Map"}}, {"type": "Feature", "geometry": {"type": "Polygon", "coordinates": [[[4.5, 39.533341], [5.0, 39.533341], [5.0, 39.866674], [4.5, 39.866674], [4.5, 39.533341]]]}, "properties": {"Title": "Foglio 530 (In lavorazione/Non disp.)", "DOI": "CARG-530", "URL": "https://www.isprambiente.gov.it/Media/carg/index.html", "Location": "Italy Grid", "Type": "Official Map"}}, {"type": "Feature", "geometry": {"type": "Polygon", "coordinates": [[[5.0, 39.533341], [5.5, 39.533341], [5.5, 39.866674], [5.0, 39.866674], [5.0, 39.533341]]]}, "properties": {"Title": "Foglio 531 (In lavorazione/Non disp.)", "DOI": "CARG-531", "URL": "https://www.isprambiente.gov.it/Media/carg/index.html", "Location": "Italy Grid", "Type": "Official Map"}}, {"type": "Feature", "geometry": {"type": "Polygon", "coordinates": [[[5.5, 39.533341], [6.0, 39.533341], [6.0, 39.866674], [5.5, 39.866674], [5.5, 39.533341]]]}, "properties": {"Title": "Foglio 532 (In lavorazione/Non disp.)", "DOI": "CARG-532", "URL": "https://www.isprambiente.gov.it/Media/carg/index.html", "Location": "Italy Grid", "Type": "Official Map"}}, {"type": "Feature", "geometry": {"type": "Polygon", "coordinates": [[[6.0, 39.533341], [6.5, 39.533341], [6.5, 39.866674], [6.0, 39.866674], [6.0, 39.533341]]]}, "properties": {"Title": "Foglio 533 (In lavorazione/Non disp.)", "DOI": "CARG-533", "URL": "https://www.isprambiente.gov.it/Media/carg/index.html", "Location": "Italy Grid", "Type": "Official Map"}}, {"type": "Feature", "geometry": {"type": "Polygon", "coordinates": [[[6.5, 39.533341], [7.0, 39.533341], [7.0, 39.866674], [6.5, 39.866674], [6.5, 39.533341]]]}, "properties": {"Title": "Foglio 534 (In lavorazione/Non disp.)", "DOI": "CARG-534", "URL": "https://www.isprambiente.gov.it/Media/carg/index.html", "Location": "Italy Grid", "Type": "Official Map"}}, {"type": "Feature", "geometry": {"type": "Polygon", "coordinates": [[[7.0, 39.533341], [7.5, 39.533341], [7.5, 39.866674], [7.0, 39.866674], [7.0, 39.533341]]]}, "properties": {"Title": "Foglio 535 - DIAMANTE", "DOI": "CARG-535", "URL": "https://www.isprambiente.gov.it/Media/carg/535_DIAMANTE/Foglio.html", "Location": "Italy Grid", "Type": "Official Map"}}, {"type": "Feature", "geometry": {"type": "Polygon", "coordinates": [[[7.5, 39.533341], [8.0, 39.533341], [8.0, 39.866674], [7.5, 39.866674], [7.5, 39.533341]]]}, "properties": {"Title": "Foglio 536 - CASTROVILLARI", "DOI": "CARG-536", "URL": "https://www.isprambiente.gov.it/Media/carg/536_CASTROVILLARI/Foglio.html", "Location": "Italy Grid", "Type": "Official Map"}}, {"type": "Feature", "geometry": {"type": "Polygon", "coordinates": [[[8.0, 39.533341], [8.5, 39.533341], [8.5, 39.866674], [8.0, 39.866674], [8.0, 39.533341]]]}, "properties": {"Title": "Foglio 537 - CASSANO ALLO IONIO", "DOI": "CARG-537", "URL": "https://www.isprambiente.gov.it/Media/carg/537_CASSANO_ALLO_IONIO/Foglio.html", "Location": "Italy Grid", "Type": "Official Map"}}, {"type": "Feature", "geometry": {"type": "Polygon", "coordinates": [[[8.5, 39.533341], [9.0, 39.533341], [9.0, 39.866674], [8.5, 39.866674], [8.5, 39.533341]]]}, "properties": {"Title": "Foglio 538 (In lavorazione/Non disp.)", "DOI": "CARG-538", "URL": "https://www.isprambiente.gov.it/Media/carg/index.html", "Location": "Italy Grid", "Type": "Official Map"}}, {"type": "Feature", "geometry": {"type": "Polygon", "coordinates": [[[11.0, 39.533341], [11.5, 39.533341], [11.5, 39.866674], [11.0, 39.866674], [11.0, 39.533341]]]}, "properties": {"Title": "Foglio 539 - GUSPINI", "DOI": "CARG-539", "URL": "https://www.isprambiente.gov.it/Media/carg/539_GUSPINI/Foglio.html", "Location": "Italy Grid", "Type": "Official Map"}}, {"type": "Feature", "geometry": {"type": "Polygon", "coordinates": [[[11.5, 39.533341], [12.0, 39.533341], [12.0, 39.866674], [11.5, 39.866674], [11.5, 39.533341]]]}, "properties": {"Title": "Foglio 540 - MANDAS", "DOI": "CARG-540", "URL": "https://www.isprambiente.gov.it/Media/carg/540_MANDAS/Foglio.html", "Location": "Italy Grid", "Type": "Official Map"}}, {"type": "Feature", "geometry": {"type": "Polygon", "coordinates": [[[12.0, 39.533341], [12.5, 39.533341], [12.5, 39.866674], [12.0, 39.866674], [12.0, 39.533341]]]}, "properties": {"Title": "Foglio 541 - JERZU", "DOI": "CARG-541", "URL": "https://www.isprambiente.gov.it/Media/carg/541_JERZU/Foglio.html", "Location": "Italy Grid", "Type": "Official Map"}}, {"type": "Feature", "geometry": {"type": "Polygon", "coordinates": [[[12.5, 39.533341], [13.0, 39.533341], [13.0, 39.866674], [12.5, 39.866674], [12.5, 39.533341]]]}, "properties": {"Title": "Foglio 542 (In lavorazione/Non disp.)", "DOI": "CARG-542", "URL": "https://www.isprambiente.gov.it/Media/carg/index.html", "Location": "Italy Grid", "Type": "Official Map"}}, {"type": "Feature", "geometry": {"type": "Polygon", "coordinates": [[[13.0, 39.533341], [13.5, 39.533341], [13.5, 39.866674], [13.0, 39.866674], [13.0, 39.533341]]]}, "properties": {"Title": "Foglio 543 (In lavorazione/Non disp.)", "DOI": "CARG-543", "URL": "https://www.isprambiente.gov.it/Media/carg/index.html", "Location": "Italy Grid", "Type": "Official Map"}}, {"type": "Feature", "geometry": {"type": "Polygon", "coordinates": [[[13.5, 39.533341], [14.0, 39.533341], [14.0, 39.866674], [13.5, 39.866674], [13.5, 39.533341]]]}, "properties": {"Title": "Foglio 544 (In lavorazione/Non disp.)", "DOI": "CARG-544", "URL": "https://www.isprambiente.gov.it/Media/carg/index.html", "Location": "Italy Grid", "Type": "Official Map"}}, {"type": "Feature", "geometry": {"type": "Polygon", "coordinates": [[[14.0, 39.533341], [14.5, 39.533341], [14.5, 39.866674], [14.0, 39.866674], [14.0, 39.533341]]]}, "properties": {"Title": "Foglio 545 (In lavorazione/Non disp.)", "DOI": "CARG-545", "URL": "https://www.isprambiente.gov.it/Media/carg/index.html", "Location": "Italy Grid", "Type": "Official Map"}}, {"type": "Feature", "geometry": {"type": "Polygon", "coordinates": [[[14.5, 39.533341], [15.0, 39.533341], [15.0, 39.866674], [14.5, 39.866674], [14.5, 39.533341]]]}, "properties": {"Title": "Foglio 546 (In lavorazione/Non disp.)", "DOI": "CARG-546", "URL": "https://www.isprambiente.gov.it/Media/carg/index.html", "Location": "Italy Grid", "Type": "Official Map"}}, {"type": "Feature", "geometry": {"type": "Polygon", "coordinates": [[[15.0, 39.533341], [15.5, 39.533341], [15.5, 39.866674], [15.0, 39.866674], [15.0, 39.533341]]]}, "properties": {"Title": "Foglio 547 (In lavorazione/Non disp.)", "DOI": "CARG-547", "URL": "https://www.isprambiente.gov.it/Media/carg/index.html", "Location": "Italy Grid", "Type": "Official Map"}}, {"type": "Feature", "geometry": {"type": "Polygon", "coordinates": [[[15.5, 39.533341], [16.0, 39.533341], [16.0, 39.866674], [15.5, 39.866674], [15.5, 39.533341]]]}, "properties": {"Title": "Foglio 548 - IGLESIAS", "DOI": "CARG-548", "URL": "https://www.isprambiente.gov.it/Media/carg/548_IGLESIAS/Foglio.html", "Location": "Italy Grid", "Type": "Official Map"}}, {"type": "Feature", "geometry": {"type": "Polygon", "coordinates": [[[16.0, 39.533341], [16.5, 39.533341], [16.5, 39.866674], [16.0, 39.866674], [16.0, 39.533341]]]}, "properties": {"Title": "Foglio 549 - MURAVERA", "DOI": "CARG-549", "URL": "https://www.isprambiente.gov.it/Media/carg/549_MURAVERA/Foglio.html", "Location": "Italy Grid", "Type": "Official Map"}}, {"type": "Feature", "geometry": {"type": "Polygon", "coordinates": [[[16.5, 39.533341], [17.0, 39.533341], [17.0, 39.866674], [16.5, 39.866674], [16.5, 39.533341]]]}, "properties": {"Title": "Foglio 550 - CETRARO", "DOI": "CARG-550", "URL": "https://www.isprambiente.gov.it/Media/carg/550_CETRARO/Foglio.html", "Location": "Italy Grid", "Type": "Official Map"}}, {"type": "Feature", "geometry": {"type": "Polygon", "coordinates": [[[17.0, 39.533341], [17.5, 39.533341], [17.5, 39.866674], [17.0, 39.866674], [17.0, 39.533341]]]}, "properties": {"Title": "Foglio 551 (In lavorazione/Non disp.)", "DOI": "CARG-551", "URL": "https://www.isprambiente.gov.it/Media/carg/index.html", "Location": "Italy Grid", "Type": "Official Map"}}, {"type": "Feature", "geometry": {"type": "Polygon", "coordinates": [[[17.5, 39.533341], [18.0, 39.533341], [18.0, 39.866674], [17.5, 39.866674], [17.5, 39.533341]]]}, "properties": {"Title": "Foglio 552 (In lavorazione/Non disp.)", "DOI": "CARG-552", "URL": "https://www.isprambiente.gov.it/Media/carg/index.html", "Location": "Italy Grid", "Type": "Official Map"}}, {"type": "Feature", "geometry": {"type": "Polygon", "coordinates": [[[4.0, 39.200008], [4.5, 39.200008], [4.5, 39.533341], [4.0, 39.533341], [4.0, 39.200008]]]}, "properties": {"Title": "Foglio 553 (In lavorazione/Non disp.)", "DOI": "CARG-553", "URL": "https://www.isprambiente.gov.it/Media/carg/index.html", "Location": "Italy Grid", "Type": "Official Map"}}, {"type": "Feature", "geometry": {"type": "Polygon", "coordinates": [[[4.5, 39.200008], [5.0, 39.200008], [5.0, 39.533341], [4.5, 39.533341], [4.5, 39.200008]]]}, "properties": {"Title": "Foglio 554 (In lavorazione/Non disp.)", "DOI": "CARG-554", "URL": "https://www.isprambiente.gov.it/Media/carg/index.html", "Location": "Italy Grid", "Type": "Official Map"}}, {"type": "Feature", "geometry": {"type": "Polygon", "coordinates": [[[5.0, 39.200008], [5.5, 39.200008], [5.5, 39.533341], [5.0, 39.533341], [5.0, 39.200008]]]}, "properties": {"Title": "Foglio 555 (In lavorazione/Non disp.)", "DOI": "CARG-555", "URL": "https://www.isprambiente.gov.it/Media/carg/index.html", "Location": "Italy Grid", "Type": "Official Map"}}, {"type": "Feature", "geometry": {"type": "Polygon", "coordinates": [[[5.5, 39.200008], [6.0, 39.200008], [6.0, 39.533341], [5.5, 39.533341], [5.5, 39.200008]]]}, "properties": {"Title": "Foglio 556 - ASSEMINI", "DOI": "CARG-556", "URL": "https://www.isprambiente.gov.it/Media/carg/556_ASSEMINI/Foglio.html", "Location": "Italy Grid", "Type": "Official Map"}}, {"type": "Feature", "geometry": {"type": "Polygon", "coordinates": [[[6.0, 39.200008], [6.5, 39.200008], [6.5, 39.533341], [6.0, 39.533341], [6.0, 39.200008]]]}, "properties": {"Title": "Foglio 557 - CAGLIARI", "DOI": "CARG-557", "URL": "https://www.isprambiente.gov.it/Media/carg/557_CAGLIARI/Foglio.html", "Location": "Italy Grid", "Type": "Official Map"}}, {"type": "Feature", "geometry": {"type": "Polygon", "coordinates": [[[6.5, 39.200008], [7.0, 39.200008], [7.0, 39.533341], [6.5, 39.533341], [6.5, 39.200008]]]}, "properties": {"Title": "Foglio 558 - SINNAI", "DOI": "CARG-558", "URL": "https://www.isprambiente.gov.it/Media/carg/558_SINNAI/Foglio.html", "Location": "Italy Grid", "Type": "Official Map"}}, {"type": "Feature", "geometry": {"type": "Polygon", "coordinates": [[[7.0, 39.200008], [7.5, 39.200008], [7.5, 39.533341], [7.0, 39.533341], [7.0, 39.200008]]]}, "properties": {"Title": "Foglio 559 (In lavorazione/Non disp.)", "DOI": "CARG-559", "URL": "https://www.isprambiente.gov.it/Media/carg/index.html", "Location": "Italy Grid", "Type": "Official Map"}}, {"type": "Feature", "geometry": {"type": "Polygon", "coordinates": [[[7.5, 39.200008], [8.0, 39.200008], [8.0, 39.533341], [7.5, 39.533341], [7.5, 39.200008]]]}, "properties": {"Title": "Foglio 560 - LAMEZIA TERME", "DOI": "CARG-560", "URL": "https://www.isprambiente.gov.it/Media/carg/560_LAMEZIA_TERME/Foglio.html", "Location": "Italy Grid", "Type": "Official Map"}}, {"type": "Feature", "geometry": {"type": "Polygon", "coordinates": [[[8.0, 39.200008], [8.5, 39.200008], [8.5, 39.533341], [8.0, 39.533341], [8.0, 39.200008]]]}, "properties": {"Title": "Foglio 561 - SAN GIOVANNI IN FIORE", "DOI": "CARG-561", "URL": "https://www.isprambiente.gov.it/Media/carg/561_SAN_GIOVANNI_IN_FIORE/Foglio.html", "Location": "Italy Grid", "Type": "Official Map"}}, {"type": "Feature", "geometry": {"type": "Polygon", "coordinates": [[[8.5, 39.200008], [9.0, 39.200008], [9.0, 39.533341], [8.5, 39.533341], [8.5, 39.200008]]]}, "properties": {"Title": "Foglio 562 (In lavorazione/Non disp.)", "DOI": "CARG-562", "URL": "https://www.isprambiente.gov.it/Media/carg/index.html", "Location": "Italy Grid", "Type": "Official Map"}}, {"type": "Feature", "geometry": {"type": "Polygon", "coordinates": [[[11.0, 39.200008], [11.5, 39.200008], [11.5, 39.533341], [11.0, 39.533341], [11.0, 39.200008]]]}, "properties": {"Title": "Foglio 563 (In lavorazione/Non disp.)", "DOI": "CARG-563", "URL": "https://www.isprambiente.gov.it/Media/carg/index.html", "Location": "Italy Grid", "Type": "Official Map"}}, {"type": "Feature", "geometry": {"type": "Polygon", "coordinates": [[[11.5, 39.200008], [12.0, 39.200008], [12.0, 39.533341], [11.5, 39.533341], [11.5, 39.200008]]]}, "properties": {"Title": "Foglio 564 - CARBONIA", "DOI": "CARG-564", "URL": "https://www.isprambiente.gov.it/Media/carg/564_CARBONIA/Foglio.html", "Location": "Italy Grid", "Type": "Official Map"}}, {"type": "Feature", "geometry": {"type": "Polygon", "coordinates": [[[12.0, 39.200008], [12.5, 39.200008], [12.5, 39.533341], [12.0, 39.533341], [12.0, 39.200008]]]}, "properties": {"Title": "Foglio 565 - CAPOTERRA", "DOI": "CARG-565", "URL": "https://www.isprambiente.gov.it/Media/carg/565_CAPOTERRA/Foglio.html", "Location": "Italy Grid", "Type": "Official Map"}}, {"type": "Feature", "geometry": {"type": "Polygon", "coordinates": [[[12.5, 39.200008], [13.0, 39.200008], [13.0, 39.533341], [12.5, 39.533341], [12.5, 39.200008]]]}, "properties": {"Title": "Foglio 566 (In lavorazione/Non disp.)", "DOI": "CARG-566", "URL": "https://www.isprambiente.gov.it/Media/carg/index.html", "Location": "Italy Grid", "Type": "Official Map"}}, {"type": "Feature", "geometry": {"type": "Polygon", "coordinates": [[[13.0, 39.200008], [13.5, 39.200008], [13.5, 39.533341], [13.0, 39.533341], [13.0, 39.200008]]]}, "properties": {"Title": "Foglio 567 (In lavorazione/Non disp.)", "DOI": "CARG-567", "URL": "https://www.isprambiente.gov.it/Media/carg/index.html", "Location": "Italy Grid", "Type": "Official Map"}}, {"type": "Feature", "geometry": {"type": "Polygon", "coordinates": [[[13.5, 39.200008], [14.0, 39.200008], [14.0, 39.533341], [13.5, 39.533341], [13.5, 39.200008]]]}, "properties": {"Title": "Foglio 568 (In lavorazione/Non disp.)", "DOI": "CARG-568", "URL": "https://www.isprambiente.gov.it/Media/carg/index.html", "Location": "Italy Grid", "Type": "Official Map"}}, {"type": "Feature", "geometry": {"type": "Polygon", "coordinates": [[[14.0, 39.200008], [14.5, 39.200008], [14.5, 39.533341], [14.0, 39.533341], [14.0, 39.200008]]]}, "properties": {"Title": "Foglio 569 - SOVERATO", "DOI": "CARG-569", "URL": "https://www.isprambiente.gov.it/Media/carg/569_SOVERATO/Foglio.html", "Location": "Italy Grid", "Type": "Official Map"}}, {"type": "Feature", "geometry": {"type": "Polygon", "coordinates": [[[14.5, 39.200008], [15.0, 39.200008], [15.0, 39.533341], [14.5, 39.533341], [14.5, 39.200008]]]}, "properties": {"Title": "Foglio 570 (In lavorazione/Non disp.)", "DOI": "CARG-570", "URL": "https://www.isprambiente.gov.it/Media/carg/index.html", "Location": "Italy Grid", "Type": "Official Map"}}, {"type": "Feature", "geometry": {"type": "Polygon", "coordinates": [[[15.0, 39.200008], [15.5, 39.200008], [15.5, 39.533341], [15.0, 39.533341], [15.0, 39.200008]]]}, "properties": {"Title": "Foglio 571 (In lavorazione/Non disp.)", "DOI": "CARG-571", "URL": "https://www.isprambiente.gov.it/Media/carg/index.html", "Location": "Italy Grid", "Type": "Official Map"}}, {"type": "Feature", "geometry": {"type": "Polygon", "coordinates": [[[15.5, 39.200008], [16.0, 39.200008], [16.0, 39.533341], [15.5, 39.533341], [15.5, 39.200008]]]}, "properties": {"Title": "Foglio 572 (In lavorazione/Non disp.)", "DOI": "CARG-572", "URL": "https://www.isprambiente.gov.it/Media/carg/index.html", "Location": "Italy Grid", "Type": "Official Map"}}, {"type": "Feature", "geometry": {"type": "Polygon", "coordinates": [[[16.0, 39.200008], [16.5, 39.200008], [16.5, 39.533341], [16.0, 39.533341], [16.0, 39.200008]]]}, "properties": {"Title": "Foglio 573 (In lavorazione/Non disp.)", "DOI": "CARG-573", "URL": "https://www.isprambiente.gov.it/Media/carg/index.html", "Location": "Italy Grid", "Type": "Official Map"}}, {"type": "Feature", "geometry": {"type": "Polygon", "coordinates": [[[16.5, 39.200008], [17.0, 39.200008], [17.0, 39.533341], [16.5, 39.533341], [16.5, 39.200008]]]}, "properties": {"Title": "Foglio 574 (In lavorazione/Non disp.)", "DOI": "CARG-574", "URL": "https://www.isprambiente.gov.it/Media/carg/index.html", "Location": "Italy Grid", "Type": "Official Map"}}, {"type": "Feature", "geometry": {"type": "Polygon", "coordinates": [[[17.0, 39.200008], [17.5, 39.200008], [17.5, 39.533341], [17.0, 39.533341], [17.0, 39.200008]]]}, "properties": {"Title": "Foglio 575 (In lavorazione/Non disp.)", "DOI": "CARG-575", "URL": "https://www.isprambiente.gov.it/Media/carg/index.html", "Location": "Italy Grid", "Type": "Official Map"}}, {"type": "Feature", "geometry": {"type": "Polygon", "coordinates": [[[17.5, 39.200008], [18.0, 39.200008], [18.0, 39.533341], [17.5, 39.533341], [17.5, 39.200008]]]}, "properties": {"Title": "Foglio 576 - VIBO VALENTIA", "DOI": "CARG-576", "URL": "https://www.isprambiente.gov.it/Media/carg/576_VIBO_VALENTIA/Foglio.html", "Location": "Italy Grid", "Type": "Official Map"}}, {"type": "Feature", "geometry": {"type": "Polygon", "coordinates": [[[6.0, 38.866675], [6.5, 38.866675], [6.5, 39.200008], [6.0, 39.200008], [6.0, 38.866675]]]}, "properties": {"Title": "Foglio 577 (In lavorazione/Non disp.)", "DOI": "CARG-577", "URL": "https://www.isprambiente.gov.it/Media/carg/index.html", "Location": "Italy Grid", "Type": "Official Map"}}, {"type": "Feature", "geometry": {"type": "Polygon", "coordinates": [[[6.5, 38.866675], [7.0, 38.866675], [7.0, 39.200008], [6.5, 39.200008], [6.5, 38.866675]]]}, "properties": {"Title": "Foglio 578 (In lavorazione/Non disp.)", "DOI": "CARG-578", "URL": "https://www.isprambiente.gov.it/Media/carg/index.html", "Location": "Italy Grid", "Type": "Official Map"}}, {"type": "Feature", "geometry": {"type": "Polygon", "coordinates": [[[7.0, 38.866675], [7.5, 38.866675], [7.5, 39.200008], [7.0, 39.200008], [7.0, 38.866675]]]}, "properties": {"Title": "Foglio 579 (In lavorazione/Non disp.)", "DOI": "CARG-579", "URL": "https://www.isprambiente.gov.it/Media/carg/index.html", "Location": "Italy Grid", "Type": "Official Map"}}, {"type": "Feature", "geometry": {"type": "Polygon", "coordinates": [[[7.5, 38.866675], [8.0, 38.866675], [8.0, 39.200008], [7.5, 39.200008], [7.5, 38.866675]]]}, "properties": {"Title": "Foglio 580 (In lavorazione/Non disp.)", "DOI": "CARG-580", "URL": "https://www.isprambiente.gov.it/Media/carg/index.html", "Location": "Italy Grid", "Type": "Official Map"}}, {"type": "Feature", "geometry": {"type": "Polygon", "coordinates": [[[9.0, 38.866675], [9.5, 38.866675], [9.5, 39.200008], [9.0, 39.200008], [9.0, 38.866675]]]}, "properties": {"Title": "Foglio 581 (In lavorazione/Non disp.)", "DOI": "CARG-581", "URL": "https://www.isprambiente.gov.it/Media/carg/index.html", "Location": "Italy Grid", "Type": "Official Map"}}, {"type": "Feature", "geometry": {"type": "Polygon", "coordinates": [[[9.5, 38.866675], [10.0, 38.866675], [10.0, 39.200008], [9.5, 39.200008], [9.5, 38.866675]]]}, "properties": {"Title": "Foglio 582 (In lavorazione/Non disp.)", "DOI": "CARG-582", "URL": "https://www.isprambiente.gov.it/Media/carg/index.html", "Location": "Italy Grid", "Type": "Official Map"}}, {"type": "Feature", "geometry": {"type": "Polygon", "coordinates": [[[10.0, 38.866675], [10.5, 38.866675], [10.5, 39.200008], [10.0, 39.200008], [10.0, 38.866675]]]}, "properties": {"Title": "Foglio 583 (In lavorazione/Non disp.)", "DOI": "CARG-583", "URL": "https://www.isprambiente.gov.it/Media/carg/index.html", "Location": "Italy Grid", "Type": "Official Map"}}, {"type": "Feature", "geometry": {"type": "Polygon", "coordinates": [[[10.5, 38.866675], [11.0, 38.866675], [11.0, 39.200008], [10.5, 39.200008], [10.5, 38.866675]]]}, "properties": {"Title": "Foglio 584 (In lavorazione/Non disp.)", "DOI": "CARG-584", "URL": "https://www.isprambiente.gov.it/Media/carg/index.html", "Location": "Italy Grid", "Type": "Official Map"}}, {"type": "Feature", "geometry": {"type": "Polygon", "coordinates": [[[11.0, 38.866675], [11.5, 38.866675], [11.5, 39.200008], [11.0, 39.200008], [11.0, 38.866675]]]}, "properties": {"Title": "Foglio 585 (In lavorazione/Non disp.)", "DOI": "CARG-585", "URL": "https://www.isprambiente.gov.it/Media/carg/index.html", "Location": "Italy Grid", "Type": "Official Map"}}, {"type": "Feature", "geometry": {"type": "Polygon", "coordinates": [[[11.5, 38.866675], [12.0, 38.866675], [12.0, 39.200008], [11.5, 39.200008], [11.5, 38.866675]]]}, "properties": {"Title": "Foglio 586 - SANT'AGATA DI MILITELLO", "DOI": "CARG-586", "URL": "https://www.isprambiente.gov.it/Media/carg/586_SANTAGATA_DI_MILITELLO/Foglio.html", "Location": "Italy Grid", "Type": "Official Map"}}, {"type": "Feature", "geometry": {"type": "Polygon", "coordinates": [[[12.0, 38.866675], [12.5, 38.866675], [12.5, 39.200008], [12.0, 39.200008], [12.0, 38.866675]]]}, "properties": {"Title": "Foglio 587 (In lavorazione/Non disp.)", "DOI": "CARG-587", "URL": "https://www.isprambiente.gov.it/Media/carg/index.html", "Location": "Italy Grid", "Type": "Official Map"}}, {"type": "Feature", "geometry": {"type": "Polygon", "coordinates": [[[12.5, 38.866675], [13.0, 38.866675], [13.0, 39.200008], [12.5, 39.200008], [12.5, 38.866675]]]}, "properties": {"Title": "Foglio 588 (In lavorazione/Non disp.)", "DOI": "CARG-588", "URL": "https://www.isprambiente.gov.it/Media/carg/index.html", "Location": "Italy Grid", "Type": "Official Map"}}, {"type": "Feature", "geometry": {"type": "Polygon", "coordinates": [[[13.0, 38.866675], [13.5, 38.866675], [13.5, 39.200008], [13.0, 39.200008], [13.0, 38.866675]]]}, "properties": {"Title": "Foglio 589 (In lavorazione/Non disp.)", "DOI": "CARG-589", "URL": "https://www.isprambiente.gov.it/Media/carg/index.html", "Location": "Italy Grid", "Type": "Official Map"}}, {"type": "Feature", "geometry": {"type": "Polygon", "coordinates": [[[13.5, 38.866675], [14.0, 38.866675], [14.0, 39.200008], [13.5, 39.200008], [13.5, 38.866675]]]}, "properties": {"Title": "Foglio 590 (In lavorazione/Non disp.)", "DOI": "CARG-590", "URL": "https://www.isprambiente.gov.it/Media/carg/index.html", "Location": "Italy Grid", "Type": "Official Map"}}, {"type": "Feature", "geometry": {"type": "Polygon", "coordinates": [[[14.0, 38.866675], [14.5, 38.866675], [14.5, 39.200008], [14.0, 39.200008], [14.0, 38.866675]]]}, "properties": {"Title": "Foglio 591 (In lavorazione/Non disp.)", "DOI": "CARG-591", "URL": "https://www.isprambiente.gov.it/Media/carg/index.html", "Location": "Italy Grid", "Type": "Official Map"}}, {"type": "Feature", "geometry": {"type": "Polygon", "coordinates": [[[14.5, 38.866675], [15.0, 38.866675], [15.0, 39.200008], [14.5, 39.200008], [14.5, 38.866675]]]}, "properties": {"Title": "Foglio 592 (In lavorazione/Non disp.)", "DOI": "CARG-592", "URL": "https://www.isprambiente.gov.it/Media/carg/index.html", "Location": "Italy Grid", "Type": "Official Map"}}, {"type": "Feature", "geometry": {"type": "Polygon", "coordinates": [[[15.0, 38.866675], [15.5, 38.866675], [15.5, 39.200008], [15.0, 39.200008], [15.0, 38.866675]]]}, "properties": {"Title": "Foglio 593 (In lavorazione/Non disp.)", "DOI": "CARG-593", "URL": "https://www.isprambiente.gov.it/Media/carg/index.html", "Location": "Italy Grid", "Type": "Official Map"}}, {"type": "Feature", "geometry": {"type": "Polygon", "coordinates": [[[15.5, 38.866675], [16.0, 38.866675], [16.0, 39.200008], [15.5, 39.200008], [15.5, 38.866675]]]}, "properties": {"Title": "Foglio 594 (In lavorazione/Non disp.)", "DOI": "CARG-594", "URL": "https://www.isprambiente.gov.it/Media/carg/index.html", "Location": "Italy Grid", "Type": "Official Map"}}, {"type": "Feature", "geometry": {"type": "Polygon", "coordinates": [[[16.0, 38.866675], [16.5, 38.866675], [16.5, 39.200008], [16.0, 39.200008], [16.0, 38.866675]]]}, "properties": {"Title": "Foglio 595 - PALERMO", "DOI": "CARG-595", "URL": "https://www.isprambiente.gov.it/Media/carg/595_PALERMO/Foglio.html", "Location": "Italy Grid", "Type": "Official Map"}}, {"type": "Feature", "geometry": {"type": "Polygon", "coordinates": [[[16.5, 38.866675], [17.0, 38.866675], [17.0, 39.200008], [16.5, 39.200008], [16.5, 38.866675]]]}, "properties": {"Title": "Foglio 596 - CAPO PLAIA", "DOI": "CARG-596", "URL": "https://www.isprambiente.gov.it/Media/carg/596_CAPO_PLAIA/Foglio.html", "Location": "Italy Grid", "Type": "Official Map"}}, {"type": "Feature", "geometry": {"type": "Polygon", "coordinates": [[[17.0, 38.866675], [17.5, 38.866675], [17.5, 39.200008], [17.0, 39.200008], [17.0, 38.866675]]]}, "properties": {"Title": "Foglio 597 (In lavorazione/Non disp.)", "DOI": "CARG-597", "URL": "https://www.isprambiente.gov.it/Media/carg/index.html", "Location": "Italy Grid", "Type": "Official Map"}}, {"type": "Feature", "geometry": {"type": "Polygon", "coordinates": [[[17.5, 38.866675], [18.0, 38.866675], [18.0, 39.200008], [17.5, 39.200008], [17.5, 38.866675]]]}, "properties": {"Title": "Foglio 598 (In lavorazione/Non disp.)", "DOI": "CARG-598", "URL": "https://www.isprambiente.gov.it/Media/carg/index.html", "Location": "Italy Grid", "Type": "Official Map"}}, {"type": "Feature", "geometry": {"type": "Polygon", "coordinates": [[[18.0, 38.866675], [18.5, 38.866675], [18.5, 39.200008], [18.0, 39.200008], [18.0, 38.866675]]]}, "properties": {"Title": "Foglio 599 (In lavorazione/Non disp.)", "DOI": "CARG-599", "URL": "https://www.isprambiente.gov.it/Media/carg/index.html", "Location": "Italy Grid", "Type": "Official Map"}}, {"type": "Feature", "geometry": {"type": "Polygon", "coordinates": [[[18.5, 38.866675], [19.0, 38.866675], [19.0, 39.200008], [18.5, 39.200008], [18.5, 38.866675]]]}, "properties": {"Title": "Foglio 600 (In lavorazione/Non disp.)", "DOI": "CARG-600", "URL": "https://www.isprambiente.gov.it/Media/carg/index.html", "Location": "Italy Grid", "Type": "Official Map"}}, {"type": "Feature", "geometry": {"type": "Polygon", "coordinates": [[[7.0, 38.533342], [7.5, 38.533342], [7.5, 38.866675], [7.0, 38.866675], [7.0, 38.533342]]]}, "properties": {"Title": "Foglio 601 (In lavorazione/Non disp.)", "DOI": "CARG-601", "URL": "https://www.isprambiente.gov.it/Media/carg/index.html", "Location": "Italy Grid", "Type": "Official Map"}}, {"type": "Feature", "geometry": {"type": "Polygon", "coordinates": [[[7.5, 38.533342], [8.0, 38.533342], [8.0, 38.866675], [7.5, 38.866675], [7.5, 38.533342]]]}, "properties": {"Title": "Foglio 602 - REGGIO DI CALABRIA", "DOI": "CARG-602", "URL": "https://www.isprambiente.gov.it/Media/carg/602_REGGIO_DI_CALABRIA/Foglio.html", "Location": "Italy Grid", "Type": "Official Map"}}, {"type": "Feature", "geometry": {"type": "Polygon", "coordinates": [[[8.0, 38.533342], [8.5, 38.533342], [8.5, 38.866675], [8.0, 38.866675], [8.0, 38.533342]]]}, "properties": {"Title": "Foglio 603 (In lavorazione/Non disp.)", "DOI": "CARG-603", "URL": "https://www.isprambiente.gov.it/Media/carg/index.html", "Location": "Italy Grid", "Type": "Official Map"}}, {"type": "Feature", "geometry": {"type": "Polygon", "coordinates": [[[8.5, 38.533342], [9.0, 38.533342], [9.0, 38.866675], [8.5, 38.866675], [8.5, 38.533342]]]}, "properties": {"Title": "Foglio 604 (In lavorazione/Non disp.)", "DOI": "CARG-604", "URL": "https://www.isprambiente.gov.it/Media/carg/index.html", "Location": "Italy Grid", "Type": "Official Map"}}, {"type": "Feature", "geometry": {"type": "Polygon", "coordinates": [[[9.0, 38.533342], [9.5, 38.533342], [9.5, 38.866675], [9.0, 38.866675], [9.0, 38.533342]]]}, "properties": {"Title": "Foglio 605 (In lavorazione/Non disp.)", "DOI": "CARG-605", "URL": "https://www.isprambiente.gov.it/Media/carg/index.html", "Location": "Italy Grid", "Type": "Official Map"}}, {"type": "Feature", "geometry": {"type": "Polygon", "coordinates": [[[9.5, 38.533342], [10.0, 38.533342], [10.0, 38.866675], [9.5, 38.866675], [9.5, 38.533342]]]}, "properties": {"Title": "Foglio 606 (In lavorazione/Non disp.)", "DOI": "CARG-606", "URL": "https://www.isprambiente.gov.it/Media/carg/index.html", "Location": "Italy Grid", "Type": "Official Map"}}, {"type": "Feature", "geometry": {"type": "Polygon", "coordinates": [[[10.0, 38.533342], [10.5, 38.533342], [10.5, 38.866675], [10.0, 38.866675], [10.0, 38.533342]]]}, "properties": {"Title": "Foglio 607 (In lavorazione/Non disp.)", "DOI": "CARG-607", "URL": "https://www.isprambiente.gov.it/Media/carg/index.html", "Location": "Italy Grid", "Type": "Official Map"}}, {"type": "Feature", "geometry": {"type": "Polygon", "coordinates": [[[10.5, 38.533342], [11.0, 38.533342], [11.0, 38.866675], [10.5, 38.866675], [10.5, 38.533342]]]}, "properties": {"Title": "Foglio 608 - MESSINA", "DOI": "CARG-608", "URL": "https://www.isprambiente.gov.it/Media/carg/608_MESSINA/Foglio.html", "Location": "Italy Grid", "Type": "Official Map"}}, {"type": "Feature", "geometry": {"type": "Polygon", "coordinates": [[[11.0, 38.533342], [11.5, 38.533342], [11.5, 38.866675], [11.0, 38.866675], [11.0, 38.533342]]]}, "properties": {"Title": "Foglio 609 (In lavorazione/Non disp.)", "DOI": "CARG-609", "URL": "https://www.isprambiente.gov.it/Media/carg/index.html", "Location": "Italy Grid", "Type": "Official Map"}}, {"type": "Feature", "geometry": {"type": "Polygon", "coordinates": [[[11.5, 38.533342], [12.0, 38.533342], [12.0, 38.866675], [11.5, 38.866675], [11.5, 38.533342]]]}, "properties": {"Title": "Foglio 610 (In lavorazione/Non disp.)", "DOI": "CARG-610", "URL": "https://www.isprambiente.gov.it/Media/carg/index.html", "Location": "Italy Grid", "Type": "Official Map"}}, {"type": "Feature", "geometry": {"type": "Polygon", "coordinates": [[[12.0, 38.533342], [12.5, 38.533342], [12.5, 38.866675], [12.0, 38.866675], [12.0, 38.533342]]]}, "properties": {"Title": "Foglio 611 - MISTRETTA", "DOI": "CARG-611", "URL": "https://www.isprambiente.gov.it/Media/carg/611_MISTRETTA/Foglio.html", "Location": "Italy Grid", "Type": "Official Map"}}, {"type": "Feature", "geometry": {"type": "Polygon", "coordinates": [[[12.5, 38.533342], [13.0, 38.533342], [13.0, 38.866675], [12.5, 38.866675], [12.5, 38.533342]]]}, "properties": {"Title": "Foglio 612 (In lavorazione/Non disp.)", "DOI": "CARG-612", "URL": "https://www.isprambiente.gov.it/Media/carg/index.html", "Location": "Italy Grid", "Type": "Official Map"}}, {"type": "Feature", "geometry": {"type": "Polygon", "coordinates": [[[13.0, 38.533342], [13.5, 38.533342], [13.5, 38.866675], [13.0, 38.866675], [13.0, 38.533342]]]}, "properties": {"Title": "Foglio 613 (In lavorazione/Non disp.)", "DOI": "CARG-613", "URL": "https://www.isprambiente.gov.it/Media/carg/index.html", "Location": "Italy Grid", "Type": "Official Map"}}, {"type": "Feature", "geometry": {"type": "Polygon", "coordinates": [[[13.5, 38.533342], [14.0, 38.533342], [14.0, 38.866675], [13.5, 38.866675], [13.5, 38.533342]]]}, "properties": {"Title": "Foglio 614 - TERMINI IMERESE", "DOI": "CARG-614", "URL": "https://www.isprambiente.gov.it/Media/carg/614_TERMINI_IMERESE/Foglio.html", "Location": "Italy Grid", "Type": "Official Map"}}, {"type": "Feature", "geometry": {"type": "Polygon", "coordinates": [[[14.0, 38.533342], [14.5, 38.533342], [14.5, 38.866675], [14.0, 38.866675], [14.0, 38.533342]]]}, "properties": {"Title": "Foglio 615 (In lavorazione/Non disp.)", "DOI": "CARG-615", "URL": "https://www.isprambiente.gov.it/Media/carg/index.html", "Location": "Italy Grid", "Type": "Official Map"}}, {"type": "Feature", "geometry": {"type": "Polygon", "coordinates": [[[14.5, 38.533342], [15.0, 38.533342], [15.0, 38.866675], [14.5, 38.866675], [14.5, 38.533342]]]}, "properties": {"Title": "Foglio 616 (In lavorazione/Non disp.)", "DOI": "CARG-616", "URL": "https://www.isprambiente.gov.it/Media/carg/index.html", "Location": "Italy Grid", "Type": "Official Map"}}, {"type": "Feature", "geometry": {"type": "Polygon", "coordinates": [[[15.0, 38.533342], [15.5, 38.533342], [15.5, 38.866675], [15.0, 38.866675], [15.0, 38.533342]]]}, "properties": {"Title": "Foglio 617 (In lavorazione/Non disp.)", "DOI": "CARG-617", "URL": "https://www.isprambiente.gov.it/Media/carg/index.html", "Location": "Italy Grid", "Type": "Official Map"}}, {"type": "Feature", "geometry": {"type": "Polygon", "coordinates": [[[15.5, 38.533342], [16.0, 38.533342], [16.0, 38.866675], [15.5, 38.866675], [15.5, 38.533342]]]}, "properties": {"Title": "Foglio 618 (In lavorazione/Non disp.)", "DOI": "CARG-618", "URL": "https://www.isprambiente.gov.it/Media/carg/index.html", "Location": "Italy Grid", "Type": "Official Map"}}, {"type": "Feature", "geometry": {"type": "Polygon", "coordinates": [[[16.0, 38.533342], [16.5, 38.533342], [16.5, 38.866675], [16.0, 38.866675], [16.0, 38.533342]]]}, "properties": {"Title": "Foglio 619 (In lavorazione/Non disp.)", "DOI": "CARG-619", "URL": "https://www.isprambiente.gov.it/Media/carg/index.html", "Location": "Italy Grid", "Type": "Official Map"}}, {"type": "Feature", "geometry": {"type": "Polygon", "coordinates": [[[16.5, 38.533342], [17.0, 38.533342], [17.0, 38.866675], [16.5, 38.866675], [16.5, 38.533342]]]}, "properties": {"Title": "Foglio 620 (In lavorazione/Non disp.)", "DOI": "CARG-620", "URL": "https://www.isprambiente.gov.it/Media/carg/index.html", "Location": "Italy Grid", "Type": "Official Map"}}, {"type": "Feature", "geometry": {"type": "Polygon", "coordinates": [[[17.0, 38.533342], [17.5, 38.533342], [17.5, 38.866675], [17.0, 38.866675], [17.0, 38.533342]]]}, "properties": {"Title": "Foglio 621 (In lavorazione/Non disp.)", "DOI": "CARG-621", "URL": "https://www.isprambiente.gov.it/Media/carg/index.html", "Location": "Italy Grid", "Type": "Official Map"}}, {"type": "Feature", "geometry": {"type": "Polygon", "coordinates": [[[17.5, 38.533342], [18.0, 38.533342], [18.0, 38.866675], [17.5, 38.866675], [17.5, 38.533342]]]}, "properties": {"Title": "Foglio 622 (In lavorazione/Non disp.)", "DOI": "CARG-622", "URL": "https://www.isprambiente.gov.it/Media/carg/index.html", "Location": "Italy Grid", "Type": "Official Map"}}, {"type": "Feature", "geometry": {"type": "Polygon", "coordinates": [[[18.0, 38.533342], [18.5, 38.533342], [18.5, 38.866675], [18.0, 38.866675], [18.0, 38.533342]]]}, "properties": {"Title": "Foglio 623 (In lavorazione/Non disp.)", "DOI": "CARG-623", "URL": "https://www.isprambiente.gov.it/Media/carg/index.html", "Location": "Italy Grid", "Type": "Official Map"}}, {"type": "Feature", "geometry": {"type": "Polygon", "coordinates": [[[18.5, 38.533342], [19.0, 38.533342], [19.0, 38.866675], [18.5, 38.866675], [18.5, 38.533342]]]}, "properties": {"Title": "Foglio 624 (In lavorazione/Non disp.)", "DOI": "CARG-624", "URL": "https://www.isprambiente.gov.it/Media/carg/index.html", "Location": "Italy Grid", "Type": "Official Map"}}, {"type": "Feature", "geometry": {"type": "Polygon", "coordinates": [[[7.0, 38.200009], [7.5, 38.200009], [7.5, 38.533342], [7.0, 38.533342], [7.0, 38.200009]]]}, "properties": {"Title": "Foglio 625 - ACIREALE", "DOI": "CARG-625", "URL": "https://www.isprambiente.gov.it/Media/carg/625_ACIREALE/Foglio.html", "Location": "Italy Grid", "Type": "Official Map"}}, {"type": "Feature", "geometry": {"type": "Polygon", "coordinates": [[[7.5, 38.200009], [8.0, 38.200009], [8.0, 38.533342], [7.5, 38.533342], [7.5, 38.200009]]]}, "properties": {"Title": "Foglio 626 (In lavorazione/Non disp.)", "DOI": "CARG-626", "URL": "https://www.isprambiente.gov.it/Media/carg/index.html", "Location": "Italy Grid", "Type": "Official Map"}}, {"type": "Feature", "geometry": {"type": "Polygon", "coordinates": [[[8.0, 38.200009], [8.5, 38.200009], [8.5, 38.533342], [8.0, 38.533342], [8.0, 38.200009]]]}, "properties": {"Title": "Foglio 627 (In lavorazione/Non disp.)", "DOI": "CARG-627", "URL": "https://www.isprambiente.gov.it/Media/carg/index.html", "Location": "Italy Grid", "Type": "Official Map"}}, {"type": "Feature", "geometry": {"type": "Polygon", "coordinates": [[[8.5, 38.200009], [9.0, 38.200009], [9.0, 38.533342], [8.5, 38.533342], [8.5, 38.200009]]]}, "properties": {"Title": "Foglio 628 (In lavorazione/Non disp.)", "DOI": "CARG-628", "URL": "https://www.isprambiente.gov.it/Media/carg/index.html", "Location": "Italy Grid", "Type": "Official Map"}}, {"type": "Feature", "geometry": {"type": "Polygon", "coordinates": [[[9.0, 38.200009], [9.5, 38.200009], [9.5, 38.533342], [9.0, 38.533342], [9.0, 38.200009]]]}, "properties": {"Title": "Foglio 629 (In lavorazione/Non disp.)", "DOI": "CARG-629", "URL": "https://www.isprambiente.gov.it/Media/carg/index.html", "Location": "Italy Grid", "Type": "Official Map"}}, {"type": "Feature", "geometry": {"type": "Polygon", "coordinates": [[[9.5, 38.200009], [10.0, 38.200009], [10.0, 38.533342], [9.5, 38.533342], [9.5, 38.200009]]]}, "properties": {"Title": "Foglio 630 (In lavorazione/Non disp.)", "DOI": "CARG-630", "URL": "https://www.isprambiente.gov.it/Media/carg/index.html", "Location": "Italy Grid", "Type": "Official Map"}}, {"type": "Feature", "geometry": {"type": "Polygon", "coordinates": [[[10.0, 38.200009], [10.5, 38.200009], [10.5, 38.533342], [10.0, 38.533342], [10.0, 38.200009]]]}, "properties": {"Title": "Foglio 631 (In lavorazione/Non disp.)", "DOI": "CARG-631", "URL": "https://www.isprambiente.gov.it/Media/carg/index.html", "Location": "Italy Grid", "Type": "Official Map"}}, {"type": "Feature", "geometry": {"type": "Polygon", "coordinates": [[[10.5, 38.200009], [11.0, 38.200009], [11.0, 38.533342], [10.5, 38.533342], [10.5, 38.200009]]]}, "properties": {"Title": "Foglio 632 (In lavorazione/Non disp.)", "DOI": "CARG-632", "URL": "https://www.isprambiente.gov.it/Media/carg/index.html", "Location": "Italy Grid", "Type": "Official Map"}}, {"type": "Feature", "geometry": {"type": "Polygon", "coordinates": [[[11.0, 38.200009], [11.5, 38.200009], [11.5, 38.533342], [11.0, 38.533342], [11.0, 38.200009]]]}, "properties": {"Title": "Foglio 633 (In lavorazione/Non disp.)", "DOI": "CARG-633", "URL": "https://www.isprambiente.gov.it/Media/carg/index.html", "Location": "Italy Grid", "Type": "Official Map"}}, {"type": "Feature", "geometry": {"type": "Polygon", "coordinates": [[[11.5, 38.200009], [12.0, 38.200009], [12.0, 38.533342], [11.5, 38.533342], [11.5, 38.200009]]]}, "properties": {"Title": "Foglio 634 - CATANIA", "DOI": "CARG-634", "URL": "https://www.isprambiente.gov.it/Media/carg/634_CATANIA/Foglio.html", "Location": "Italy Grid", "Type": "Official Map"}}, {"type": "Feature", "geometry": {"type": "Polygon", "coordinates": [[[12.0, 38.200009], [12.5, 38.200009], [12.5, 38.533342], [12.0, 38.533342], [12.0, 38.200009]]]}, "properties": {"Title": "Foglio 635 (In lavorazione/Non disp.)", "DOI": "CARG-635", "URL": "https://www.isprambiente.gov.it/Media/carg/index.html", "Location": "Italy Grid", "Type": "Official Map"}}, {"type": "Feature", "geometry": {"type": "Polygon", "coordinates": [[[12.5, 38.200009], [13.0, 38.200009], [13.0, 38.533342], [12.5, 38.533342], [12.5, 38.200009]]]}, "properties": {"Title": "Foglio 636 (In lavorazione/Non disp.)", "DOI": "CARG-636", "URL": "https://www.isprambiente.gov.it/Media/carg/index.html", "Location": "Italy Grid", "Type": "Official Map"}}, {"type": "Feature", "geometry": {"type": "Polygon", "coordinates": [[[13.0, 38.200009], [13.5, 38.200009], [13.5, 38.533342], [13.0, 38.533342], [13.0, 38.200009]]]}, "properties": {"Title": "Foglio 637 (In lavorazione/Non disp.)", "DOI": "CARG-637", "URL": "https://www.isprambiente.gov.it/Media/carg/index.html", "Location": "Italy Grid", "Type": "Official Map"}}, {"type": "Feature", "geometry": {"type": "Polygon", "coordinates": [[[13.5, 38.200009], [14.0, 38.200009], [14.0, 38.533342], [13.5, 38.533342], [13.5, 38.200009]]]}, "properties": {"Title": "Foglio 638 - CALTAGIRONE", "DOI": "CARG-638", "URL": "https://www.isprambiente.gov.it/Media/carg/638_CALTAGIRONE/Foglio.html", "Location": "Italy Grid", "Type": "Official Map"}}, {"type": "Feature", "geometry": {"type": "Polygon", "coordinates": [[[14.0, 38.200009], [14.5, 38.200009], [14.5, 38.533342], [14.0, 38.533342], [14.0, 38.200009]]]}, "properties": {"Title": "Foglio 639 (In lavorazione/Non disp.)", "DOI": "CARG-639", "URL": "https://www.isprambiente.gov.it/Media/carg/index.html", "Location": "Italy Grid", "Type": "Official Map"}}, {"type": "Feature", "geometry": {"type": "Polygon", "coordinates": [[[14.5, 38.200009], [15.0, 38.200009], [15.0, 38.533342], [14.5, 38.533342], [14.5, 38.200009]]]}, "properties": {"Title": "Foglio 640 (In lavorazione/Non disp.)", "DOI": "CARG-640", "URL": "https://www.isprambiente.gov.it/Media/carg/index.html", "Location": "Italy Grid", "Type": "Official Map"}}, {"type": "Feature", "geometry": {"type": "Polygon", "coordinates": [[[15.0, 38.200009], [15.5, 38.200009], [15.5, 38.533342], [15.0, 38.533342], [15.0, 38.200009]]]}, "properties": {"Title": "Foglio 641 (In lavorazione/Non disp.)", "DOI": "CARG-641", "URL": "https://www.isprambiente.gov.it/Media/carg/index.html", "Location": "Italy Grid", "Type": "Official Map"}}, {"type": "Feature", "geometry": {"type": "Polygon", "coordinates": [[[15.5, 38.200009], [16.0, 38.200009], [16.0, 38.533342], [15.5, 38.533342], [15.5, 38.200009]]]}, "properties": {"Title": "Foglio 642 - GELA", "DOI": "CARG-642", "URL": "https://www.isprambiente.gov.it/Media/carg/642_GELA/Foglio.html", "Location": "Italy Grid", "Type": "Official Map"}}, {"type": "Feature", "geometry": {"type": "Polygon", "coordinates": [[[16.0, 38.200009], [16.5, 38.200009], [16.5, 38.533342], [16.0, 38.533342], [16.0, 38.200009]]]}, "properties": {"Title": "Foglio 643 - VITTORIA", "DOI": "CARG-643", "URL": "https://www.isprambiente.gov.it/Media/carg/643_VITTORIA/Foglio.html", "Location": "Italy Grid", "Type": "Official Map"}}, {"type": "Feature", "geometry": {"type": "Polygon", "coordinates": [[[16.5, 38.200009], [17.0, 38.200009], [17.0, 38.533342], [16.5, 38.533342], [16.5, 38.200009]]]}, "properties": {"Title": "Foglio 644 (In lavorazione/Non disp.)", "DOI": "CARG-644", "URL": "https://www.isprambiente.gov.it/Media/carg/index.html", "Location": "Italy Grid", "Type": "Official Map"}}, {"type": "Feature", "geometry": {"type": "Polygon", "coordinates": [[[17.0, 38.200009], [17.5, 38.200009], [17.5, 38.533342], [17.0, 38.533342], [17.0, 38.200009]]]}, "properties": {"Title": "Foglio 645 (In lavorazione/Non disp.)", "DOI": "CARG-645", "URL": "https://www.isprambiente.gov.it/Media/carg/index.html", "Location": "Italy Grid", "Type": "Official Map"}}, {"type": "Feature", "geometry": {"type": "Polygon", "coordinates": [[[17.5, 38.200009], [18.0, 38.200009], [18.0, 38.533342], [17.5, 38.533342], [17.5, 38.200009]]]}, "properties": {"Title": "Foglio 646 (In lavorazione/Non disp.)", "DOI": "CARG-646", "URL": "https://www.isprambiente.gov.it/Media/carg/index.html", "Location": "Italy Grid", "Type": "Official Map"}}, {"type": "Feature", "geometry": {"type": "Polygon", "coordinates": [[[18.0, 38.200009], [18.5, 38.200009], [18.5, 38.533342], [18.0, 38.533342], [18.0, 38.200009]]]}, "properties": {"Title": "Foglio 647 (In lavorazione/Non disp.)", "DOI": "CARG-647", "URL": "https://www.isprambiente.gov.it/Media/carg/index.html", "Location": "Italy Grid", "Type": "Official Map"}}, {"type": "Feature", "geometry": {"type": "Polygon", "coordinates": [[[18.5, 38.200009], [19.0, 38.200009], [19.0, 38.533342], [18.5, 38.533342], [18.5, 38.200009]]]}, "properties": {"Title": "Foglio 648 - RAGUSA", "DOI": "CARG-648", "URL": "https://www.isprambiente.gov.it/Media/carg/648_RAGUSA/Foglio.html", "Location": "Italy Grid", "Type": "Official Map"}}, {"type": "Feature", "geometry": {"type": "Polygon", "coordinates": [[[7.0, 37.866676], [7.5, 37.866676], [7.5, 38.200009], [7.0, 38.200009], [7.0, 37.866676]]]}, "properties": {"Title": "Foglio 649 (In lavorazione/Non disp.)", "DOI": "CARG-649", "URL": "https://www.isprambiente.gov.it/Media/carg/index.html", "Location": "Italy Grid", "Type": "Official Map"}}, {"type": "Feature", "geometry": {"type": "Polygon", "coordinates": [[[7.5, 37.866676], [8.0, 37.866676], [8.0, 38.200009], [7.5, 38.200009], [7.5, 37.866676]]]}, "properties": {"Title": "Foglio 650 (In lavorazione/Non disp.)", "DOI": "CARG-650", "URL": "https://www.isprambiente.gov.it/Media/carg/index.html", "Location": "Italy Grid", "Type": "Official Map"}}, {"type": "Feature", "geometry": {"type": "Polygon", "coordinates": [[[8.0, 37.866676], [8.5, 37.866676], [8.5, 38.200009], [8.0, 38.200009], [8.0, 37.866676]]]}, "properties": {"Title": "Foglio 651 (In lavorazione/Non disp.)", "DOI": "CARG-651", "URL": "https://www.isprambiente.gov.it/Media/carg/index.html", "Location": "Italy Grid", "Type": "Official Map"}}, {"type": "Feature", "geometry": {"type": "Polygon", "coordinates": [[[8.5, 37.866676], [9.0, 37.866676], [9.0, 38.200009], [8.5, 38.200009], [8.5, 37.866676]]]}, "properties": {"Title": "Foglio 652 - PACHINO", "DOI": "CARG-652", "URL": "https://www.isprambiente.gov.it/Media/carg/652_PACHINO/Foglio.html", "Location": "Italy Grid", "Type": "Official Map"}}]}