{"type": "FeatureCollection", "features": [{"type": "Feature", "geometry": {"type": "Polygon", "coordinates": [[[5.5, 46.766667], [6.0, 46.766667], [6.0, 47.1], [5.5, 47.1], [5.5, 46.766667]]]}, "properties": {"Title": "Foglio 1 - PASSO DEL BRENNERO", "DOI": "IGM-100k-1", "URL": "https://www.openaccess-isprambiente.it/simple-search?query=Carta+Geologica+100.000+Foglio+1+PASSO+DEL+BRENNERO", "Location": "Italy Grid 100k", "Type": "Historical Map (1:100k)"}}, {"type": "Feature", "geometry": {"type": "Polygon", "coordinates": [[[6.0, 46.766667], [6.5, 46.766667], [6.5, 47.1], [6.0, 47.1], [6.0, 46.766667]]]}, "properties": {"Title": "Foglio 2 - BRESSANONE", "DOI": "IGM-100k-2", "URL": "https://www.openaccess-isprambiente.it/simple-search?query=Carta+Geologica+100.000+Foglio+2+BRESSANONE", "Location": "Italy Grid 100k", "Type": "Historical Map (1:100k)"}}, {"type": "Feature", "geometry": {"type": "Polygon", "coordinates": [[[6.5, 46.766667], [7.0, 46.766667], [7.0, 47.1], [6.5, 47.1], [6.5, 46.766667]]]}, "properties": {"Title": "Foglio 3 - VETTA D'ITALIA", "DOI": "IGM-100k-3", "URL": "https://www.openaccess-isprambiente.it/simple-search?query=Carta+Geologica+100.000+Foglio+3+VETTA+D'ITALIA", "Location": "Italy Grid 100k", "Type": "Historical Map (1:100k)"}}, {"type": "Feature", "geometry": {"type": "Polygon", "coordinates": [[[7.0, 46.766667], [7.5, 46.766667], [7.5, 47.1], [7.0, 47.1], [7.0, 46.766667]]]}, "properties": {"Title": "Foglio 4 - MERANO", "DOI": "IGM-100k-4", "URL": "https://www.openaccess-isprambiente.it/simple-search?query=Carta+Geologica+100.000+Foglio+4+MERANO", "Location": "Italy Grid 100k", "Type": "Historical Map (1:100k)"}}, {"type": "Feature", "geometry": {"type": "Polygon", "coordinates": [[[7.5, 46.766667], [8.0, 46.766667], [8.0, 47.1], [7.5, 47.1], [7.5, 46.766667]]]}, "properties": {"Title": "Foglio 5", "DOI": "IGM-100k-5", "URL": "https://www.isprambiente.gov.it/it/banche-dati/cartografia/carte-geologiche-e-geotematiche/carta-geologica-alla-scala-1-to-100.000", "Location": "Italy Grid 100k", "Type": "Historical Map (1:100k)"}}, {"type": "Feature", "geometry": {"type": "Polygon", "coordinates": [[[8.0, 46.766667], [8.5, 46.766667], [8.5, 47.1], [8.0, 47.1], [8.0, 46.766667]]]}, "properties": {"Title": "Foglio 6", "DOI": "IGM-100k-6", "URL": "https://www.isprambiente.gov.it/it/banche-dati/cartografia/carte-geologiche-e-geotematiche/carta-geologica-alla-scala-1-to-100.000", "Location": "Italy Grid 100k", "Type": "Historical Map (1:100k)"}}, {"type": "Feature", "geometry": {"type": "Polygon", "coordinates": [[[8.5, 46.766667], [9.0, 46.766667], [9.0, 47.1], [8.5, 47.1], [8.5, 46.766667]]]}, "properties": {"Title": "Foglio 7 - PORDENONE", "DOI": "IGM-100k-7", "URL": "https://www.openaccess-isprambiente.it/simple-search?query=Carta+Geologica+100.000+Foglio+7+PORDENONE", "Location": "Italy Grid 100k", "Type": "Historical Map (1:100k)"}}, {"type": "Feature", "geometry": {"type": "Polygon", "coordinates": [[[9.0, 46.766667], [9.5, 46.766667], [9.5, 47.1], [9.0, 47.1], [9.0, 46.766667]]]}, "properties": {"Title": "Foglio 8 - UDINE", "DOI": "IGM-100k-8", "URL": "https://www.openaccess-isprambiente.it/simple-search?query=Carta+Geologica+100.000+Foglio+8+UDINE", "Location": "Italy Grid 100k", "Type": "Historical Map (1:100k)"}}, {"type": "Feature", "geometry": {"type": "Polygon", "coordinates": [[[9.5, 46.766667], [10.0, 46.766667], [10.0, 47.1], [9.5, 47.1], [9.5, 46.766667]]]}, "properties": {"Title": "Foglio 9 - GORIZIA", "DOI": "IGM-100k-9", "URL": "https://www.openaccess-isprambiente.it/simple-search?query=Carta+Geologica+100.000+Foglio+9+GORIZIA", "Location": "Italy Grid 100k", "Type": "Historical Map (1:100k)"}}, {"type": "Feature", "geometry": {"type": "Polygon", "coordinates": [[[10.0, 46.766667], [10.5, 46.766667], [10.5, 47.1], [10.0, 47.1], [10.0, 46.766667]]]}, "properties": {"Title": "Foglio 10 - TURIN", "DOI": "IGM-100k-10", "URL": "https://www.openaccess-isprambiente.it/simple-search?query=Carta+Geologica+100.000+Foglio+10+TURIN", "Location": "Italy Grid 100k", "Type": "Historical Map (1:100k)"}}, {"type": "Feature", "geometry": {"type": "Polygon", "coordinates": [[[10.5, 46.766667], [11.0, 46.766667], [11.0, 47.1], [10.5, 47.1], [10.5, 46.766667]]]}, "properties": {"Title": "Foglio 11 - AOSTA", "DOI": "IGM-100k-11", "URL": "https://www.openaccess-isprambiente.it/simple-search?query=Carta+Geologica+100.000+Foglio+11+AOSTA", "Location": "Italy Grid 100k", "Type": "Historical Map (1:100k)"}}, {"type": "Feature", "geometry": {"type": "Polygon", "coordinates": [[[11.0, 46.766667], [11.5, 46.766667], [11.5, 47.1], [11.0, 47.1], [11.0, 46.766667]]]}, "properties": {"Title": "Foglio 12 - DOMODOSSOLA", "DOI": "IGM-100k-12", "URL": "https://www.openaccess-isprambiente.it/simple-search?query=Carta+Geologica+100.000+Foglio+12+DOMODOSSOLA", "Location": "Italy Grid 100k", "Type": "Historical Map (1:100k)"}}, {"type": "Feature", "geometry": {"type": "Polygon", "coordinates": [[[11.5, 46.766667], [12.0, 46.766667], [12.0, 47.1], [11.5, 47.1], [11.5, 46.766667]]]}, "properties": {"Title": "Foglio 13 - VARALLO", "DOI": "IGM-100k-13", "URL": "https://www.openaccess-isprambiente.it/simple-search?query=Carta+Geologica+100.000+Foglio+13+VARALLO", "Location": "Italy Grid 100k", "Type": "Historical Map (1:100k)"}}, {"type": "Feature", "geometry": {"type": "Polygon", "coordinates": [[[12.0, 46.766667], [12.5, 46.766667], [12.5, 47.1], [12.0, 47.1], [12.0, 46.766667]]]}, "properties": {"Title": "Foglio 14 - VARESE", "DOI": "IGM-100k-14", "URL": "https://www.openaccess-isprambiente.it/simple-search?query=Carta+Geologica+100.000+Foglio+14+VARESE", "Location": "Italy Grid 100k", "Type": "Historical Map (1:100k)"}}, {"type": "Feature", "geometry": {"type": "Polygon", "coordinates": [[[12.5, 46.766667], [13.0, 46.766667], [13.0, 47.1], [12.5, 47.1], [12.5, 46.766667]]]}, "properties": {"Title": "Foglio 15 - LECCO", "DOI": "IGM-100k-15", "URL": "https://www.openaccess-isprambiente.it/simple-search?query=Carta+Geologica+100.000+Foglio+15+LECCO", "Location": "Italy Grid 100k", "Type": "Historical Map (1:100k)"}}, {"type": "Feature", "geometry": {"type": "Polygon", "coordinates": [[[13.0, 46.766667], [13.5, 46.766667], [13.5, 47.1], [13.0, 47.1], [13.0, 46.766667]]]}, "properties": {"Title": "Foglio 16 - BERGAMO", "DOI": "IGM-100k-16", "URL": "https://www.openaccess-isprambiente.it/simple-search?query=Carta+Geologica+100.000+Foglio+16+BERGAMO", "Location": "Italy Grid 100k", "Type": "Historical Map (1:100k)"}}, {"type": "Feature", "geometry": {"type": "Polygon", "coordinates": [[[13.5, 46.766667], [14.0, 46.766667], [14.0, 47.1], [13.5, 47.1], [13.5, 46.766667]]]}, "properties": {"Title": "Foglio 17 - BRESCIA", "DOI": "IGM-100k-17", "URL": "https://www.openaccess-isprambiente.it/simple-search?query=Carta+Geologica+100.000+Foglio+17+BRESCIA", "Location": "Italy Grid 100k", "Type": "Historical Map (1:100k)"}}, {"type": "Feature", "geometry": {"type": "Polygon", "coordinates": [[[14.0, 46.766667], [14.5, 46.766667], [14.5, 47.1], [14.0, 47.1], [14.0, 46.766667]]]}, "properties": {"Title": "Foglio 18 - VERONA", "DOI": "IGM-100k-18", "URL": "https://www.openaccess-isprambiente.it/simple-search?query=Carta+Geologica+100.000+Foglio+18+VERONA", "Location": "Italy Grid 100k", "Type": "Historical Map (1:100k)"}}, {"type": "Feature", "geometry": {"type": "Polygon", "coordinates": [[[14.5, 46.766667], [15.0, 46.766667], [15.0, 47.1], [14.5, 47.1], [14.5, 46.766667]]]}, "properties": {"Title": "Foglio 19 - VICENZA", "DOI": "IGM-100k-19", "URL": "https://www.openaccess-isprambiente.it/simple-search?query=Carta+Geologica+100.000+Foglio+19+VICENZA", "Location": "Italy Grid 100k", "Type": "Historical Map (1:100k)"}}, {"type": "Feature", "geometry": {"type": "Polygon", "coordinates": [[[15.0, 46.766667], [15.5, 46.766667], [15.5, 47.1], [15.0, 47.1], [15.0, 46.766667]]]}, "properties": {"Title": "Foglio 20 - TREVISO", "DOI": "IGM-100k-20", "URL": "https://www.openaccess-isprambiente.it/simple-search?query=Carta+Geologica+100.000+Foglio+20+TREVISO", "Location": "Italy Grid 100k", "Type": "Historical Map (1:100k)"}}, {"type": "Feature", "geometry": {"type": "Polygon", "coordinates": [[[15.5, 46.766667], [16.0, 46.766667], [16.0, 47.1], [15.5, 47.1], [15.5, 46.766667]]]}, "properties": {"Title": "Foglio 21 - VENEZIA", "DOI": "IGM-100k-21", "URL": "https://www.openaccess-isprambiente.it/simple-search?query=Carta+Geologica+100.000+Foglio+21+VENEZIA", "Location": "Italy Grid 100k", "Type": "Historical Map (1:100k)"}}, {"type": "Feature", "geometry": {"type": "Polygon", "coordinates": [[[16.0, 46.766667], [16.5, 46.766667], [16.5, 47.1], [16.0, 47.1], [16.0, 46.766667]]]}, "properties": {"Title": "Foglio 22 - TRIESTE", "DOI": "IGM-100k-22", "URL": "https://www.openaccess-isprambiente.it/simple-search?query=Carta+Geologica+100.000+Foglio+22+TRIESTE", "Location": "Italy Grid 100k", "Type": "Historical Map (1:100k)"}}, {"type": "Feature", "geometry": {"type": "Polygon", "coordinates": [[[16.5, 46.766667], [17.0, 46.766667], [17.0, 47.1], [16.5, 47.1], [16.5, 46.766667]]]}, "properties": {"Title": "Foglio 23", "DOI": "IGM-100k-23", "URL": "https://www.isprambiente.gov.it/it/banche-dati/cartografia/carte-geologiche-e-geotematiche/carta-geologica-alla-scala-1-to-100.000", "Location": "Italy Grid 100k", "Type": "Historical Map (1:100k)"}}, {"type": "Feature", "geometry": {"type": "Polygon", "coordinates": [[[17.0, 46.766667], [17.5, 46.766667], [17.5, 47.1], [17.0, 47.1], [17.0, 46.766667]]]}, "properties": {"Title": "Foglio 24", "DOI": "IGM-100k-24", "URL": "https://www.isprambiente.gov.it/it/banche-dati/cartografia/carte-geologiche-e-geotematiche/carta-geologica-alla-scala-1-to-100.000", "Location": "Italy Grid 100k", "Type": "Historical Map (1:100k)"}}, {"type": "Feature", "geometry": {"type": "Polygon", "coordinates": [[[5.5, 46.433334], [6.0, 46.433334], [6.0, 46.766667], [5.5, 46.766667], [5.5, 46.433334]]]}, "properties": {"Title": "Foglio 25", "DOI": "IGM-100k-25", "URL": "https://www.isprambiente.gov.it/it/banche-dati/cartografia/carte-geologiche-e-geotematiche/carta-geologica-alla-scala-1-to-100.000", "Location": "Italy Grid 100k", "Type": "Historical Map (1:100k)"}}, {"type": "Feature", "geometry": {"type": "Polygon", "coordinates": [[[6.0, 46.433334], [6.5, 46.433334], [6.5, 46.766667], [6.0, 46.766667], [6.0, 46.433334]]]}, "properties": {"Title": "Foglio 26", "DOI": "IGM-100k-26", "URL": "https://www.isprambiente.gov.it/it/banche-dati/cartografia/carte-geologiche-e-geotematiche/carta-geologica-alla-scala-1-to-100.000", "Location": "Italy Grid 100k", "Type": "Historical Map (1:100k)"}}, {"type": "Feature", "geometry": {"type": "Polygon", "coordinates": [[[6.5, 46.433334], [7.0, 46.433334], [7.0, 46.766667], [6.5, 46.766667], [6.5, 46.433334]]]}, "properties": {"Title": "Foglio 27", "DOI": "IGM-100k-27", "URL": "https://www.isprambiente.gov.it/it/banche-dati/cartografia/carte-geologiche-e-geotematiche/carta-geologica-alla-scala-1-to-100.000", "Location": "Italy Grid 100k", "Type": "Historical Map (1:100k)"}}, {"type": "Feature", "geometry": {"type": "Polygon", "coordinates": [[[7.0, 46.433334], [7.5, 46.433334], [7.5, 46.766667], [7.0, 46.766667], [7.0, 46.433334]]]}, "properties": {"Title": "Foglio 28", "DOI": "IGM-100k-28", "URL": "https://www.isprambiente.gov.it/it/banche-dati/cartografia/carte-geologiche-e-geotematiche/carta-geologica-alla-scala-1-to-100.000", "Location": "Italy Grid 100k", "Type": "Historical Map (1:100k)"}}, {"type": "Feature", "geometry": {"type": "Polygon", "coordinates": [[[7.5, 46.433334], [8.0, 46.433334], [8.0, 46.766667], [7.5, 46.766667], [7.5, 46.433334]]]}, "properties": {"Title": "Foglio 29", "DOI": "IGM-100k-29", "URL": "https://www.isprambiente.gov.it/it/banche-dati/cartografia/carte-geologiche-e-geotematiche/carta-geologica-alla-scala-1-to-100.000", "Location": "Italy Grid 100k", "Type": "Historical Map (1:100k)"}}, {"type": "Feature", "geometry": {"type": "Polygon", "coordinates": [[[8.0, 46.433334], [8.5, 46.433334], [8.5, 46.766667], [8.0, 46.766667], [8.0, 46.433334]]]}, "properties": {"Title": "Foglio 30", "DOI": "IGM-100k-30", "URL": "https://www.isprambiente.gov.it/it/banche-dati/cartografia/carte-geologiche-e-geotematiche/carta-geologica-alla-scala-1-to-100.000", "Location": "Italy Grid 100k", "Type": "Historical Map (1:100k)"}}, {"type": "Feature", "geometry": {"type": "Polygon", "coordinates": [[[8.5, 46.433334], [9.0, 46.433334], [9.0, 46.766667], [8.5, 46.766667], [8.5, 46.433334]]]}, "properties": {"Title": "Foglio 31 - IVREA", "DOI": "IGM-100k-31", "URL": "https://www.openaccess-isprambiente.it/simple-search?query=Carta+Geologica+100.000+Foglio+31+IVREA", "Location": "Italy Grid 100k", "Type": "Historical Map (1:100k)"}}, {"type": "Feature", "geometry": {"type": "Polygon", "coordinates": [[[9.0, 46.433334], [9.5, 46.433334], [9.5, 46.766667], [9.0, 46.766667], [9.0, 46.433334]]]}, "properties": {"Title": "Foglio 32 - NOVARA", "DOI": "IGM-100k-32", "URL": "https://www.openaccess-isprambiente.it/simple-search?query=Carta+Geologica+100.000+Foglio+32+NOVARA", "Location": "Italy Grid 100k", "Type": "Historical Map (1:100k)"}}, {"type": "Feature", "geometry": {"type": "Polygon", "coordinates": [[[9.5, 46.433334], [10.0, 46.433334], [10.0, 46.766667], [9.5, 46.766667], [9.5, 46.433334]]]}, "properties": {"Title": "Foglio 33 - MILANO", "DOI": "IGM-100k-33", "URL": "https://www.openaccess-isprambiente.it/simple-search?query=Carta+Geologica+100.000+Foglio+33+MILANO", "Location": "Italy Grid 100k", "Type": "Historical Map (1:100k)"}}, {"type": "Feature", "geometry": {"type": "Polygon", "coordinates": [[[10.0, 46.433334], [10.5, 46.433334], [10.5, 46.766667], [10.0, 46.766667], [10.0, 46.433334]]]}, "properties": {"Title": "Foglio 34 - CREMONA", "DOI": "IGM-100k-34", "URL": "https://www.openaccess-isprambiente.it/simple-search?query=Carta+Geologica+100.000+Foglio+34+CREMONA", "Location": "Italy Grid 100k", "Type": "Historical Map (1:100k)"}}, {"type": "Feature", "geometry": {"type": "Polygon", "coordinates": [[[10.5, 46.433334], [11.0, 46.433334], [11.0, 46.766667], [10.5, 46.766667], [10.5, 46.433334]]]}, "properties": {"Title": "Foglio 35 - MANTOVA", "DOI": "IGM-100k-35", "URL": "https://www.openaccess-isprambiente.it/simple-search?query=Carta+Geologica+100.000+Foglio+35+MANTOVA", "Location": "Italy Grid 100k", "Type": "Historical Map (1:100k)"}}, {"type": "Feature", "geometry": {"type": "Polygon", "coordinates": [[[11.0, 46.433334], [11.5, 46.433334], [11.5, 46.766667], [11.0, 46.766667], [11.0, 46.433334]]]}, "properties": {"Title": "Foglio 36 - PADOVA", "DOI": "IGM-100k-36", "URL": "https://www.openaccess-isprambiente.it/simple-search?query=Carta+Geologica+100.000+Foglio+36+PADOVA", "Location": "Italy Grid 100k", "Type": "Historical Map (1:100k)"}}, {"type": "Feature", "geometry": {"type": "Polygon", "coordinates": [[[11.5, 46.433334], [12.0, 46.433334], [12.0, 46.766667], [11.5, 46.766667], [11.5, 46.433334]]]}, "properties": {"Title": "Foglio 37 - CHIOGGIA", "DOI": "IGM-100k-37", "URL": "https://www.openaccess-isprambiente.it/simple-search?query=Carta+Geologica+100.000+Foglio+37+CHIOGGIA", "Location": "Italy Grid 100k", "Type": "Historical Map (1:100k)"}}, {"type": "Feature", "geometry": {"type": "Polygon", "coordinates": [[[12.0, 46.433334], [12.5, 46.433334], [12.5, 46.766667], [12.0, 46.766667], [12.0, 46.433334]]]}, "properties": {"Title": "Foglio 38", "DOI": "IGM-100k-38", "URL": "https://www.isprambiente.gov.it/it/banche-dati/cartografia/carte-geologiche-e-geotematiche/carta-geologica-alla-scala-1-to-100.000", "Location": "Italy Grid 100k", "Type": "Historical Map (1:100k)"}}, {"type": "Feature", "geometry": {"type": "Polygon", "coordinates": [[[12.5, 46.433334], [13.0, 46.433334], [13.0, 46.766667], [12.5, 46.766667], [12.5, 46.433334]]]}, "properties": {"Title": "Foglio 39", "DOI": "IGM-100k-39", "URL": "https://www.isprambiente.gov.it/it/banche-dati/cartografia/carte-geologiche-e-geotematiche/carta-geologica-alla-scala-1-to-100.000", "Location": "Italy Grid 100k", "Type": "Historical Map (1:100k)"}}, {"type": "Feature", "geometry": {"type": "Polygon", "coordinates": [[[13.0, 46.433334], [13.5, 46.433334], [13.5, 46.766667], [13.0, 46.766667], [13.0, 46.433334]]]}, "properties": {"Title": "Foglio 40", "DOI": "IGM-100k-40", "URL": "https://www.isprambiente.gov.it/it/banche-dati/cartografia/carte-geologiche-e-geotematiche/carta-geologica-alla-scala-1-to-100.000", "Location": "Italy Grid 100k", "Type": "Historical Map (1:100k)"}}, {"type": "Feature", "geometry": {"type": "Polygon", "coordinates": [[[13.5, 46.433334], [14.0, 46.433334], [14.0, 46.766667], [13.5, 46.766667], [13.5, 46.433334]]]}, "properties": {"Title": "Foglio 41", "DOI": "IGM-100k-41", "URL": "https://www.isprambiente.gov.it/it/banche-dati/cartografia/carte-geologiche-e-geotematiche/carta-geologica-alla-scala-1-to-100.000", "Location": "Italy Grid 100k", "Type": "Historical Map (1:100k)"}}, {"type": "Feature", "geometry": {"type": "Polygon", "coordinates": [[[14.0, 46.433334], [14.5, 46.433334], [14.5, 46.766667], [14.0, 46.766667], [14.0, 46.433334]]]}, "properties": {"Title": "Foglio 42", "DOI": "IGM-100k-42", "URL": "https://www.isprambiente.gov.it/it/banche-dati/cartografia/carte-geologiche-e-geotematiche/carta-geologica-alla-scala-1-to-100.000", "Location": "Italy Grid 100k", "Type": "Historical Map (1:100k)"}}, {"type": "Feature", "geometry": {"type": "Polygon", "coordinates": [[[14.5, 46.433334], [15.0, 46.433334], [15.0, 46.766667], [14.5, 46.766667], [14.5, 46.433334]]]}, "properties": {"Title": "Foglio 43", "DOI": "IGM-100k-43", "URL": "https://www.isprambiente.gov.it/it/banche-dati/cartografia/carte-geologiche-e-geotematiche/carta-geologica-alla-scala-1-to-100.000", "Location": "Italy Grid 100k", "Type": "Historical Map (1:100k)"}}, {"type": "Feature", "geometry": {"type": "Polygon", "coordinates": [[[15.0, 46.433334], [15.5, 46.433334], [15.5, 46.766667], [15.0, 46.766667], [15.0, 46.433334]]]}, "properties": {"Title": "Foglio 44 - TORINO", "DOI": "IGM-100k-44", "URL": "https://www.openaccess-isprambiente.it/simple-search?query=Carta+Geologica+100.000+Foglio+44+TORINO", "Location": "Italy Grid 100k", "Type": "Historical Map (1:100k)"}}, {"type": "Feature", "geometry": {"type": "Polygon", "coordinates": [[[15.5, 46.433334], [16.0, 46.433334], [16.0, 46.766667], [15.5, 46.766667], [15.5, 46.433334]]]}, "properties": {"Title": "Foglio 45 - VERCELLI", "DOI": "IGM-100k-45", "URL": "https://www.openaccess-isprambiente.it/simple-search?query=Carta+Geologica+100.000+Foglio+45+VERCELLI", "Location": "Italy Grid 100k", "Type": "Historical Map (1:100k)"}}, {"type": "Feature", "geometry": {"type": "Polygon", "coordinates": [[[16.0, 46.433334], [16.5, 46.433334], [16.5, 46.766667], [16.0, 46.766667], [16.0, 46.433334]]]}, "properties": {"Title": "Foglio 46 - PAVIA", "DOI": "IGM-100k-46", "URL": "https://www.openaccess-isprambiente.it/simple-search?query=Carta+Geologica+100.000+Foglio+46+PAVIA", "Location": "Italy Grid 100k", "Type": "Historical Map (1:100k)"}}, {"type": "Feature", "geometry": {"type": "Polygon", "coordinates": [[[16.5, 46.433334], [17.0, 46.433334], [17.0, 46.766667], [16.5, 46.766667], [16.5, 46.433334]]]}, "properties": {"Title": "Foglio 47 - PIACENZA", "DOI": "IGM-100k-47", "URL": "https://www.openaccess-isprambiente.it/simple-search?query=Carta+Geologica+100.000+Foglio+47+PIACENZA", "Location": "Italy Grid 100k", "Type": "Historical Map (1:100k)"}}, {"type": "Feature", "geometry": {"type": "Polygon", "coordinates": [[[17.0, 46.433334], [17.5, 46.433334], [17.5, 46.766667], [17.0, 46.766667], [17.0, 46.433334]]]}, "properties": {"Title": "Foglio 48 - PARMA", "DOI": "IGM-100k-48", "URL": "https://www.openaccess-isprambiente.it/simple-search?query=Carta+Geologica+100.000+Foglio+48+PARMA", "Location": "Italy Grid 100k", "Type": "Historical Map (1:100k)"}}, {"type": "Feature", "geometry": {"type": "Polygon", "coordinates": [[[5.5, 46.100001], [6.0, 46.100001], [6.0, 46.433334], [5.5, 46.433334], [5.5, 46.100001]]]}, "properties": {"Title": "Foglio 49 - FERRARA", "DOI": "IGM-100k-49", "URL": "https://www.openaccess-isprambiente.it/simple-search?query=Carta+Geologica+100.000+Foglio+49+FERRARA", "Location": "Italy Grid 100k", "Type": "Historical Map (1:100k)"}}, {"type": "Feature", "geometry": {"type": "Polygon", "coordinates": [[[6.0, 46.100001], [6.5, 46.100001], [6.5, 46.433334], [6.0, 46.433334], [6.0, 46.100001]]]}, "properties": {"Title": "Foglio 50 - COMACCHIO", "DOI": "IGM-100k-50", "URL": "https://www.openaccess-isprambiente.it/simple-search?query=Carta+Geologica+100.000+Foglio+50+COMACCHIO", "Location": "Italy Grid 100k", "Type": "Historical Map (1:100k)"}}, {"type": "Feature", "geometry": {"type": "Polygon", "coordinates": [[[6.5, 46.100001], [7.0, 46.100001], [7.0, 46.433334], [6.5, 46.433334], [6.5, 46.100001]]]}, "properties": {"Title": "Foglio 51", "DOI": "IGM-100k-51", "URL": "https://www.isprambiente.gov.it/it/banche-dati/cartografia/carte-geologiche-e-geotematiche/carta-geologica-alla-scala-1-to-100.000", "Location": "Italy Grid 100k", "Type": "Historical Map (1:100k)"}}, {"type": "Feature", "geometry": {"type": "Polygon", "coordinates": [[[7.0, 46.100001], [7.5, 46.100001], [7.5, 46.433334], [7.0, 46.433334], [7.0, 46.100001]]]}, "properties": {"Title": "Foglio 52", "DOI": "IGM-100k-52", "URL": "https://www.isprambiente.gov.it/it/banche-dati/cartografia/carte-geologiche-e-geotematiche/carta-geologica-alla-scala-1-to-100.000", "Location": "Italy Grid 100k", "Type": "Historical Map (1:100k)"}}, {"type": "Feature", "geometry": {"type": "Polygon", "coordinates": [[[7.5, 46.100001], [8.0, 46.100001], [8.0, 46.433334], [7.5, 46.433334], [7.5, 46.100001]]]}, "properties": {"Title": "Foglio 53", "DOI": "IGM-100k-53", "URL": "https://www.isprambiente.gov.it/it/banche-dati/cartografia/carte-geologiche-e-geotematiche/carta-geologica-alla-scala-1-to-100.000", "Location": "Italy Grid 100k", "Type": "Historical Map (1:100k)"}}, {"type": "Feature", "geometry": {"type": "Polygon", "coordinates": [[[8.0, 46.100001], [8.5, 46.100001], [8.5, 46.433334], [8.0, 46.433334], [8.0, 46.100001]]]}, "properties": {"Title": "Foglio 54", "DOI": "IGM-100k-54", "URL": "https://www.isprambiente.gov.it/it/banche-dati/cartografia/carte-geologiche-e-geotematiche/carta-geologica-alla-scala-1-to-100.000", "Location": "Italy Grid 100k", "Type": "Historical Map (1:100k)"}}, {"type": "Feature", "geometry": {"type": "Polygon", "coordinates": [[[8.5, 46.100001], [9.0, 46.100001], [9.0, 46.433334], [8.5, 46.433334], [8.5, 46.100001]]]}, "properties": {"Title": "Foglio 55", "DOI": "IGM-100k-55", "URL": "https://www.isprambiente.gov.it/it/banche-dati/cartografia/carte-geologiche-e-geotematiche/carta-geologica-alla-scala-1-to-100.000", "Location": "Italy Grid 100k", "Type": "Historical Map (1:100k)"}}, {"type": "Feature", "geometry": {"type": "Polygon", "coordinates": [[[9.0, 46.100001], [9.5, 46.100001], [9.5, 46.433334], [9.0, 46.433334], [9.0, 46.100001]]]}, "properties": {"Title": "Foglio 56 - CUNEO", "DOI": "IGM-100k-56", "URL": "https://www.openaccess-isprambiente.it/simple-search?query=Carta+Geologica+100.000+Foglio+56+CUNEO", "Location": "Italy Grid 100k", "Type": "Historical Map (1:100k)"}}, {"type": "Feature", "geometry": {"type": "Polygon", "coordinates": [[[9.5, 46.100001], [10.0, 46.100001], [10.0, 46.433334], [9.5, 46.433334], [9.5, 46.100001]]]}, "properties": {"Title": "Foglio 57 - ALESSANDRIA", "DOI": "IGM-100k-57", "URL": "https://www.openaccess-isprambiente.it/simple-search?query=Carta+Geologica+100.000+Foglio+57+ALESSANDRIA", "Location": "Italy Grid 100k", "Type": "Historical Map (1:100k)"}}, {"type": "Feature", "geometry": {"type": "Polygon", "coordinates": [[[10.0, 46.100001], [10.5, 46.100001], [10.5, 46.433334], [10.0, 46.433334], [10.0, 46.100001]]]}, "properties": {"Title": "Foglio 58 - GENOVA", "DOI": "IGM-100k-58", "URL": "https://www.openaccess-isprambiente.it/simple-search?query=Carta+Geologica+100.000+Foglio+58+GENOVA", "Location": "Italy Grid 100k", "Type": "Historical Map (1:100k)"}}, {"type": "Feature", "geometry": {"type": "Polygon", "coordinates": [[[10.5, 46.100001], [11.0, 46.100001], [11.0, 46.433334], [10.5, 46.433334], [10.5, 46.100001]]]}, "properties": {"Title": "Foglio 59 - PONTREMOLI", "DOI": "IGM-100k-59", "URL": "https://www.openaccess-isprambiente.it/simple-search?query=Carta+Geologica+100.000+Foglio+59+PONTREMOLI", "Location": "Italy Grid 100k", "Type": "Historical Map (1:100k)"}}, {"type": "Feature", "geometry": {"type": "Polygon", "coordinates": [[[11.0, 46.100001], [11.5, 46.100001], [11.5, 46.433334], [11.0, 46.433334], [11.0, 46.100001]]]}, "properties": {"Title": "Foglio 60 - MODENA", "DOI": "IGM-100k-60", "URL": "https://www.openaccess-isprambiente.it/simple-search?query=Carta+Geologica+100.000+Foglio+60+MODENA", "Location": "Italy Grid 100k", "Type": "Historical Map (1:100k)"}}, {"type": "Feature", "geometry": {"type": "Polygon", "coordinates": [[[11.5, 46.100001], [12.0, 46.100001], [12.0, 46.433334], [11.5, 46.433334], [11.5, 46.100001]]]}, "properties": {"Title": "Foglio 61 - BOLOGNA", "DOI": "IGM-100k-61", "URL": "https://www.openaccess-isprambiente.it/simple-search?query=Carta+Geologica+100.000+Foglio+61+BOLOGNA", "Location": "Italy Grid 100k", "Type": "Historical Map (1:100k)"}}, {"type": "Feature", "geometry": {"type": "Polygon", "coordinates": [[[12.0, 46.100001], [12.5, 46.100001], [12.5, 46.433334], [12.0, 46.433334], [12.0, 46.100001]]]}, "properties": {"Title": "Foglio 62 - LUGO", "DOI": "IGM-100k-62", "URL": "https://www.openaccess-isprambiente.it/simple-search?query=Carta+Geologica+100.000+Foglio+62+LUGO", "Location": "Italy Grid 100k", "Type": "Historical Map (1:100k)"}}, {"type": "Feature", "geometry": {"type": "Polygon", "coordinates": [[[12.5, 46.100001], [13.0, 46.100001], [13.0, 46.433334], [12.5, 46.433334], [12.5, 46.100001]]]}, "properties": {"Title": "Foglio 63 - RAVENNA", "DOI": "IGM-100k-63", "URL": "https://www.openaccess-isprambiente.it/simple-search?query=Carta+Geologica+100.000+Foglio+63+RAVENNA", "Location": "Italy Grid 100k", "Type": "Historical Map (1:100k)"}}, {"type": "Feature", "geometry": {"type": "Polygon", "coordinates": [[[13.0, 46.100001], [13.5, 46.100001], [13.5, 46.433334], [13.0, 46.433334], [13.0, 46.100001]]]}, "properties": {"Title": "Foglio 64", "DOI": "IGM-100k-64", "URL": "https://www.isprambiente.gov.it/it/banche-dati/cartografia/carte-geologiche-e-geotematiche/carta-geologica-alla-scala-1-to-100.000", "Location": "Italy Grid 100k", "Type": "Historical Map (1:100k)"}}, {"type": "Feature", "geometry": {"type": "Polygon", "coordinates": [[[13.5, 46.100001], [14.0, 46.100001], [14.0, 46.433334], [13.5, 46.433334], [13.5, 46.100001]]]}, "properties": {"Title": "Foglio 65", "DOI": "IGM-100k-65", "URL": "https://www.isprambiente.gov.it/it/banche-dati/cartografia/carte-geologiche-e-geotematiche/carta-geologica-alla-scala-1-to-100.000", "Location": "Italy Grid 100k", "Type": "Historical Map (1:100k)"}}, {"type": "Feature", "geometry": {"type": "Polygon", "coordinates": [[[14.0, 46.100001], [14.5, 46.100001], [14.5, 46.433334], [14.0, 46.433334], [14.0, 46.100001]]]}, "properties": {"Title": "Foglio 66", "DOI": "IGM-100k-66", "URL": "https://www.isprambiente.gov.it/it/banche-dati/cartografia/carte-geologiche-e-geotematiche/carta-geologica-alla-scala-1-to-100.000", "Location": "Italy Grid 100k", "Type": "Historical Map (1:100k)"}}, {"type": "Feature", "geometry": {"type": "Polygon", "coordinates": [[[14.5, 46.100001], [15.0, 46.100001], [15.0, 46.433334], [14.5, 46.433334], [14.5, 46.100001]]]}, "properties": {"Title": "Foglio 67", "DOI": "IGM-100k-67", "URL": "https://www.isprambiente.gov.it/it/banche-dati/cartografia/carte-geologiche-e-geotematiche/carta-geologica-alla-scala-1-to-100.000", "Location": "Italy Grid 100k", "Type": "Historical Map (1:100k)"}}, {"type": "Feature", "geometry": {"type": "Polygon", "coordinates": [[[15.0, 46.100001], [15.5, 46.100001], [15.5, 46.433334], [15.0, 46.433334], [15.0, 46.100001]]]}, "properties": {"Title": "Foglio 68", "DOI": "IGM-100k-68", "URL": "https://www.isprambiente.gov.it/it/banche-dati/cartografia/carte-geologiche-e-geotematiche/carta-geologica-alla-scala-1-to-100.000", "Location": "Italy Grid 100k", "Type": "Historical Map (1:100k)"}}, {"type": "Feature", "geometry": {"type": "Polygon", "coordinates": [[[15.5, 46.100001], [16.0, 46.100001], [16.0, 46.433334], [15.5, 46.433334], [15.5, 46.100001]]]}, "properties": {"Title": "Foglio 69", "DOI": "IGM-100k-69", "URL": "https://www.isprambiente.gov.it/it/banche-dati/cartografia/carte-geologiche-e-geotematiche/carta-geologica-alla-scala-1-to-100.000", "Location": "Italy Grid 100k", "Type": "Historical Map (1:100k)"}}, {"type": "Feature", "geometry": {"type": "Polygon", "coordinates": [[[16.0, 46.100001], [16.5, 46.100001], [16.5, 46.433334], [16.0, 46.433334], [16.0, 46.100001]]]}, "properties": {"Title": "Foglio 70", "DOI": "IGM-100k-70", "URL": "https://www.isprambiente.gov.it/it/banche-dati/cartografia/carte-geologiche-e-geotematiche/carta-geologica-alla-scala-1-to-100.000", "Location": "Italy Grid 100k", "Type": "Historical Map (1:100k)"}}, {"type": "Feature", "geometry": {"type": "Polygon", "coordinates": [[[17.5, 46.100001], [18.0, 46.100001], [18.0, 46.433334], [17.5, 46.433334], [17.5, 46.100001]]]}, "properties": {"Title": "Foglio 71", "DOI": "IGM-100k-71", "URL": "https://www.isprambiente.gov.it/it/banche-dati/cartografia/carte-geologiche-e-geotematiche/carta-geologica-alla-scala-1-to-100.000", "Location": "Italy Grid 100k", "Type": "Historical Map (1:100k)"}}, {"type": "Feature", "geometry": {"type": "Polygon", "coordinates": [[[18.0, 46.100001], [18.5, 46.100001], [18.5, 46.433334], [18.0, 46.433334], [18.0, 46.100001]]]}, "properties": {"Title": "Foglio 72", "DOI": "IGM-100k-72", "URL": "https://www.isprambiente.gov.it/it/banche-dati/cartografia/carte-geologiche-e-geotematiche/carta-geologica-alla-scala-1-to-100.000", "Location": "Italy Grid 100k", "Type": "Historical Map (1:100k)"}}, {"type": "Feature", "geometry": {"type": "Polygon", "coordinates": [[[6.5, 45.766668], [7.0, 45.766668], [7.0, 46.100001], [6.5, 46.100001], [6.5, 45.766668]]]}, "properties": {"Title": "Foglio 73 - SAVONA", "DOI": "IGM-100k-73", "URL": "https://www.openaccess-isprambiente.it/simple-search?query=Carta+Geologica+100.000+Foglio+73+SAVONA", "Location": "Italy Grid 100k", "Type": "Historical Map (1:100k)"}}, {"type": "Feature", "geometry": {"type": "Polygon", "coordinates": [[[7.0, 45.766668], [7.5, 45.766668], [7.5, 46.100001], [7.0, 46.100001], [7.0, 45.766668]]]}, "properties": {"Title": "Foglio 74 - ALBENGA", "DOI": "IGM-100k-74", "URL": "https://www.openaccess-isprambiente.it/simple-search?query=Carta+Geologica+100.000+Foglio+74+ALBENGA", "Location": "Italy Grid 100k", "Type": "Historical Map (1:100k)"}}, {"type": "Feature", "geometry": {"type": "Polygon", "coordinates": [[[7.5, 45.766668], [8.0, 45.766668], [8.0, 46.100001], [7.5, 46.100001], [7.5, 45.766668]]]}, "properties": {"Title": "Foglio 75 - LA SPEZIA", "DOI": "IGM-100k-75", "URL": "https://www.openaccess-isprambiente.it/simple-search?query=Carta+Geologica+100.000+Foglio+75+LA+SPEZIA", "Location": "Italy Grid 100k", "Type": "Historical Map (1:100k)"}}, {"type": "Feature", "geometry": {"type": "Polygon", "coordinates": [[[8.0, 45.766668], [8.5, 45.766668], [8.5, 46.100001], [8.0, 46.100001], [8.0, 45.766668]]]}, "properties": {"Title": "Foglio 76 - CASTELNUOVO NEI MONTI", "DOI": "IGM-100k-76", "URL": "https://www.openaccess-isprambiente.it/simple-search?query=Carta+Geologica+100.000+Foglio+76+CASTELNUOVO+NEI+MONTI", "Location": "Italy Grid 100k", "Type": "Historical Map (1:100k)"}}, {"type": "Feature", "geometry": {"type": "Polygon", "coordinates": [[[8.5, 45.766668], [9.0, 45.766668], [9.0, 46.100001], [8.5, 46.100001], [8.5, 45.766668]]]}, "properties": {"Title": "Foglio 77 - PISTOIA", "DOI": "IGM-100k-77", "URL": "https://www.openaccess-isprambiente.it/simple-search?query=Carta+Geologica+100.000+Foglio+77+PISTOIA", "Location": "Italy Grid 100k", "Type": "Historical Map (1:100k)"}}, {"type": "Feature", "geometry": {"type": "Polygon", "coordinates": [[[9.0, 45.766668], [9.5, 45.766668], [9.5, 46.100001], [9.0, 46.100001], [9.0, 45.766668]]]}, "properties": {"Title": "Foglio 78 - FIRENZE", "DOI": "IGM-100k-78", "URL": "https://www.openaccess-isprambiente.it/simple-search?query=Carta+Geologica+100.000+Foglio+78+FIRENZE", "Location": "Italy Grid 100k", "Type": "Historical Map (1:100k)"}}, {"type": "Feature", "geometry": {"type": "Polygon", "coordinates": [[[9.5, 45.766668], [10.0, 45.766668], [10.0, 46.100001], [9.5, 46.100001], [9.5, 45.766668]]]}, "properties": {"Title": "Foglio 79 - FORLI", "DOI": "IGM-100k-79", "URL": "https://www.openaccess-isprambiente.it/simple-search?query=Carta+Geologica+100.000+Foglio+79+FORLI", "Location": "Italy Grid 100k", "Type": "Historical Map (1:100k)"}}, {"type": "Feature", "geometry": {"type": "Polygon", "coordinates": [[[10.0, 45.766668], [10.5, 45.766668], [10.5, 46.100001], [10.0, 46.100001], [10.0, 45.766668]]]}, "properties": {"Title": "Foglio 80 - RIMINI", "DOI": "IGM-100k-80", "URL": "https://www.openaccess-isprambiente.it/simple-search?query=Carta+Geologica+100.000+Foglio+80+RIMINI", "Location": "Italy Grid 100k", "Type": "Historical Map (1:100k)"}}, {"type": "Feature", "geometry": {"type": "Polygon", "coordinates": [[[10.5, 45.766668], [11.0, 45.766668], [11.0, 46.100001], [10.5, 46.100001], [10.5, 45.766668]]]}, "properties": {"Title": "Foglio 81 - PESARO", "DOI": "IGM-100k-81", "URL": "https://www.openaccess-isprambiente.it/simple-search?query=Carta+Geologica+100.000+Foglio+81+PESARO", "Location": "Italy Grid 100k", "Type": "Historical Map (1:100k)"}}, {"type": "Feature", "geometry": {"type": "Polygon", "coordinates": [[[11.0, 45.766668], [11.5, 45.766668], [11.5, 46.100001], [11.0, 46.100001], [11.0, 45.766668]]]}, "properties": {"Title": "Foglio 82", "DOI": "IGM-100k-82", "URL": "https://www.isprambiente.gov.it/it/banche-dati/cartografia/carte-geologiche-e-geotematiche/carta-geologica-alla-scala-1-to-100.000", "Location": "Italy Grid 100k", "Type": "Historical Map (1:100k)"}}, {"type": "Feature", "geometry": {"type": "Polygon", "coordinates": [[[11.5, 45.766668], [12.0, 45.766668], [12.0, 46.100001], [11.5, 46.100001], [11.5, 45.766668]]]}, "properties": {"Title": "Foglio 83", "DOI": "IGM-100k-83", "URL": "https://www.isprambiente.gov.it/it/banche-dati/cartografia/carte-geologiche-e-geotematiche/carta-geologica-alla-scala-1-to-100.000", "Location": "Italy Grid 100k", "Type": "Historical Map (1:100k)"}}, {"type": "Feature", "geometry": {"type": "Polygon", "coordinates": [[[12.0, 45.766668], [12.5, 45.766668], [12.5, 46.100001], [12.0, 46.100001], [12.0, 45.766668]]]}, "properties": {"Title": "Foglio 84 - SAN REMO", "DOI": "IGM-100k-84", "URL": "https://www.openaccess-isprambiente.it/simple-search?query=Carta+Geologica+100.000+Foglio+84+SAN+REMO", "Location": "Italy Grid 100k", "Type": "Historical Map (1:100k)"}}, {"type": "Feature", "geometry": {"type": "Polygon", "coordinates": [[[12.5, 45.766668], [13.0, 45.766668], [13.0, 46.100001], [12.5, 46.100001], [12.5, 45.766668]]]}, "properties": {"Title": "Foglio 85 - IMPERIA", "DOI": "IGM-100k-85", "URL": "https://www.openaccess-isprambiente.it/simple-search?query=Carta+Geologica+100.000+Foglio+85+IMPERIA", "Location": "Italy Grid 100k", "Type": "Historical Map (1:100k)"}}, {"type": "Feature", "geometry": {"type": "Polygon", "coordinates": [[[13.0, 45.766668], [13.5, 45.766668], [13.5, 46.100001], [13.0, 46.100001], [13.0, 45.766668]]]}, "properties": {"Title": "Foglio 86", "DOI": "IGM-100k-86", "URL": "https://www.isprambiente.gov.it/it/banche-dati/cartografia/carte-geologiche-e-geotematiche/carta-geologica-alla-scala-1-to-100.000", "Location": "Italy Grid 100k", "Type": "Historical Map (1:100k)"}}, {"type": "Feature", "geometry": {"type": "Polygon", "coordinates": [[[13.5, 45.766668], [14.0, 45.766668], [14.0, 46.100001], [13.5, 46.100001], [13.5, 45.766668]]]}, "properties": {"Title": "Foglio 87", "DOI": "IGM-100k-87", "URL": "https://www.isprambiente.gov.it/it/banche-dati/cartografia/carte-geologiche-e-geotematiche/carta-geologica-alla-scala-1-to-100.000", "Location": "Italy Grid 100k", "Type": "Historical Map (1:100k)"}}, {"type": "Feature", "geometry": {"type": "Polygon", "coordinates": [[[14.0, 45.766668], [14.5, 45.766668], [14.5, 46.100001], [14.0, 46.100001], [14.0, 45.766668]]]}, "properties": {"Title": "Foglio 88", "DOI": "IGM-100k-88", "URL": "https://www.isprambiente.gov.it/it/banche-dati/cartografia/carte-geologiche-e-geotematiche/carta-geologica-alla-scala-1-to-100.000", "Location": "Italy Grid 100k", "Type": "Historical Map (1:100k)"}}, {"type": "Feature", "geometry": {"type": "Polygon", "coordinates": [[[14.5, 45.766668], [15.0, 45.766668], [15.0, 46.100001], [14.5, 46.100001], [14.5, 45.766668]]]}, "properties": {"Title": "Foglio 89", "DOI": "IGM-100k-89", "URL": "https://www.isprambiente.gov.it/it/banche-dati/cartografia/carte-geologiche-e-geotematiche/carta-geologica-alla-scala-1-to-100.000", "Location": "Italy Grid 100k", "Type": "Historical Map (1:100k)"}}, {"type": "Feature", "geometry": {"type": "Polygon", "coordinates": [[[15.0, 45.766668], [15.5, 45.766668], [15.5, 46.100001], [15.0, 46.100001], [15.0, 45.766668]]]}, "properties": {"Title": "Foglio 90", "DOI": "IGM-100k-90", "URL": "https://www.isprambiente.gov.it/it/banche-dati/cartografia/carte-geologiche-e-geotematiche/carta-geologica-alla-scala-1-to-100.000", "Location": "Italy Grid 100k", "Type": "Historical Map (1:100k)"}}, {"type": "Feature", "geometry": {"type": "Polygon", "coordinates": [[[15.5, 45.766668], [16.0, 45.766668], [16.0, 46.100001], [15.5, 46.100001], [15.5, 45.766668]]]}, "properties": {"Title": "Foglio 91", "DOI": "IGM-100k-91", "URL": "https://www.isprambiente.gov.it/it/banche-dati/cartografia/carte-geologiche-e-geotematiche/carta-geologica-alla-scala-1-to-100.000", "Location": "Italy Grid 100k", "Type": "Historical Map (1:100k)"}}, {"type": "Feature", "geometry": {"type": "Polygon", "coordinates": [[[16.0, 45.766668], [16.5, 45.766668], [16.5, 46.100001], [16.0, 46.100001], [16.0, 45.766668]]]}, "properties": {"Title": "Foglio 92", "DOI": "IGM-100k-92", "URL": "https://www.isprambiente.gov.it/it/banche-dati/cartografia/carte-geologiche-e-geotematiche/carta-geologica-alla-scala-1-to-100.000", "Location": "Italy Grid 100k", "Type": "Historical Map (1:100k)"}}, {"type": "Feature", "geometry": {"type": "Polygon", "coordinates": [[[16.5, 45.766668], [17.0, 45.766668], [17.0, 46.100001], [16.5, 46.100001], [16.5, 45.766668]]]}, "properties": {"Title": "Foglio 93 - LIVORNO", "DOI": "IGM-100k-93", "URL": "https://www.openaccess-isprambiente.it/simple-search?query=Carta+Geologica+100.000+Foglio+93+LIVORNO", "Location": "Italy Grid 100k", "Type": "Historical Map (1:100k)"}}, {"type": "Feature", "geometry": {"type": "Polygon", "coordinates": [[[17.0, 45.766668], [17.5, 45.766668], [17.5, 46.100001], [17.0, 46.100001], [17.0, 45.766668]]]}, "properties": {"Title": "Foglio 94 - VOLTERRA", "DOI": "IGM-100k-94", "URL": "https://www.openaccess-isprambiente.it/simple-search?query=Carta+Geologica+100.000+Foglio+94+VOLTERRA", "Location": "Italy Grid 100k", "Type": "Historical Map (1:100k)"}}, {"type": "Feature", "geometry": {"type": "Polygon", "coordinates": [[[17.5, 45.766668], [18.0, 45.766668], [18.0, 46.100001], [17.5, 46.100001], [17.5, 45.766668]]]}, "properties": {"Title": "Foglio 95 - SIENA", "DOI": "IGM-100k-95", "URL": "https://www.openaccess-isprambiente.it/simple-search?query=Carta+Geologica+100.000+Foglio+95+SIENA", "Location": "Italy Grid 100k", "Type": "Historical Map (1:100k)"}}, {"type": "Feature", "geometry": {"type": "Polygon", "coordinates": [[[18.0, 45.766668], [18.5, 45.766668], [18.5, 46.100001], [18.0, 46.100001], [18.0, 45.766668]]]}, "properties": {"Title": "Foglio 96 - AREZZO", "DOI": "IGM-100k-96", "URL": "https://www.openaccess-isprambiente.it/simple-search?query=Carta+Geologica+100.000+Foglio+96+AREZZO", "Location": "Italy Grid 100k", "Type": "Historical Map (1:100k)"}}, {"type": "Feature", "geometry": {"type": "Polygon", "coordinates": [[[6.5, 45.433335], [7.0, 45.433335], [7.0, 45.766668], [6.5, 45.766668], [6.5, 45.433335]]]}, "properties": {"Title": "Foglio 97 - CITTA DI CASTELLO", "DOI": "IGM-100k-97", "URL": "https://www.openaccess-isprambiente.it/simple-search?query=Carta+Geologica+100.000+Foglio+97+CITTA+DI+CASTELLO", "Location": "Italy Grid 100k", "Type": "Historical Map (1:100k)"}}, {"type": "Feature", "geometry": {"type": "Polygon", "coordinates": [[[7.0, 45.433335], [7.5, 45.433335], [7.5, 45.766668], [7.0, 45.766668], [7.0, 45.433335]]]}, "properties": {"Title": "Foglio 98 - GUBBIO", "DOI": "IGM-100k-98", "URL": "https://www.openaccess-isprambiente.it/simple-search?query=Carta+Geologica+100.000+Foglio+98+GUBBIO", "Location": "Italy Grid 100k", "Type": "Historical Map (1:100k)"}}, {"type": "Feature", "geometry": {"type": "Polygon", "coordinates": [[[7.5, 45.433335], [8.0, 45.433335], [8.0, 45.766668], [7.5, 45.766668], [7.5, 45.433335]]]}, "properties": {"Title": "Foglio 99 - FABRIANO", "DOI": "IGM-100k-99", "URL": "https://www.openaccess-isprambiente.it/simple-search?query=Carta+Geologica+100.000+Foglio+99+FABRIANO", "Location": "Italy Grid 100k", "Type": "Historical Map (1:100k)"}}, {"type": "Feature", "geometry": {"type": "Polygon", "coordinates": [[[8.0, 45.433335], [8.5, 45.433335], [8.5, 45.766668], [8.0, 45.766668], [8.0, 45.433335]]]}, "properties": {"Title": "Foglio 100 - MACERATA", "DOI": "IGM-100k-100", "URL": "https://www.openaccess-isprambiente.it/simple-search?query=Carta+Geologica+100.000+Foglio+100+MACERATA", "Location": "Italy Grid 100k", "Type": "Historical Map (1:100k)"}}, {"type": "Feature", "geometry": {"type": "Polygon", "coordinates": [[[8.5, 45.433335], [9.0, 45.433335], [9.0, 45.766668], [8.5, 45.766668], [8.5, 45.433335]]]}, "properties": {"Title": "Foglio 101", "DOI": "IGM-100k-101", "URL": "https://www.isprambiente.gov.it/it/banche-dati/cartografia/carte-geologiche-e-geotematiche/carta-geologica-alla-scala-1-to-100.000", "Location": "Italy Grid 100k", "Type": "Historical Map (1:100k)"}}, {"type": "Feature", "geometry": {"type": "Polygon", "coordinates": [[[9.0, 45.433335], [9.5, 45.433335], [9.5, 45.766668], [9.0, 45.766668], [9.0, 45.433335]]]}, "properties": {"Title": "Foglio 102", "DOI": "IGM-100k-102", "URL": "https://www.isprambiente.gov.it/it/banche-dati/cartografia/carte-geologiche-e-geotematiche/carta-geologica-alla-scala-1-to-100.000", "Location": "Italy Grid 100k", "Type": "Historical Map (1:100k)"}}, {"type": "Feature", "geometry": {"type": "Polygon", "coordinates": [[[9.5, 45.433335], [10.0, 45.433335], [10.0, 45.766668], [9.5, 45.766668], [9.5, 45.433335]]]}, "properties": {"Title": "Foglio 103", "DOI": "IGM-100k-103", "URL": "https://www.isprambiente.gov.it/it/banche-dati/cartografia/carte-geologiche-e-geotematiche/carta-geologica-alla-scala-1-to-100.000", "Location": "Italy Grid 100k", "Type": "Historical Map (1:100k)"}}, {"type": "Feature", "geometry": {"type": "Polygon", "coordinates": [[[10.0, 45.433335], [10.5, 45.433335], [10.5, 45.766668], [10.0, 45.766668], [10.0, 45.433335]]]}, "properties": {"Title": "Foglio 104", "DOI": "IGM-100k-104", "URL": "https://www.isprambiente.gov.it/it/banche-dati/cartografia/carte-geologiche-e-geotematiche/carta-geologica-alla-scala-1-to-100.000", "Location": "Italy Grid 100k", "Type": "Historical Map (1:100k)"}}, {"type": "Feature", "geometry": {"type": "Polygon", "coordinates": [[[10.5, 45.433335], [11.0, 45.433335], [11.0, 45.766668], [10.5, 45.766668], [10.5, 45.433335]]]}, "properties": {"Title": "Foglio 105 - ISOLA D'ELBA", "DOI": "IGM-100k-105", "URL": "https://www.openaccess-isprambiente.it/simple-search?query=Carta+Geologica+100.000+Foglio+105+ISOLA+D'ELBA", "Location": "Italy Grid 100k", "Type": "Historical Map (1:100k)"}}, {"type": "Feature", "geometry": {"type": "Polygon", "coordinates": [[[11.0, 45.433335], [11.5, 45.433335], [11.5, 45.766668], [11.0, 45.766668], [11.0, 45.433335]]]}, "properties": {"Title": "Foglio 106 - MASSA MARITTIMA", "DOI": "IGM-100k-106", "URL": "https://www.openaccess-isprambiente.it/simple-search?query=Carta+Geologica+100.000+Foglio+106+MASSA+MARITTIMA", "Location": "Italy Grid 100k", "Type": "Historical Map (1:100k)"}}, {"type": "Feature", "geometry": {"type": "Polygon", "coordinates": [[[11.5, 45.433335], [12.0, 45.433335], [12.0, 45.766668], [11.5, 45.766668], [11.5, 45.433335]]]}, "properties": {"Title": "Foglio 107 - MONTE AMIATA", "DOI": "IGM-100k-107", "URL": "https://www.openaccess-isprambiente.it/simple-search?query=Carta+Geologica+100.000+Foglio+107+MONTE+AMIATA", "Location": "Italy Grid 100k", "Type": "Historical Map (1:100k)"}}, {"type": "Feature", "geometry": {"type": "Polygon", "coordinates": [[[12.0, 45.433335], [12.5, 45.433335], [12.5, 45.766668], [12.0, 45.766668], [12.0, 45.433335]]]}, "properties": {"Title": "Foglio 108 - MERCATO SARACENO", "DOI": "IGM-100k-108", "URL": "https://www.openaccess-isprambiente.it/simple-search?query=Carta+Geologica+100.000+Foglio+108+MERCATO+SARACENO", "Location": "Italy Grid 100k", "Type": "Historical Map (1:100k)"}}, {"type": "Feature", "geometry": {"type": "Polygon", "coordinates": [[[12.5, 45.433335], [13.0, 45.433335], [13.0, 45.766668], [12.5, 45.766668], [12.5, 45.433335]]]}, "properties": {"Title": "Foglio 109 - PESCARA", "DOI": "IGM-100k-109", "URL": "https://www.openaccess-isprambiente.it/simple-search?query=Carta+Geologica+100.000+Foglio+109+PESCARA", "Location": "Italy Grid 100k", "Type": "Historical Map (1:100k)"}}, {"type": "Feature", "geometry": {"type": "Polygon", "coordinates": [[[13.0, 45.433335], [13.5, 45.433335], [13.5, 45.766668], [13.0, 45.766668], [13.0, 45.433335]]]}, "properties": {"Title": "Foglio 110 - SENIGALLIA", "DOI": "IGM-100k-110", "URL": "https://www.openaccess-isprambiente.it/simple-search?query=Carta+Geologica+100.000+Foglio+110+SENIGALLIA", "Location": "Italy Grid 100k", "Type": "Historical Map (1:100k)"}}, {"type": "Feature", "geometry": {"type": "Polygon", "coordinates": [[[13.5, 45.433335], [14.0, 45.433335], [14.0, 45.766668], [13.5, 45.766668], [13.5, 45.433335]]]}, "properties": {"Title": "Foglio 111 - LIVORNO", "DOI": "IGM-100k-111", "URL": "https://www.openaccess-isprambiente.it/simple-search?query=Carta+Geologica+100.000+Foglio+111+LIVORNO", "Location": "Italy Grid 100k", "Type": "Historical Map (1:100k)"}}, {"type": "Feature", "geometry": {"type": "Polygon", "coordinates": [[[14.0, 45.433335], [14.5, 45.433335], [14.5, 45.766668], [14.0, 45.766668], [14.0, 45.433335]]]}, "properties": {"Title": "Foglio 112 - VOLTERRA", "DOI": "IGM-100k-112", "URL": "https://www.openaccess-isprambiente.it/simple-search?query=Carta+Geologica+100.000+Foglio+112+VOLTERRA", "Location": "Italy Grid 100k", "Type": "Historical Map (1:100k)"}}, {"type": "Feature", "geometry": {"type": "Polygon", "coordinates": [[[14.5, 45.433335], [15.0, 45.433335], [15.0, 45.766668], [14.5, 45.766668], [14.5, 45.433335]]]}, "properties": {"Title": "Foglio 113 - SIENA", "DOI": "IGM-100k-113", "URL": "https://www.openaccess-isprambiente.it/simple-search?query=Carta+Geologica+100.000+Foglio+113+SIENA", "Location": "Italy Grid 100k", "Type": "Historical Map (1:100k)"}}, {"type": "Feature", "geometry": {"type": "Polygon", "coordinates": [[[15.0, 45.433335], [15.5, 45.433335], [15.5, 45.766668], [15.0, 45.766668], [15.0, 45.433335]]]}, "properties": {"Title": "Foglio 114 - AREZZO", "DOI": "IGM-100k-114", "URL": "https://www.openaccess-isprambiente.it/simple-search?query=Carta+Geologica+100.000+Foglio+114+AREZZO", "Location": "Italy Grid 100k", "Type": "Historical Map (1:100k)"}}, {"type": "Feature", "geometry": {"type": "Polygon", "coordinates": [[[15.5, 45.433335], [16.0, 45.433335], [16.0, 45.766668], [15.5, 45.766668], [15.5, 45.433335]]]}, "properties": {"Title": "Foglio 115 - CITTA DI CASTELLO", "DOI": "IGM-100k-115", "URL": "https://www.openaccess-isprambiente.it/simple-search?query=Carta+Geologica+100.000+Foglio+115+CITTA+DI+CASTELLO", "Location": "Italy Grid 100k", "Type": "Historical Map (1:100k)"}}, {"type": "Feature", "geometry": {"type": "Polygon", "coordinates": [[[16.0, 45.433335], [16.5, 45.433335], [16.5, 45.766668], [16.0, 45.766668], [16.0, 45.433335]]]}, "properties": {"Title": "Foglio 116 - GUBBIO", "DOI": "IGM-100k-116", "URL": "https://www.openaccess-isprambiente.it/simple-search?query=Carta+Geologica+100.000+Foglio+116+GUBBIO", "Location": "Italy Grid 100k", "Type": "Historical Map (1:100k)"}}, {"type": "Feature", "geometry": {"type": "Polygon", "coordinates": [[[16.5, 45.433335], [17.0, 45.433335], [17.0, 45.766668], [16.5, 45.766668], [16.5, 45.433335]]]}, "properties": {"Title": "Foglio 117 - JESI", "DOI": "IGM-100k-117", "URL": "https://www.openaccess-isprambiente.it/simple-search?query=Carta+Geologica+100.000+Foglio+117+JESI", "Location": "Italy Grid 100k", "Type": "Historical Map (1:100k)"}}, {"type": "Feature", "geometry": {"type": "Polygon", "coordinates": [[[17.0, 45.433335], [17.5, 45.433335], [17.5, 45.766668], [17.0, 45.766668], [17.0, 45.433335]]]}, "properties": {"Title": "Foglio 118 - ANCONA", "DOI": "IGM-100k-118", "URL": "https://www.openaccess-isprambiente.it/simple-search?query=Carta+Geologica+100.000+Foglio+118+ANCONA", "Location": "Italy Grid 100k", "Type": "Historical Map (1:100k)"}}, {"type": "Feature", "geometry": {"type": "Polygon", "coordinates": [[[17.5, 45.433335], [18.0, 45.433335], [18.0, 45.766668], [17.5, 45.766668], [17.5, 45.433335]]]}, "properties": {"Title": "Foglio 119 - MASSA MARITTIMA", "DOI": "IGM-100k-119", "URL": "https://www.openaccess-isprambiente.it/simple-search?query=Carta+Geologica+100.000+Foglio+119+MASSA+MARITTIMA", "Location": "Italy Grid 100k", "Type": "Historical Map (1:100k)"}}, {"type": "Feature", "geometry": {"type": "Polygon", "coordinates": [[[18.0, 45.433335], [18.5, 45.433335], [18.5, 45.766668], [18.0, 45.766668], [18.0, 45.433335]]]}, "properties": {"Title": "Foglio 120 - GROSSETO", "DOI": "IGM-100k-120", "URL": "https://www.openaccess-isprambiente.it/simple-search?query=Carta+Geologica+100.000+Foglio+120+GROSSETO", "Location": "Italy Grid 100k", "Type": "Historical Map (1:100k)"}}, {"type": "Feature", "geometry": {"type": "Polygon", "coordinates": [[[6.5, 45.100002], [7.0, 45.100002], [7.0, 45.433335], [6.5, 45.433335], [6.5, 45.100002]]]}, "properties": {"Title": "Foglio 121 - MONTEFIASCONE", "DOI": "IGM-100k-121", "URL": "https://www.openaccess-isprambiente.it/simple-search?query=Carta+Geologica+100.000+Foglio+121+MONTEFIASCONE", "Location": "Italy Grid 100k", "Type": "Historical Map (1:100k)"}}, {"type": "Feature", "geometry": {"type": "Polygon", "coordinates": [[[7.0, 45.100002], [7.5, 45.100002], [7.5, 45.433335], [7.0, 45.433335], [7.0, 45.100002]]]}, "properties": {"Title": "Foglio 122 - TERNI", "DOI": "IGM-100k-122", "URL": "https://www.openaccess-isprambiente.it/simple-search?query=Carta+Geologica+100.000+Foglio+122+TERNI", "Location": "Italy Grid 100k", "Type": "Historical Map (1:100k)"}}, {"type": "Feature", "geometry": {"type": "Polygon", "coordinates": [[[7.5, 45.100002], [8.0, 45.100002], [8.0, 45.433335], [7.5, 45.433335], [7.5, 45.100002]]]}, "properties": {"Title": "Foglio 123 - SPOLETO", "DOI": "IGM-100k-123", "URL": "https://www.openaccess-isprambiente.it/simple-search?query=Carta+Geologica+100.000+Foglio+123+SPOLETO", "Location": "Italy Grid 100k", "Type": "Historical Map (1:100k)"}}, {"type": "Feature", "geometry": {"type": "Polygon", "coordinates": [[[8.0, 45.100002], [8.5, 45.100002], [8.5, 45.433335], [8.0, 45.433335], [8.0, 45.100002]]]}, "properties": {"Title": "Foglio 124 - NORCIA", "DOI": "IGM-100k-124", "URL": "https://www.openaccess-isprambiente.it/simple-search?query=Carta+Geologica+100.000+Foglio+124+NORCIA", "Location": "Italy Grid 100k", "Type": "Historical Map (1:100k)"}}, {"type": "Feature", "geometry": {"type": "Polygon", "coordinates": [[[8.5, 45.100002], [9.0, 45.100002], [9.0, 45.433335], [8.5, 45.433335], [8.5, 45.100002]]]}, "properties": {"Title": "Foglio 125 - FERMO", "DOI": "IGM-100k-125", "URL": "https://www.openaccess-isprambiente.it/simple-search?query=Carta+Geologica+100.000+Foglio+125+FERMO", "Location": "Italy Grid 100k", "Type": "Historical Map (1:100k)"}}, {"type": "Feature", "geometry": {"type": "Polygon", "coordinates": [[[9.0, 45.100002], [9.5, 45.100002], [9.5, 45.433335], [9.0, 45.433335], [9.0, 45.100002]]]}, "properties": {"Title": "Foglio 126 - ISOLA DEL GIGLIO", "DOI": "IGM-100k-126", "URL": "https://www.openaccess-isprambiente.it/simple-search?query=Carta+Geologica+100.000+Foglio+126+ISOLA+DEL+GIGLIO", "Location": "Italy Grid 100k", "Type": "Historical Map (1:100k)"}}, {"type": "Feature", "geometry": {"type": "Polygon", "coordinates": [[[9.5, 45.100002], [10.0, 45.100002], [10.0, 45.433335], [9.5, 45.433335], [9.5, 45.100002]]]}, "properties": {"Title": "Foglio 127 - ORBETELLO", "DOI": "IGM-100k-127", "URL": "https://www.openaccess-isprambiente.it/simple-search?query=Carta+Geologica+100.000+Foglio+127+ORBETELLO", "Location": "Italy Grid 100k", "Type": "Historical Map (1:100k)"}}, {"type": "Feature", "geometry": {"type": "Polygon", "coordinates": [[[10.0, 45.100002], [10.5, 45.100002], [10.5, 45.433335], [10.0, 45.433335], [10.0, 45.100002]]]}, "properties": {"Title": "Foglio 128 - VITERBO", "DOI": "IGM-100k-128", "URL": "https://www.openaccess-isprambiente.it/simple-search?query=Carta+Geologica+100.000+Foglio+128+VITERBO", "Location": "Italy Grid 100k", "Type": "Historical Map (1:100k)"}}, {"type": "Feature", "geometry": {"type": "Polygon", "coordinates": [[[10.5, 45.100002], [11.0, 45.100002], [11.0, 45.433335], [10.5, 45.433335], [10.5, 45.100002]]]}, "properties": {"Title": "Foglio 129 - RIETI", "DOI": "IGM-100k-129", "URL": "https://www.openaccess-isprambiente.it/simple-search?query=Carta+Geologica+100.000+Foglio+129+RIETI", "Location": "Italy Grid 100k", "Type": "Historical Map (1:100k)"}}, {"type": "Feature", "geometry": {"type": "Polygon", "coordinates": [[[11.0, 45.100002], [11.5, 45.100002], [11.5, 45.433335], [11.0, 45.433335], [11.0, 45.100002]]]}, "properties": {"Title": "Foglio 130 - AQUILA", "DOI": "IGM-100k-130", "URL": "https://www.openaccess-isprambiente.it/simple-search?query=Carta+Geologica+100.000+Foglio+130+AQUILA", "Location": "Italy Grid 100k", "Type": "Historical Map (1:100k)"}}, {"type": "Feature", "geometry": {"type": "Polygon", "coordinates": [[[11.5, 45.100002], [12.0, 45.100002], [12.0, 45.433335], [11.5, 45.433335], [11.5, 45.100002]]]}, "properties": {"Title": "Foglio 131 - CHIETI", "DOI": "IGM-100k-131", "URL": "https://www.openaccess-isprambiente.it/simple-search?query=Carta+Geologica+100.000+Foglio+131+CHIETI", "Location": "Italy Grid 100k", "Type": "Historical Map (1:100k)"}}, {"type": "Feature", "geometry": {"type": "Polygon", "coordinates": [[[12.0, 45.100002], [12.5, 45.100002], [12.5, 45.433335], [12.0, 45.433335], [12.0, 45.100002]]]}, "properties": {"Title": "Foglio 132 - TERMOLI", "DOI": "IGM-100k-132", "URL": "https://www.openaccess-isprambiente.it/simple-search?query=Carta+Geologica+100.000+Foglio+132+TERMOLI", "Location": "Italy Grid 100k", "Type": "Historical Map (1:100k)"}}, {"type": "Feature", "geometry": {"type": "Polygon", "coordinates": [[[12.5, 45.100002], [13.0, 45.100002], [13.0, 45.433335], [12.5, 45.433335], [12.5, 45.100002]]]}, "properties": {"Title": "Foglio 133", "DOI": "IGM-100k-133", "URL": "https://www.isprambiente.gov.it/it/banche-dati/cartografia/carte-geologiche-e-geotematiche/carta-geologica-alla-scala-1-to-100.000", "Location": "Italy Grid 100k", "Type": "Historical Map (1:100k)"}}, {"type": "Feature", "geometry": {"type": "Polygon", "coordinates": [[[13.0, 45.100002], [13.5, 45.100002], [13.5, 45.433335], [13.0, 45.433335], [13.0, 45.100002]]]}, "properties": {"Title": "Foglio 134", "DOI": "IGM-100k-134", "URL": "https://www.isprambiente.gov.it/it/banche-dati/cartografia/carte-geologiche-e-geotematiche/carta-geologica-alla-scala-1-to-100.000", "Location": "Italy Grid 100k", "Type": "Historical Map (1:100k)"}}, {"type": "Feature", "geometry": {"type": "Polygon", "coordinates": [[[13.5, 45.100002], [14.0, 45.100002], [14.0, 45.433335], [13.5, 45.433335], [13.5, 45.100002]]]}, "properties": {"Title": "Foglio 135 - ORBETELLO", "DOI": "IGM-100k-135", "URL": "https://www.openaccess-isprambiente.it/simple-search?query=Carta+Geologica+100.000+Foglio+135+ORBETELLO", "Location": "Italy Grid 100k", "Type": "Historical Map (1:100k)"}}, {"type": "Feature", "geometry": {"type": "Polygon", "coordinates": [[[14.0, 45.100002], [14.5, 45.100002], [14.5, 45.433335], [14.0, 45.433335], [14.0, 45.100002]]]}, "properties": {"Title": "Foglio 136 - TUSCANIA", "DOI": "IGM-100k-136", "URL": "https://www.openaccess-isprambiente.it/simple-search?query=Carta+Geologica+100.000+Foglio+136+TUSCANIA", "Location": "Italy Grid 100k", "Type": "Historical Map (1:100k)"}}, {"type": "Feature", "geometry": {"type": "Polygon", "coordinates": [[[14.5, 45.100002], [15.0, 45.100002], [15.0, 45.433335], [14.5, 45.433335], [14.5, 45.100002]]]}, "properties": {"Title": "Foglio 137 - VITERBO", "DOI": "IGM-100k-137", "URL": "https://www.openaccess-isprambiente.it/simple-search?query=Carta+Geologica+100.000+Foglio+137+VITERBO", "Location": "Italy Grid 100k", "Type": "Historical Map (1:100k)"}}, {"type": "Feature", "geometry": {"type": "Polygon", "coordinates": [[[15.0, 45.100002], [15.5, 45.100002], [15.5, 45.433335], [15.0, 45.433335], [15.0, 45.100002]]]}, "properties": {"Title": "Foglio 138 - TERNI", "DOI": "IGM-100k-138", "URL": "https://www.openaccess-isprambiente.it/simple-search?query=Carta+Geologica+100.000+Foglio+138+TERNI", "Location": "Italy Grid 100k", "Type": "Historical Map (1:100k)"}}, {"type": "Feature", "geometry": {"type": "Polygon", "coordinates": [[[15.5, 45.100002], [16.0, 45.100002], [16.0, 45.433335], [15.5, 45.433335], [15.5, 45.100002]]]}, "properties": {"Title": "Foglio 139 - L'AQUILA", "DOI": "IGM-100k-139", "URL": "https://www.openaccess-isprambiente.it/simple-search?query=Carta+Geologica+100.000+Foglio+139+L'AQUILA", "Location": "Italy Grid 100k", "Type": "Historical Map (1:100k)"}}, {"type": "Feature", "geometry": {"type": "Polygon", "coordinates": [[[16.0, 45.100002], [16.5, 45.100002], [16.5, 45.433335], [16.0, 45.433335], [16.0, 45.100002]]]}, "properties": {"Title": "Foglio 140 - TERAMO", "DOI": "IGM-100k-140", "URL": "https://www.openaccess-isprambiente.it/simple-search?query=Carta+Geologica+100.000+Foglio+140+TERAMO", "Location": "Italy Grid 100k", "Type": "Historical Map (1:100k)"}}, {"type": "Feature", "geometry": {"type": "Polygon", "coordinates": [[[16.5, 45.100002], [17.0, 45.100002], [17.0, 45.433335], [16.5, 45.433335], [16.5, 45.100002]]]}, "properties": {"Title": "Foglio 141 - PESCARA", "DOI": "IGM-100k-141", "URL": "https://www.openaccess-isprambiente.it/simple-search?query=Carta+Geologica+100.000+Foglio+141+PESCARA", "Location": "Italy Grid 100k", "Type": "Historical Map (1:100k)"}}, {"type": "Feature", "geometry": {"type": "Polygon", "coordinates": [[[17.0, 45.100002], [17.5, 45.100002], [17.5, 45.433335], [17.0, 45.433335], [17.0, 45.100002]]]}, "properties": {"Title": "Foglio 142 - CIVITAVECCHIA", "DOI": "IGM-100k-142", "URL": "https://www.openaccess-isprambiente.it/simple-search?query=Carta+Geologica+100.000+Foglio+142+CIVITAVECCHIA", "Location": "Italy Grid 100k", "Type": "Historical Map (1:100k)"}}, {"type": "Feature", "geometry": {"type": "Polygon", "coordinates": [[[17.5, 45.100002], [18.0, 45.100002], [18.0, 45.433335], [17.5, 45.433335], [17.5, 45.100002]]]}, "properties": {"Title": "Foglio 143 - BRACCIANO", "DOI": "IGM-100k-143", "URL": "https://www.openaccess-isprambiente.it/simple-search?query=Carta+Geologica+100.000+Foglio+143+BRACCIANO", "Location": "Italy Grid 100k", "Type": "Historical Map (1:100k)"}}, {"type": "Feature", "geometry": {"type": "Polygon", "coordinates": [[[18.0, 45.100002], [18.5, 45.100002], [18.5, 45.433335], [18.0, 45.433335], [18.0, 45.100002]]]}, "properties": {"Title": "Foglio 144 - ROMA", "DOI": "IGM-100k-144", "URL": "https://www.openaccess-isprambiente.it/simple-search?query=Carta+Geologica+100.000+Foglio+144+ROMA", "Location": "Italy Grid 100k", "Type": "Historical Map (1:100k)"}}, {"type": "Feature", "geometry": {"type": "Polygon", "coordinates": [[[6.5, 44.766669], [7.0, 44.766669], [7.0, 45.100002], [6.5, 45.100002], [6.5, 44.766669]]]}, "properties": {"Title": "Foglio 145 - AVEZZANO", "DOI": "IGM-100k-145", "URL": "https://www.openaccess-isprambiente.it/simple-search?query=Carta+Geologica+100.000+Foglio+145+AVEZZANO", "Location": "Italy Grid 100k", "Type": "Historical Map (1:100k)"}}, {"type": "Feature", "geometry": {"type": "Polygon", "coordinates": [[[7.0, 44.766669], [7.5, 44.766669], [7.5, 45.100002], [7.0, 45.100002], [7.0, 44.766669]]]}, "properties": {"Title": "Foglio 146 - SULMONA", "DOI": "IGM-100k-146", "URL": "https://www.openaccess-isprambiente.it/simple-search?query=Carta+Geologica+100.000+Foglio+146+SULMONA", "Location": "Italy Grid 100k", "Type": "Historical Map (1:100k)"}}, {"type": "Feature", "geometry": {"type": "Polygon", "coordinates": [[[7.5, 44.766669], [8.0, 44.766669], [8.0, 45.100002], [7.5, 45.100002], [7.5, 44.766669]]]}, "properties": {"Title": "Foglio 147 - LANCIANO", "DOI": "IGM-100k-147", "URL": "https://www.openaccess-isprambiente.it/simple-search?query=Carta+Geologica+100.000+Foglio+147+LANCIANO", "Location": "Italy Grid 100k", "Type": "Historical Map (1:100k)"}}, {"type": "Feature", "geometry": {"type": "Polygon", "coordinates": [[[8.0, 44.766669], [8.5, 44.766669], [8.5, 45.100002], [8.0, 45.100002], [8.0, 44.766669]]]}, "properties": {"Title": "Foglio 148 - VASTO", "DOI": "IGM-100k-148", "URL": "https://www.openaccess-isprambiente.it/simple-search?query=Carta+Geologica+100.000+Foglio+148+VASTO", "Location": "Italy Grid 100k", "Type": "Historical Map (1:100k)"}}, {"type": "Feature", "geometry": {"type": "Polygon", "coordinates": [[[8.5, 44.766669], [9.0, 44.766669], [9.0, 45.100002], [8.5, 45.100002], [8.5, 44.766669]]]}, "properties": {"Title": "Foglio 149 - CERVETERI", "DOI": "IGM-100k-149", "URL": "https://www.openaccess-isprambiente.it/simple-search?query=Carta+Geologica+100.000+Foglio+149+CERVETERI", "Location": "Italy Grid 100k", "Type": "Historical Map (1:100k)"}}, {"type": "Feature", "geometry": {"type": "Polygon", "coordinates": [[[9.0, 44.766669], [9.5, 44.766669], [9.5, 45.100002], [9.0, 45.100002], [9.0, 44.766669]]]}, "properties": {"Title": "Foglio 150 - ROMA", "DOI": "IGM-100k-150", "URL": "https://www.openaccess-isprambiente.it/simple-search?query=Carta+Geologica+100.000+Foglio+150+ROMA", "Location": "Italy Grid 100k", "Type": "Historical Map (1:100k)"}}, {"type": "Feature", "geometry": {"type": "Polygon", "coordinates": [[[9.5, 44.766669], [10.0, 44.766669], [10.0, 45.100002], [9.5, 45.100002], [9.5, 44.766669]]]}, "properties": {"Title": "Foglio 151 - ALATRI", "DOI": "IGM-100k-151", "URL": "https://www.openaccess-isprambiente.it/simple-search?query=Carta+Geologica+100.000+Foglio+151+ALATRI", "Location": "Italy Grid 100k", "Type": "Historical Map (1:100k)"}}, {"type": "Feature", "geometry": {"type": "Polygon", "coordinates": [[[10.0, 44.766669], [10.5, 44.766669], [10.5, 45.100002], [10.0, 45.100002], [10.0, 44.766669]]]}, "properties": {"Title": "Foglio 152 - SORA", "DOI": "IGM-100k-152", "URL": "https://www.openaccess-isprambiente.it/simple-search?query=Carta+Geologica+100.000+Foglio+152+SORA", "Location": "Italy Grid 100k", "Type": "Historical Map (1:100k)"}}, {"type": "Feature", "geometry": {"type": "Polygon", "coordinates": [[[10.5, 44.766669], [11.0, 44.766669], [11.0, 45.100002], [10.5, 45.100002], [10.5, 44.766669]]]}, "properties": {"Title": "Foglio 153 - AGNONE", "DOI": "IGM-100k-153", "URL": "https://www.openaccess-isprambiente.it/simple-search?query=Carta+Geologica+100.000+Foglio+153+AGNONE", "Location": "Italy Grid 100k", "Type": "Historical Map (1:100k)"}}, {"type": "Feature", "geometry": {"type": "Polygon", "coordinates": [[[11.0, 44.766669], [11.5, 44.766669], [11.5, 45.100002], [11.0, 45.100002], [11.0, 44.766669]]]}, "properties": {"Title": "Foglio 154 - LARINO", "DOI": "IGM-100k-154", "URL": "https://www.openaccess-isprambiente.it/simple-search?query=Carta+Geologica+100.000+Foglio+154+LARINO", "Location": "Italy Grid 100k", "Type": "Historical Map (1:100k)"}}, {"type": "Feature", "geometry": {"type": "Polygon", "coordinates": [[[11.5, 44.766669], [12.0, 44.766669], [12.0, 45.100002], [11.5, 45.100002], [11.5, 44.766669]]]}, "properties": {"Title": "Foglio 155 - SAN SEVERO", "DOI": "IGM-100k-155", "URL": "https://www.openaccess-isprambiente.it/simple-search?query=Carta+Geologica+100.000+Foglio+155+SAN+SEVERO", "Location": "Italy Grid 100k", "Type": "Historical Map (1:100k)"}}, {"type": "Feature", "geometry": {"type": "Polygon", "coordinates": [[[12.0, 44.766669], [12.5, 44.766669], [12.5, 45.100002], [12.0, 45.100002], [12.0, 44.766669]]]}, "properties": {"Title": "Foglio 156 - SAN MARCO IN LAMIS", "DOI": "IGM-100k-156", "URL": "https://www.openaccess-isprambiente.it/simple-search?query=Carta+Geologica+100.000+Foglio+156+SAN+MARCO+IN+LAMIS", "Location": "Italy Grid 100k", "Type": "Historical Map (1:100k)"}}, {"type": "Feature", "geometry": {"type": "Polygon", "coordinates": [[[12.5, 44.766669], [13.0, 44.766669], [13.0, 45.100002], [12.5, 45.100002], [12.5, 44.766669]]]}, "properties": {"Title": "Foglio 157 - MONTE SANT'ANGELO", "DOI": "IGM-100k-157", "URL": "https://www.openaccess-isprambiente.it/simple-search?query=Carta+Geologica+100.000+Foglio+157+MONTE+SANT'ANGELO", "Location": "Italy Grid 100k", "Type": "Historical Map (1:100k)"}}, {"type": "Feature", "geometry": {"type": "Polygon", "coordinates": [[[13.0, 44.766669], [13.5, 44.766669], [13.5, 45.100002], [13.0, 45.100002], [13.0, 44.766669]]]}, "properties": {"Title": "Foglio 158 - LATINA", "DOI": "IGM-100k-158", "URL": "https://www.openaccess-isprambiente.it/simple-search?query=Carta+Geologica+100.000+Foglio+158+LATINA", "Location": "Italy Grid 100k", "Type": "Historical Map (1:100k)"}}, {"type": "Feature", "geometry": {"type": "Polygon", "coordinates": [[[13.5, 44.766669], [14.0, 44.766669], [14.0, 45.100002], [13.5, 45.100002], [13.5, 44.766669]]]}, "properties": {"Title": "Foglio 159 - FROSINONE", "DOI": "IGM-100k-159", "URL": "https://www.openaccess-isprambiente.it/simple-search?query=Carta+Geologica+100.000+Foglio+159+FROSINONE", "Location": "Italy Grid 100k", "Type": "Historical Map (1:100k)"}}, {"type": "Feature", "geometry": {"type": "Polygon", "coordinates": [[[15.0, 44.766669], [15.5, 44.766669], [15.5, 45.100002], [15.0, 45.100002], [15.0, 44.766669]]]}, "properties": {"Title": "Foglio 160 - CASSINO", "DOI": "IGM-100k-160", "URL": "https://www.openaccess-isprambiente.it/simple-search?query=Carta+Geologica+100.000+Foglio+160+CASSINO", "Location": "Italy Grid 100k", "Type": "Historical Map (1:100k)"}}, {"type": "Feature", "geometry": {"type": "Polygon", "coordinates": [[[15.5, 44.766669], [16.0, 44.766669], [16.0, 45.100002], [15.5, 45.100002], [15.5, 44.766669]]]}, "properties": {"Title": "Foglio 161 - ISERNIA", "DOI": "IGM-100k-161", "URL": "https://www.openaccess-isprambiente.it/simple-search?query=Carta+Geologica+100.000+Foglio+161+ISERNIA", "Location": "Italy Grid 100k", "Type": "Historical Map (1:100k)"}}, {"type": "Feature", "geometry": {"type": "Polygon", "coordinates": [[[16.0, 44.766669], [16.5, 44.766669], [16.5, 45.100002], [16.0, 45.100002], [16.0, 44.766669]]]}, "properties": {"Title": "Foglio 162 - CAMPOBASSO", "DOI": "IGM-100k-162", "URL": "https://www.openaccess-isprambiente.it/simple-search?query=Carta+Geologica+100.000+Foglio+162+CAMPOBASSO", "Location": "Italy Grid 100k", "Type": "Historical Map (1:100k)"}}, {"type": "Feature", "geometry": {"type": "Polygon", "coordinates": [[[16.5, 44.766669], [17.0, 44.766669], [17.0, 45.100002], [16.5, 45.100002], [16.5, 44.766669]]]}, "properties": {"Title": "Foglio 163 - LUCERA", "DOI": "IGM-100k-163", "URL": "https://www.openaccess-isprambiente.it/simple-search?query=Carta+Geologica+100.000+Foglio+163+LUCERA", "Location": "Italy Grid 100k", "Type": "Historical Map (1:100k)"}}, {"type": "Feature", "geometry": {"type": "Polygon", "coordinates": [[[17.0, 44.766669], [17.5, 44.766669], [17.5, 45.100002], [17.0, 45.100002], [17.0, 44.766669]]]}, "properties": {"Title": "Foglio 164 - FOGGIA", "DOI": "IGM-100k-164", "URL": "https://www.openaccess-isprambiente.it/simple-search?query=Carta+Geologica+100.000+Foglio+164+FOGGIA", "Location": "Italy Grid 100k", "Type": "Historical Map (1:100k)"}}, {"type": "Feature", "geometry": {"type": "Polygon", "coordinates": [[[17.5, 44.766669], [18.0, 44.766669], [18.0, 45.100002], [17.5, 45.100002], [17.5, 44.766669]]]}, "properties": {"Title": "Foglio 165 - TRINITAPOLI", "DOI": "IGM-100k-165", "URL": "https://www.openaccess-isprambiente.it/simple-search?query=Carta+Geologica+100.000+Foglio+165+TRINITAPOLI", "Location": "Italy Grid 100k", "Type": "Historical Map (1:100k)"}}, {"type": "Feature", "geometry": {"type": "Polygon", "coordinates": [[[18.0, 44.766669], [18.5, 44.766669], [18.5, 45.100002], [18.0, 45.100002], [18.0, 44.766669]]]}, "properties": {"Title": "Foglio 166", "DOI": "IGM-100k-166", "URL": "https://www.isprambiente.gov.it/it/banche-dati/cartografia/carte-geologiche-e-geotematiche/carta-geologica-alla-scala-1-to-100.000", "Location": "Italy Grid 100k", "Type": "Historical Map (1:100k)"}}, {"type": "Feature", "geometry": {"type": "Polygon", "coordinates": [[[18.5, 44.766669], [19.0, 44.766669], [19.0, 45.100002], [18.5, 45.100002], [18.5, 44.766669]]]}, "properties": {"Title": "Foglio 167", "DOI": "IGM-100k-167", "URL": "https://www.isprambiente.gov.it/it/banche-dati/cartografia/carte-geologiche-e-geotematiche/carta-geologica-alla-scala-1-to-100.000", "Location": "Italy Grid 100k", "Type": "Historical Map (1:100k)"}}, {"type": "Feature", "geometry": {"type": "Polygon", "coordinates": [[[19.0, 44.766669], [19.5, 44.766669], [19.5, 45.100002], [19.0, 45.100002], [19.0, 44.766669]]]}, "properties": {"Title": "Foglio 168", "DOI": "IGM-100k-168", "URL": "https://www.isprambiente.gov.it/it/banche-dati/cartografia/carte-geologiche-e-geotematiche/carta-geologica-alla-scala-1-to-100.000", "Location": "Italy Grid 100k", "Type": "Historical Map (1:100k)"}}, {"type": "Feature", "geometry": {"type": "Polygon", "coordinates": [[[7.5, 44.433336], [8.0, 44.433336], [8.0, 44.766669], [7.5, 44.766669], [7.5, 44.433336]]]}, "properties": {"Title": "Foglio 169", "DOI": "IGM-100k-169", "URL": "https://www.isprambiente.gov.it/it/banche-dati/cartografia/carte-geologiche-e-geotematiche/carta-geologica-alla-scala-1-to-100.000", "Location": "Italy Grid 100k", "Type": "Historical Map (1:100k)"}}, {"type": "Feature", "geometry": {"type": "Polygon", "coordinates": [[[8.0, 44.433336], [8.5, 44.433336], [8.5, 44.766669], [8.0, 44.766669], [8.0, 44.433336]]]}, "properties": {"Title": "Foglio 170 - TERRACINA", "DOI": "IGM-100k-170", "URL": "https://www.openaccess-isprambiente.it/simple-search?query=Carta+Geologica+100.000+Foglio+170+TERRACINA", "Location": "Italy Grid 100k", "Type": "Historical Map (1:100k)"}}, {"type": "Feature", "geometry": {"type": "Polygon", "coordinates": [[[8.5, 44.433336], [9.0, 44.433336], [9.0, 44.766669], [8.5, 44.766669], [8.5, 44.433336]]]}, "properties": {"Title": "Foglio 171 - GAETA", "DOI": "IGM-100k-171", "URL": "https://www.openaccess-isprambiente.it/simple-search?query=Carta+Geologica+100.000+Foglio+171+GAETA", "Location": "Italy Grid 100k", "Type": "Historical Map (1:100k)"}}, {"type": "Feature", "geometry": {"type": "Polygon", "coordinates": [[[9.0, 44.433336], [9.5, 44.433336], [9.5, 44.766669], [9.0, 44.766669], [9.0, 44.433336]]]}, "properties": {"Title": "Foglio 172 - CASERTA", "DOI": "IGM-100k-172", "URL": "https://www.openaccess-isprambiente.it/simple-search?query=Carta+Geologica+100.000+Foglio+172+CASERTA", "Location": "Italy Grid 100k", "Type": "Historical Map (1:100k)"}}, {"type": "Feature", "geometry": {"type": "Polygon", "coordinates": [[[9.5, 44.433336], [10.0, 44.433336], [10.0, 44.766669], [9.5, 44.766669], [9.5, 44.433336]]]}, "properties": {"Title": "Foglio 173 - BENEVENTO", "DOI": "IGM-100k-173", "URL": "https://www.openaccess-isprambiente.it/simple-search?query=Carta+Geologica+100.000+Foglio+173+BENEVENTO", "Location": "Italy Grid 100k", "Type": "Historical Map (1:100k)"}}, {"type": "Feature", "geometry": {"type": "Polygon", "coordinates": [[[10.0, 44.433336], [10.5, 44.433336], [10.5, 44.766669], [10.0, 44.766669], [10.0, 44.433336]]]}, "properties": {"Title": "Foglio 174 - ARIANO IRPINO", "DOI": "IGM-100k-174", "URL": "https://www.openaccess-isprambiente.it/simple-search?query=Carta+Geologica+100.000+Foglio+174+ARIANO+IRPINO", "Location": "Italy Grid 100k", "Type": "Historical Map (1:100k)"}}, {"type": "Feature", "geometry": {"type": "Polygon", "coordinates": [[[10.5, 44.433336], [11.0, 44.433336], [11.0, 44.766669], [10.5, 44.766669], [10.5, 44.433336]]]}, "properties": {"Title": "Foglio 175 - CERIGNOLA", "DOI": "IGM-100k-175", "URL": "https://www.openaccess-isprambiente.it/simple-search?query=Carta+Geologica+100.000+Foglio+175+CERIGNOLA", "Location": "Italy Grid 100k", "Type": "Historical Map (1:100k)"}}, {"type": "Feature", "geometry": {"type": "Polygon", "coordinates": [[[11.0, 44.433336], [11.5, 44.433336], [11.5, 44.766669], [11.0, 44.766669], [11.0, 44.433336]]]}, "properties": {"Title": "Foglio 176 - BARLETTA", "DOI": "IGM-100k-176", "URL": "https://www.openaccess-isprambiente.it/simple-search?query=Carta+Geologica+100.000+Foglio+176+BARLETTA", "Location": "Italy Grid 100k", "Type": "Historical Map (1:100k)"}}, {"type": "Feature", "geometry": {"type": "Polygon", "coordinates": [[[11.5, 44.433336], [12.0, 44.433336], [12.0, 44.766669], [11.5, 44.766669], [11.5, 44.433336]]]}, "properties": {"Title": "Foglio 177 - BARI", "DOI": "IGM-100k-177", "URL": "https://www.openaccess-isprambiente.it/simple-search?query=Carta+Geologica+100.000+Foglio+177+BARI", "Location": "Italy Grid 100k", "Type": "Historical Map (1:100k)"}}, {"type": "Feature", "geometry": {"type": "Polygon", "coordinates": [[[12.0, 44.433336], [12.5, 44.433336], [12.5, 44.766669], [12.0, 44.766669], [12.0, 44.433336]]]}, "properties": {"Title": "Foglio 178", "DOI": "IGM-100k-178", "URL": "https://www.isprambiente.gov.it/it/banche-dati/cartografia/carte-geologiche-e-geotematiche/carta-geologica-alla-scala-1-to-100.000", "Location": "Italy Grid 100k", "Type": "Historical Map (1:100k)"}}, {"type": "Feature", "geometry": {"type": "Polygon", "coordinates": [[[12.5, 44.433336], [13.0, 44.433336], [13.0, 44.766669], [12.5, 44.766669], [12.5, 44.433336]]]}, "properties": {"Title": "Foglio 179", "DOI": "IGM-100k-179", "URL": "https://www.isprambiente.gov.it/it/banche-dati/cartografia/carte-geologiche-e-geotematiche/carta-geologica-alla-scala-1-to-100.000", "Location": "Italy Grid 100k", "Type": "Historical Map (1:100k)"}}, {"type": "Feature", "geometry": {"type": "Polygon", "coordinates": [[[13.0, 44.433336], [13.5, 44.433336], [13.5, 44.766669], [13.0, 44.766669], [13.0, 44.433336]]]}, "properties": {"Title": "Foglio 180", "DOI": "IGM-100k-180", "URL": "https://www.isprambiente.gov.it/it/banche-dati/cartografia/carte-geologiche-e-geotematiche/carta-geologica-alla-scala-1-to-100.000", "Location": "Italy Grid 100k", "Type": "Historical Map (1:100k)"}}, {"type": "Feature", "geometry": {"type": "Polygon", "coordinates": [[[13.5, 44.433336], [14.0, 44.433336], [14.0, 44.766669], [13.5, 44.766669], [13.5, 44.433336]]]}, "properties": {"Title": "Foglio 181", "DOI": "IGM-100k-181", "URL": "https://www.isprambiente.gov.it/it/banche-dati/cartografia/carte-geologiche-e-geotematiche/carta-geologica-alla-scala-1-to-100.000", "Location": "Italy Grid 100k", "Type": "Historical Map (1:100k)"}}, {"type": "Feature", "geometry": {"type": "Polygon", "coordinates": [[[14.0, 44.433336], [14.5, 44.433336], [14.5, 44.766669], [14.0, 44.766669], [14.0, 44.433336]]]}, "properties": {"Title": "Foglio 182", "DOI": "IGM-100k-182", "URL": "https://www.isprambiente.gov.it/it/banche-dati/cartografia/carte-geologiche-e-geotematiche/carta-geologica-alla-scala-1-to-100.000", "Location": "Italy Grid 100k", "Type": "Historical Map (1:100k)"}}, {"type": "Feature", "geometry": {"type": "Polygon", "coordinates": [[[14.5, 44.433336], [15.0, 44.433336], [15.0, 44.766669], [14.5, 44.766669], [14.5, 44.433336]]]}, "properties": {"Title": "Foglio 183 - ISCHIA", "DOI": "IGM-100k-183", "URL": "https://www.openaccess-isprambiente.it/simple-search?query=Carta+Geologica+100.000+Foglio+183+ISCHIA", "Location": "Italy Grid 100k", "Type": "Historical Map (1:100k)"}}, {"type": "Feature", "geometry": {"type": "Polygon", "coordinates": [[[15.0, 44.433336], [15.5, 44.433336], [15.5, 44.766669], [15.0, 44.766669], [15.0, 44.433336]]]}, "properties": {"Title": "Foglio 184 - NAPOLI", "DOI": "IGM-100k-184", "URL": "https://www.openaccess-isprambiente.it/simple-search?query=Carta+Geologica+100.000+Foglio+184+NAPOLI", "Location": "Italy Grid 100k", "Type": "Historical Map (1:100k)"}}, {"type": "Feature", "geometry": {"type": "Polygon", "coordinates": [[[15.5, 44.433336], [16.0, 44.433336], [16.0, 44.766669], [15.5, 44.766669], [15.5, 44.433336]]]}, "properties": {"Title": "Foglio 185 - SALERNO", "DOI": "IGM-100k-185", "URL": "https://www.openaccess-isprambiente.it/simple-search?query=Carta+Geologica+100.000+Foglio+185+SALERNO", "Location": "Italy Grid 100k", "Type": "Historical Map (1:100k)"}}, {"type": "Feature", "geometry": {"type": "Polygon", "coordinates": [[[16.0, 44.433336], [16.5, 44.433336], [16.5, 44.766669], [16.0, 44.766669], [16.0, 44.433336]]]}, "properties": {"Title": "Foglio 186 - SANT'ANGELO DEI LOMBARDI", "DOI": "IGM-100k-186", "URL": "https://www.openaccess-isprambiente.it/simple-search?query=Carta+Geologica+100.000+Foglio+186+SANT'ANGELO+DEI+LOMBARDI", "Location": "Italy Grid 100k", "Type": "Historical Map (1:100k)"}}, {"type": "Feature", "geometry": {"type": "Polygon", "coordinates": [[[16.5, 44.433336], [17.0, 44.433336], [17.0, 44.766669], [16.5, 44.766669], [16.5, 44.433336]]]}, "properties": {"Title": "Foglio 187 - MELFI", "DOI": "IGM-100k-187", "URL": "https://www.openaccess-isprambiente.it/simple-search?query=Carta+Geologica+100.000+Foglio+187+MELFI", "Location": "Italy Grid 100k", "Type": "Historical Map (1:100k)"}}, {"type": "Feature", "geometry": {"type": "Polygon", "coordinates": [[[17.0, 44.433336], [17.5, 44.433336], [17.5, 44.766669], [17.0, 44.766669], [17.0, 44.433336]]]}, "properties": {"Title": "Foglio 188 - GRAVINA DI PUGLIA", "DOI": "IGM-100k-188", "URL": "https://www.openaccess-isprambiente.it/simple-search?query=Carta+Geologica+100.000+Foglio+188+GRAVINA+DI+PUGLIA", "Location": "Italy Grid 100k", "Type": "Historical Map (1:100k)"}}, {"type": "Feature", "geometry": {"type": "Polygon", "coordinates": [[[17.5, 44.433336], [18.0, 44.433336], [18.0, 44.766669], [17.5, 44.766669], [17.5, 44.433336]]]}, "properties": {"Title": "Foglio 189 - ALTAMURA", "DOI": "IGM-100k-189", "URL": "https://www.openaccess-isprambiente.it/simple-search?query=Carta+Geologica+100.000+Foglio+189+ALTAMURA", "Location": "Italy Grid 100k", "Type": "Historical Map (1:100k)"}}, {"type": "Feature", "geometry": {"type": "Polygon", "coordinates": [[[18.0, 44.433336], [18.5, 44.433336], [18.5, 44.766669], [18.0, 44.766669], [18.0, 44.433336]]]}, "properties": {"Title": "Foglio 190 - MONOPOLI", "DOI": "IGM-100k-190", "URL": "https://www.openaccess-isprambiente.it/simple-search?query=Carta+Geologica+100.000+Foglio+190+MONOPOLI", "Location": "Italy Grid 100k", "Type": "Historical Map (1:100k)"}}, {"type": "Feature", "geometry": {"type": "Polygon", "coordinates": [[[18.5, 44.433336], [19.0, 44.433336], [19.0, 44.766669], [18.5, 44.766669], [18.5, 44.433336]]]}, "properties": {"Title": "Foglio 191 - OSTUNI", "DOI": "IGM-100k-191", "URL": "https://www.openaccess-isprambiente.it/simple-search?query=Carta+Geologica+100.000+Foglio+191+OSTUNI", "Location": "Italy Grid 100k", "Type": "Historical Map (1:100k)"}}, {"type": "Feature", "geometry": {"type": "Polygon", "coordinates": [[[19.0, 44.433336], [19.5, 44.433336], [19.5, 44.766669], [19.0, 44.766669], [19.0, 44.433336]]]}, "properties": {"Title": "Foglio 192", "DOI": "IGM-100k-192", "URL": "https://www.isprambiente.gov.it/it/banche-dati/cartografia/carte-geologiche-e-geotematiche/carta-geologica-alla-scala-1-to-100.000", "Location": "Italy Grid 100k", "Type": "Historical Map (1:100k)"}}, {"type": "Feature", "geometry": {"type": "Polygon", "coordinates": [[[7.5, 44.100003], [8.0, 44.100003], [8.0, 44.433336], [7.5, 44.433336], [7.5, 44.100003]]]}, "properties": {"Title": "Foglio 193", "DOI": "IGM-100k-193", "URL": "https://www.isprambiente.gov.it/it/banche-dati/cartografia/carte-geologiche-e-geotematiche/carta-geologica-alla-scala-1-to-100.000", "Location": "Italy Grid 100k", "Type": "Historical Map (1:100k)"}}, {"type": "Feature", "geometry": {"type": "Polygon", "coordinates": [[[8.0, 44.100003], [8.5, 44.100003], [8.5, 44.433336], [8.0, 44.433336], [8.0, 44.100003]]]}, "properties": {"Title": "Foglio 194", "DOI": "IGM-100k-194", "URL": "https://www.isprambiente.gov.it/it/banche-dati/cartografia/carte-geologiche-e-geotematiche/carta-geologica-alla-scala-1-to-100.000", "Location": "Italy Grid 100k", "Type": "Historical Map (1:100k)"}}, {"type": "Feature", "geometry": {"type": "Polygon", "coordinates": [[[8.5, 44.100003], [9.0, 44.100003], [9.0, 44.433336], [8.5, 44.433336], [8.5, 44.100003]]]}, "properties": {"Title": "Foglio 195", "DOI": "IGM-100k-195", "URL": "https://www.isprambiente.gov.it/it/banche-dati/cartografia/carte-geologiche-e-geotematiche/carta-geologica-alla-scala-1-to-100.000", "Location": "Italy Grid 100k", "Type": "Historical Map (1:100k)"}}, {"type": "Feature", "geometry": {"type": "Polygon", "coordinates": [[[9.0, 44.100003], [9.5, 44.100003], [9.5, 44.433336], [9.0, 44.433336], [9.0, 44.100003]]]}, "properties": {"Title": "Foglio 196 - SORRENTO", "DOI": "IGM-100k-196", "URL": "https://www.openaccess-isprambiente.it/simple-search?query=Carta+Geologica+100.000+Foglio+196+SORRENTO", "Location": "Italy Grid 100k", "Type": "Historical Map (1:100k)"}}, {"type": "Feature", "geometry": {"type": "Polygon", "coordinates": [[[9.5, 44.100003], [10.0, 44.100003], [10.0, 44.433336], [9.5, 44.433336], [9.5, 44.100003]]]}, "properties": {"Title": "Foglio 197 - AMALFI", "DOI": "IGM-100k-197", "URL": "https://www.openaccess-isprambiente.it/simple-search?query=Carta+Geologica+100.000+Foglio+197+AMALFI", "Location": "Italy Grid 100k", "Type": "Historical Map (1:100k)"}}, {"type": "Feature", "geometry": {"type": "Polygon", "coordinates": [[[10.0, 44.100003], [10.5, 44.100003], [10.5, 44.433336], [10.0, 44.433336], [10.0, 44.100003]]]}, "properties": {"Title": "Foglio 198 - EBOLI", "DOI": "IGM-100k-198", "URL": "https://www.openaccess-isprambiente.it/simple-search?query=Carta+Geologica+100.000+Foglio+198+EBOLI", "Location": "Italy Grid 100k", "Type": "Historical Map (1:100k)"}}, {"type": "Feature", "geometry": {"type": "Polygon", "coordinates": [[[10.5, 44.100003], [11.0, 44.100003], [11.0, 44.433336], [10.5, 44.433336], [10.5, 44.100003]]]}, "properties": {"Title": "Foglio 199 - POTENZA", "DOI": "IGM-100k-199", "URL": "https://www.openaccess-isprambiente.it/simple-search?query=Carta+Geologica+100.000+Foglio+199+POTENZA", "Location": "Italy Grid 100k", "Type": "Historical Map (1:100k)"}}, {"type": "Feature", "geometry": {"type": "Polygon", "coordinates": [[[11.0, 44.100003], [11.5, 44.100003], [11.5, 44.433336], [11.0, 44.433336], [11.0, 44.100003]]]}, "properties": {"Title": "Foglio 200 - TRICARICO", "DOI": "IGM-100k-200", "URL": "https://www.openaccess-isprambiente.it/simple-search?query=Carta+Geologica+100.000+Foglio+200+TRICARICO", "Location": "Italy Grid 100k", "Type": "Historical Map (1:100k)"}}, {"type": "Feature", "geometry": {"type": "Polygon", "coordinates": [[[11.5, 44.100003], [12.0, 44.100003], [12.0, 44.433336], [11.5, 44.433336], [11.5, 44.100003]]]}, "properties": {"Title": "Foglio 201 - MATERA", "DOI": "IGM-100k-201", "URL": "https://www.openaccess-isprambiente.it/simple-search?query=Carta+Geologica+100.000+Foglio+201+MATERA", "Location": "Italy Grid 100k", "Type": "Historical Map (1:100k)"}}, {"type": "Feature", "geometry": {"type": "Polygon", "coordinates": [[[12.0, 44.100003], [12.5, 44.100003], [12.5, 44.433336], [12.0, 44.433336], [12.0, 44.100003]]]}, "properties": {"Title": "Foglio 202 - TARANTO", "DOI": "IGM-100k-202", "URL": "https://www.openaccess-isprambiente.it/simple-search?query=Carta+Geologica+100.000+Foglio+202+TARANTO", "Location": "Italy Grid 100k", "Type": "Historical Map (1:100k)"}}, {"type": "Feature", "geometry": {"type": "Polygon", "coordinates": [[[12.5, 44.100003], [13.0, 44.100003], [13.0, 44.433336], [12.5, 44.433336], [12.5, 44.100003]]]}, "properties": {"Title": "Foglio 203 - BRINDISI", "DOI": "IGM-100k-203", "URL": "https://www.openaccess-isprambiente.it/simple-search?query=Carta+Geologica+100.000+Foglio+203+BRINDISI", "Location": "Italy Grid 100k", "Type": "Historical Map (1:100k)"}}, {"type": "Feature", "geometry": {"type": "Polygon", "coordinates": [[[13.0, 44.100003], [13.5, 44.100003], [13.5, 44.433336], [13.0, 44.433336], [13.0, 44.100003]]]}, "properties": {"Title": "Foglio 204 - LECCE", "DOI": "IGM-100k-204", "URL": "https://www.openaccess-isprambiente.it/simple-search?query=Carta+Geologica+100.000+Foglio+204+LECCE", "Location": "Italy Grid 100k", "Type": "Historical Map (1:100k)"}}, {"type": "Feature", "geometry": {"type": "Polygon", "coordinates": [[[13.5, 44.100003], [14.0, 44.100003], [14.0, 44.433336], [13.5, 44.433336], [13.5, 44.100003]]]}, "properties": {"Title": "Foglio 205", "DOI": "IGM-100k-205", "URL": "https://www.isprambiente.gov.it/it/banche-dati/cartografia/carte-geologiche-e-geotematiche/carta-geologica-alla-scala-1-to-100.000", "Location": "Italy Grid 100k", "Type": "Historical Map (1:100k)"}}, {"type": "Feature", "geometry": {"type": "Polygon", "coordinates": [[[14.0, 44.100003], [14.5, 44.100003], [14.5, 44.433336], [14.0, 44.433336], [14.0, 44.100003]]]}, "properties": {"Title": "Foglio 206", "DOI": "IGM-100k-206", "URL": "https://www.isprambiente.gov.it/it/banche-dati/cartografia/carte-geologiche-e-geotematiche/carta-geologica-alla-scala-1-to-100.000", "Location": "Italy Grid 100k", "Type": "Historical Map (1:100k)"}}, {"type": "Feature", "geometry": {"type": "Polygon", "coordinates": [[[14.5, 44.100003], [15.0, 44.100003], [15.0, 44.433336], [14.5, 44.433336], [14.5, 44.100003]]]}, "properties": {"Title": "Foglio 207", "DOI": "IGM-100k-207", "URL": "https://www.isprambiente.gov.it/it/banche-dati/cartografia/carte-geologiche-e-geotematiche/carta-geologica-alla-scala-1-to-100.000", "Location": "Italy Grid 100k", "Type": "Historical Map (1:100k)"}}, {"type": "Feature", "geometry": {"type": "Polygon", "coordinates": [[[15.0, 44.100003], [15.5, 44.100003], [15.5, 44.433336], [15.0, 44.433336], [15.0, 44.100003]]]}, "properties": {"Title": "Foglio 208", "DOI": "IGM-100k-208", "URL": "https://www.isprambiente.gov.it/it/banche-dati/cartografia/carte-geologiche-e-geotematiche/carta-geologica-alla-scala-1-to-100.000", "Location": "Italy Grid 100k", "Type": "Historical Map (1:100k)"}}, {"type": "Feature", "geometry": {"type": "Polygon", "coordinates": [[[15.5, 44.100003], [16.0, 44.100003], [16.0, 44.433336], [15.5, 44.433336], [15.5, 44.100003]]]}, "properties": {"Title": "Foglio 209 - VALLO DELLA LUCANIA", "DOI": "IGM-100k-209", "URL": "https://www.openaccess-isprambiente.it/simple-search?query=Carta+Geologica+100.000+Foglio+209+VALLO+DELLA+LUCANIA", "Location": "Italy Grid 100k", "Type": "Historical Map (1:100k)"}}, {"type": "Feature", "geometry": {"type": "Polygon", "coordinates": [[[16.0, 44.100003], [16.5, 44.100003], [16.5, 44.433336], [16.0, 44.433336], [16.0, 44.100003]]]}, "properties": {"Title": "Foglio 210 - LAURIA", "DOI": "IGM-100k-210", "URL": "https://www.openaccess-isprambiente.it/simple-search?query=Carta+Geologica+100.000+Foglio+210+LAURIA", "Location": "Italy Grid 100k", "Type": "Historical Map (1:100k)"}}, {"type": "Feature", "geometry": {"type": "Polygon", "coordinates": [[[16.5, 44.100003], [17.0, 44.100003], [17.0, 44.433336], [16.5, 44.433336], [16.5, 44.100003]]]}, "properties": {"Title": "Foglio 211 - SANT'ARCANGELO", "DOI": "IGM-100k-211", "URL": "https://www.openaccess-isprambiente.it/simple-search?query=Carta+Geologica+100.000+Foglio+211+SANT'ARCANGELO", "Location": "Italy Grid 100k", "Type": "Historical Map (1:100k)"}}, {"type": "Feature", "geometry": {"type": "Polygon", "coordinates": [[[17.0, 44.100003], [17.5, 44.100003], [17.5, 44.433336], [17.0, 44.433336], [17.0, 44.100003]]]}, "properties": {"Title": "Foglio 212 - MONTALBANO JONICO", "DOI": "IGM-100k-212", "URL": "https://www.openaccess-isprambiente.it/simple-search?query=Carta+Geologica+100.000+Foglio+212+MONTALBANO+JONICO", "Location": "Italy Grid 100k", "Type": "Historical Map (1:100k)"}}, {"type": "Feature", "geometry": {"type": "Polygon", "coordinates": [[[17.5, 44.100003], [18.0, 44.100003], [18.0, 44.433336], [17.5, 44.433336], [17.5, 44.100003]]]}, "properties": {"Title": "Foglio 213 - MARINA DI GINOSA", "DOI": "IGM-100k-213", "URL": "https://www.openaccess-isprambiente.it/simple-search?query=Carta+Geologica+100.000+Foglio+213+MARINA+DI+GINOSA", "Location": "Italy Grid 100k", "Type": "Historical Map (1:100k)"}}, {"type": "Feature", "geometry": {"type": "Polygon", "coordinates": [[[18.0, 44.100003], [18.5, 44.100003], [18.5, 44.433336], [18.0, 44.433336], [18.0, 44.100003]]]}, "properties": {"Title": "Foglio 214 - GALLIPOLI", "DOI": "IGM-100k-214", "URL": "https://www.openaccess-isprambiente.it/simple-search?query=Carta+Geologica+100.000+Foglio+214+GALLIPOLI", "Location": "Italy Grid 100k", "Type": "Historical Map (1:100k)"}}, {"type": "Feature", "geometry": {"type": "Polygon", "coordinates": [[[18.5, 44.100003], [19.0, 44.100003], [19.0, 44.433336], [18.5, 44.433336], [18.5, 44.100003]]]}, "properties": {"Title": "Foglio 215 - OTRANTO", "DOI": "IGM-100k-215", "URL": "https://www.openaccess-isprambiente.it/simple-search?query=Carta+Geologica+100.000+Foglio+215+OTRANTO", "Location": "Italy Grid 100k", "Type": "Historical Map (1:100k)"}}, {"type": "Feature", "geometry": {"type": "Polygon", "coordinates": [[[19.0, 44.100003], [19.5, 44.100003], [19.5, 44.433336], [19.0, 44.433336], [19.0, 44.100003]]]}, "properties": {"Title": "Foglio 216", "DOI": "IGM-100k-216", "URL": "https://www.isprambiente.gov.it/it/banche-dati/cartografia/carte-geologiche-e-geotematiche/carta-geologica-alla-scala-1-to-100.000", "Location": "Italy Grid 100k", "Type": "Historical Map (1:100k)"}}, {"type": "Feature", "geometry": {"type": "Polygon", "coordinates": [[[7.5, 43.76667], [8.0, 43.76667], [8.0, 44.100003], [7.5, 44.100003], [7.5, 43.76667]]]}, "properties": {"Title": "Foglio 217", "DOI": "IGM-100k-217", "URL": "https://www.isprambiente.gov.it/it/banche-dati/cartografia/carte-geologiche-e-geotematiche/carta-geologica-alla-scala-1-to-100.000", "Location": "Italy Grid 100k", "Type": "Historical Map (1:100k)"}}, {"type": "Feature", "geometry": {"type": "Polygon", "coordinates": [[[8.0, 43.76667], [8.5, 43.76667], [8.5, 44.100003], [8.0, 44.100003], [8.0, 43.76667]]]}, "properties": {"Title": "Foglio 218", "DOI": "IGM-100k-218", "URL": "https://www.isprambiente.gov.it/it/banche-dati/cartografia/carte-geologiche-e-geotematiche/carta-geologica-alla-scala-1-to-100.000", "Location": "Italy Grid 100k", "Type": "Historical Map (1:100k)"}}, {"type": "Feature", "geometry": {"type": "Polygon", "coordinates": [[[8.5, 43.76667], [9.0, 43.76667], [9.0, 44.100003], [8.5, 44.100003], [8.5, 43.76667]]]}, "properties": {"Title": "Foglio 219 - SAPRI", "DOI": "IGM-100k-219", "URL": "https://www.openaccess-isprambiente.it/simple-search?query=Carta+Geologica+100.000+Foglio+219+SAPRI", "Location": "Italy Grid 100k", "Type": "Historical Map (1:100k)"}}, {"type": "Feature", "geometry": {"type": "Polygon", "coordinates": [[[9.0, 43.76667], [9.5, 43.76667], [9.5, 44.100003], [9.0, 44.100003], [9.0, 43.76667]]]}, "properties": {"Title": "Foglio 220 - VERBICARO", "DOI": "IGM-100k-220", "URL": "https://www.openaccess-isprambiente.it/simple-search?query=Carta+Geologica+100.000+Foglio+220+VERBICARO", "Location": "Italy Grid 100k", "Type": "Historical Map (1:100k)"}}, {"type": "Feature", "geometry": {"type": "Polygon", "coordinates": [[[9.5, 43.76667], [10.0, 43.76667], [10.0, 44.100003], [9.5, 44.100003], [9.5, 43.76667]]]}, "properties": {"Title": "Foglio 221 - CASTROVILLARI", "DOI": "IGM-100k-221", "URL": "https://www.openaccess-isprambiente.it/simple-search?query=Carta+Geologica+100.000+Foglio+221+CASTROVILLARI", "Location": "Italy Grid 100k", "Type": "Historical Map (1:100k)"}}, {"type": "Feature", "geometry": {"type": "Polygon", "coordinates": [[[10.0, 43.76667], [10.5, 43.76667], [10.5, 44.100003], [10.0, 44.100003], [10.0, 43.76667]]]}, "properties": {"Title": "Foglio 222 - CASSANO ALLO IONIO", "DOI": "IGM-100k-222", "URL": "https://www.openaccess-isprambiente.it/simple-search?query=Carta+Geologica+100.000+Foglio+222+CASSANO+ALLO+IONIO", "Location": "Italy Grid 100k", "Type": "Historical Map (1:100k)"}}, {"type": "Feature", "geometry": {"type": "Polygon", "coordinates": [[[10.5, 43.76667], [11.0, 43.76667], [11.0, 44.100003], [10.5, 44.100003], [10.5, 43.76667]]]}, "properties": {"Title": "Foglio 223 - CAPO SANTA MARIA DI LEUCA", "DOI": "IGM-100k-223", "URL": "https://www.openaccess-isprambiente.it/simple-search?query=Carta+Geologica+100.000+Foglio+223+CAPO+SANTA+MARIA+DI+LEUCA", "Location": "Italy Grid 100k", "Type": "Historical Map (1:100k)"}}, {"type": "Feature", "geometry": {"type": "Polygon", "coordinates": [[[11.0, 43.76667], [11.5, 43.76667], [11.5, 44.100003], [11.0, 44.100003], [11.0, 43.76667]]]}, "properties": {"Title": "Foglio 224", "DOI": "IGM-100k-224", "URL": "https://www.isprambiente.gov.it/it/banche-dati/cartografia/carte-geologiche-e-geotematiche/carta-geologica-alla-scala-1-to-100.000", "Location": "Italy Grid 100k", "Type": "Historical Map (1:100k)"}}, {"type": "Feature", "geometry": {"type": "Polygon", "coordinates": [[[11.5, 43.76667], [12.0, 43.76667], [12.0, 44.100003], [11.5, 44.100003], [11.5, 43.76667]]]}, "properties": {"Title": "Foglio 225", "DOI": "IGM-100k-225", "URL": "https://www.isprambiente.gov.it/it/banche-dati/cartografia/carte-geologiche-e-geotematiche/carta-geologica-alla-scala-1-to-100.000", "Location": "Italy Grid 100k", "Type": "Historical Map (1:100k)"}}, {"type": "Feature", "geometry": {"type": "Polygon", "coordinates": [[[12.0, 43.76667], [12.5, 43.76667], [12.5, 44.100003], [12.0, 44.100003], [12.0, 43.76667]]]}, "properties": {"Title": "Foglio 226", "DOI": "IGM-100k-226", "URL": "https://www.isprambiente.gov.it/it/banche-dati/cartografia/carte-geologiche-e-geotematiche/carta-geologica-alla-scala-1-to-100.000", "Location": "Italy Grid 100k", "Type": "Historical Map (1:100k)"}}, {"type": "Feature", "geometry": {"type": "Polygon", "coordinates": [[[12.5, 43.76667], [13.0, 43.76667], [13.0, 44.100003], [12.5, 44.100003], [12.5, 43.76667]]]}, "properties": {"Title": "Foglio 227", "DOI": "IGM-100k-227", "URL": "https://www.isprambiente.gov.it/it/banche-dati/cartografia/carte-geologiche-e-geotematiche/carta-geologica-alla-scala-1-to-100.000", "Location": "Italy Grid 100k", "Type": "Historical Map (1:100k)"}}, {"type": "Feature", "geometry": {"type": "Polygon", "coordinates": [[[13.0, 43.76667], [13.5, 43.76667], [13.5, 44.100003], [13.0, 44.100003], [13.0, 43.76667]]]}, "properties": {"Title": "Foglio 228 - CETRARO", "DOI": "IGM-100k-228", "URL": "https://www.openaccess-isprambiente.it/simple-search?query=Carta+Geologica+100.000+Foglio+228+CETRARO", "Location": "Italy Grid 100k", "Type": "Historical Map (1:100k)"}}, {"type": "Feature", "geometry": {"type": "Polygon", "coordinates": [[[13.5, 43.76667], [14.0, 43.76667], [14.0, 44.100003], [13.5, 44.100003], [13.5, 43.76667]]]}, "properties": {"Title": "Foglio 229 - COSENZA", "DOI": "IGM-100k-229", "URL": "https://www.openaccess-isprambiente.it/simple-search?query=Carta+Geologica+100.000+Foglio+229+COSENZA", "Location": "Italy Grid 100k", "Type": "Historical Map (1:100k)"}}, {"type": "Feature", "geometry": {"type": "Polygon", "coordinates": [[[14.0, 43.76667], [14.5, 43.76667], [14.5, 44.100003], [14.0, 44.100003], [14.0, 43.76667]]]}, "properties": {"Title": "Foglio 230 - ROSSANO", "DOI": "IGM-100k-230", "URL": "https://www.openaccess-isprambiente.it/simple-search?query=Carta+Geologica+100.000+Foglio+230+ROSSANO", "Location": "Italy Grid 100k", "Type": "Historical Map (1:100k)"}}, {"type": "Feature", "geometry": {"type": "Polygon", "coordinates": [[[14.5, 43.76667], [15.0, 43.76667], [15.0, 44.100003], [14.5, 44.100003], [14.5, 43.76667]]]}, "properties": {"Title": "Foglio 231", "DOI": "IGM-100k-231", "URL": "https://www.isprambiente.gov.it/it/banche-dati/cartografia/carte-geologiche-e-geotematiche/carta-geologica-alla-scala-1-to-100.000", "Location": "Italy Grid 100k", "Type": "Historical Map (1:100k)"}}, {"type": "Feature", "geometry": {"type": "Polygon", "coordinates": [[[15.0, 43.76667], [15.5, 43.76667], [15.5, 44.100003], [15.0, 44.100003], [15.0, 43.76667]]]}, "properties": {"Title": "Foglio 232", "DOI": "IGM-100k-232", "URL": "https://www.isprambiente.gov.it/it/banche-dati/cartografia/carte-geologiche-e-geotematiche/carta-geologica-alla-scala-1-to-100.000", "Location": "Italy Grid 100k", "Type": "Historical Map (1:100k)"}}, {"type": "Feature", "geometry": {"type": "Polygon", "coordinates": [[[15.5, 43.76667], [16.0, 43.76667], [16.0, 44.100003], [15.5, 44.100003], [15.5, 43.76667]]]}, "properties": {"Title": "Foglio 233", "DOI": "IGM-100k-233", "URL": "https://www.isprambiente.gov.it/it/banche-dati/cartografia/carte-geologiche-e-geotematiche/carta-geologica-alla-scala-1-to-100.000", "Location": "Italy Grid 100k", "Type": "Historical Map (1:100k)"}}, {"type": "Feature", "geometry": {"type": "Polygon", "coordinates": [[[16.0, 43.76667], [16.5, 43.76667], [16.5, 44.100003], [16.0, 44.100003], [16.0, 43.76667]]]}, "properties": {"Title": "Foglio 234", "DOI": "IGM-100k-234", "URL": "https://www.isprambiente.gov.it/it/banche-dati/cartografia/carte-geologiche-e-geotematiche/carta-geologica-alla-scala-1-to-100.000", "Location": "Italy Grid 100k", "Type": "Historical Map (1:100k)"}}, {"type": "Feature", "geometry": {"type": "Polygon", "coordinates": [[[16.5, 43.76667], [17.0, 43.76667], [17.0, 44.100003], [16.5, 44.100003], [16.5, 43.76667]]]}, "properties": {"Title": "Foglio 235 - NICASTRO", "DOI": "IGM-100k-235", "URL": "https://www.openaccess-isprambiente.it/simple-search?query=Carta+Geologica+100.000+Foglio+235+NICASTRO", "Location": "Italy Grid 100k", "Type": "Historical Map (1:100k)"}}, {"type": "Feature", "geometry": {"type": "Polygon", "coordinates": [[[17.0, 43.76667], [17.5, 43.76667], [17.5, 44.100003], [17.0, 44.100003], [17.0, 43.76667]]]}, "properties": {"Title": "Foglio 236 - CACCURI", "DOI": "IGM-100k-236", "URL": "https://www.openaccess-isprambiente.it/simple-search?query=Carta+Geologica+100.000+Foglio+236+CACCURI", "Location": "Italy Grid 100k", "Type": "Historical Map (1:100k)"}}, {"type": "Feature", "geometry": {"type": "Polygon", "coordinates": [[[17.5, 43.76667], [18.0, 43.76667], [18.0, 44.100003], [17.5, 44.100003], [17.5, 43.76667]]]}, "properties": {"Title": "Foglio 237 - S. GIOVANNI IN FIORE", "DOI": "IGM-100k-237", "URL": "https://www.openaccess-isprambiente.it/simple-search?query=Carta+Geologica+100.000+Foglio+237+S.+GIOVANNI+IN+FIORE", "Location": "Italy Grid 100k", "Type": "Historical Map (1:100k)"}}, {"type": "Feature", "geometry": {"type": "Polygon", "coordinates": [[[18.0, 43.76667], [18.5, 43.76667], [18.5, 44.100003], [18.0, 44.100003], [18.0, 43.76667]]]}, "properties": {"Title": "Foglio 238 - CROTONE", "DOI": "IGM-100k-238", "URL": "https://www.openaccess-isprambiente.it/simple-search?query=Carta+Geologica+100.000+Foglio+238+CROTONE", "Location": "Italy Grid 100k", "Type": "Historical Map (1:100k)"}}, {"type": "Feature", "geometry": {"type": "Polygon", "coordinates": [[[18.5, 43.76667], [19.0, 43.76667], [19.0, 44.100003], [18.5, 44.100003], [18.5, 43.76667]]]}, "properties": {"Title": "Foglio 239", "DOI": "IGM-100k-239", "URL": "https://www.isprambiente.gov.it/it/banche-dati/cartografia/carte-geologiche-e-geotematiche/carta-geologica-alla-scala-1-to-100.000", "Location": "Italy Grid 100k", "Type": "Historical Map (1:100k)"}}, {"type": "Feature", "geometry": {"type": "Polygon", "coordinates": [[[19.0, 43.76667], [19.5, 43.76667], [19.5, 44.100003], [19.0, 44.100003], [19.0, 43.76667]]]}, "properties": {"Title": "Foglio 240 - SANT'EUFEMIA", "DOI": "IGM-100k-240", "URL": "https://www.openaccess-isprambiente.it/simple-search?query=Carta+Geologica+100.000+Foglio+240+SANT'EUFEMIA", "Location": "Italy Grid 100k", "Type": "Historical Map (1:100k)"}}, {"type": "Feature", "geometry": {"type": "Polygon", "coordinates": [[[7.5, 43.433337], [8.0, 43.433337], [8.0, 43.76667], [7.5, 43.76667], [7.5, 43.433337]]]}, "properties": {"Title": "Foglio 241 - CATANZARO", "DOI": "IGM-100k-241", "URL": "https://www.openaccess-isprambiente.it/simple-search?query=Carta+Geologica+100.000+Foglio+241+CATANZARO", "Location": "Italy Grid 100k", "Type": "Historical Map (1:100k)"}}, {"type": "Feature", "geometry": {"type": "Polygon", "coordinates": [[[8.0, 43.433337], [8.5, 43.433337], [8.5, 43.76667], [8.0, 43.76667], [8.0, 43.433337]]]}, "properties": {"Title": "Foglio 242 - ISOLA CAPO RIZZUTO", "DOI": "IGM-100k-242", "URL": "https://www.openaccess-isprambiente.it/simple-search?query=Carta+Geologica+100.000+Foglio+242+ISOLA+CAPO+RIZZUTO", "Location": "Italy Grid 100k", "Type": "Historical Map (1:100k)"}}, {"type": "Feature", "geometry": {"type": "Polygon", "coordinates": [[[8.5, 43.433337], [9.0, 43.433337], [9.0, 43.76667], [8.5, 43.76667], [8.5, 43.433337]]]}, "properties": {"Title": "Foglio 243", "DOI": "IGM-100k-243", "URL": "https://www.isprambiente.gov.it/it/banche-dati/cartografia/carte-geologiche-e-geotematiche/carta-geologica-alla-scala-1-to-100.000", "Location": "Italy Grid 100k", "Type": "Historical Map (1:100k)"}}, {"type": "Feature", "geometry": {"type": "Polygon", "coordinates": [[[9.0, 43.433337], [9.5, 43.433337], [9.5, 43.76667], [9.0, 43.76667], [9.0, 43.433337]]]}, "properties": {"Title": "Foglio 244", "DOI": "IGM-100k-244", "URL": "https://www.isprambiente.gov.it/it/banche-dati/cartografia/carte-geologiche-e-geotematiche/carta-geologica-alla-scala-1-to-100.000", "Location": "Italy Grid 100k", "Type": "Historical Map (1:100k)"}}, {"type": "Feature", "geometry": {"type": "Polygon", "coordinates": [[[9.5, 43.433337], [10.0, 43.433337], [10.0, 43.76667], [9.5, 43.76667], [9.5, 43.433337]]]}, "properties": {"Title": "Foglio 245 - PALMI", "DOI": "IGM-100k-245", "URL": "https://www.openaccess-isprambiente.it/simple-search?query=Carta+Geologica+100.000+Foglio+245+PALMI", "Location": "Italy Grid 100k", "Type": "Historical Map (1:100k)"}}, {"type": "Feature", "geometry": {"type": "Polygon", "coordinates": [[[10.0, 43.433337], [10.5, 43.433337], [10.5, 43.76667], [10.0, 43.76667], [10.0, 43.433337]]]}, "properties": {"Title": "Foglio 246 - CITTANOVA", "DOI": "IGM-100k-246", "URL": "https://www.openaccess-isprambiente.it/simple-search?query=Carta+Geologica+100.000+Foglio+246+CITTANOVA", "Location": "Italy Grid 100k", "Type": "Historical Map (1:100k)"}}, {"type": "Feature", "geometry": {"type": "Polygon", "coordinates": [[[10.5, 43.433337], [11.0, 43.433337], [11.0, 43.76667], [10.5, 43.76667], [10.5, 43.433337]]]}, "properties": {"Title": "Foglio 247 - BADOLATO", "DOI": "IGM-100k-247", "URL": "https://www.openaccess-isprambiente.it/simple-search?query=Carta+Geologica+100.000+Foglio+247+BADOLATO", "Location": "Italy Grid 100k", "Type": "Historical Map (1:100k)"}}, {"type": "Feature", "geometry": {"type": "Polygon", "coordinates": [[[7.5, 42.933337], [8.0, 42.933337], [8.0, 43.26667], [7.5, 43.26667], [7.5, 42.933337]]]}, "properties": {"Title": "Foglio 248 - TRAPANI", "DOI": "IGM-100k-248", "URL": "https://www.openaccess-isprambiente.it/simple-search?query=Carta+Geologica+100.000+Foglio+248+TRAPANI", "Location": "Italy Grid 100k", "Type": "Historical Map (1:100k)"}}, {"type": "Feature", "geometry": {"type": "Polygon", "coordinates": [[[8.0, 42.933337], [8.5, 42.933337], [8.5, 43.26667], [8.0, 43.26667], [8.0, 42.933337]]]}, "properties": {"Title": "Foglio 249 - PALERMO", "DOI": "IGM-100k-249", "URL": "https://www.openaccess-isprambiente.it/simple-search?query=Carta+Geologica+100.000+Foglio+249+PALERMO", "Location": "Italy Grid 100k", "Type": "Historical Map (1:100k)"}}, {"type": "Feature", "geometry": {"type": "Polygon", "coordinates": [[[8.5, 42.933337], [9.0, 42.933337], [9.0, 43.26667], [8.5, 43.26667], [8.5, 42.933337]]]}, "properties": {"Title": "Foglio 250 - CEFALU", "DOI": "IGM-100k-250", "URL": "https://www.openaccess-isprambiente.it/simple-search?query=Carta+Geologica+100.000+Foglio+250+CEFALU", "Location": "Italy Grid 100k", "Type": "Historical Map (1:100k)"}}, {"type": "Feature", "geometry": {"type": "Polygon", "coordinates": [[[9.0, 42.933337], [9.5, 42.933337], [9.5, 43.26667], [9.0, 43.26667], [9.0, 42.933337]]]}, "properties": {"Title": "Foglio 251 - MISTRETTA", "DOI": "IGM-100k-251", "URL": "https://www.openaccess-isprambiente.it/simple-search?query=Carta+Geologica+100.000+Foglio+251+MISTRETTA", "Location": "Italy Grid 100k", "Type": "Historical Map (1:100k)"}}, {"type": "Feature", "geometry": {"type": "Polygon", "coordinates": [[[9.5, 42.933337], [10.0, 42.933337], [10.0, 43.26667], [9.5, 43.26667], [9.5, 42.933337]]]}, "properties": {"Title": "Foglio 252 - NASO", "DOI": "IGM-100k-252", "URL": "https://www.openaccess-isprambiente.it/simple-search?query=Carta+Geologica+100.000+Foglio+252+NASO", "Location": "Italy Grid 100k", "Type": "Historical Map (1:100k)"}}, {"type": "Feature", "geometry": {"type": "Polygon", "coordinates": [[[10.0, 42.933337], [10.5, 42.933337], [10.5, 43.26667], [10.0, 43.26667], [10.0, 42.933337]]]}, "properties": {"Title": "Foglio 253 - CASTROREALE", "DOI": "IGM-100k-253", "URL": "https://www.openaccess-isprambiente.it/simple-search?query=Carta+Geologica+100.000+Foglio+253+CASTROREALE", "Location": "Italy Grid 100k", "Type": "Historical Map (1:100k)"}}, {"type": "Feature", "geometry": {"type": "Polygon", "coordinates": [[[10.5, 42.933337], [11.0, 42.933337], [11.0, 43.26667], [10.5, 43.26667], [10.5, 42.933337]]]}, "properties": {"Title": "Foglio 254 - MESSINA", "DOI": "IGM-100k-254", "URL": "https://www.openaccess-isprambiente.it/simple-search?query=Carta+Geologica+100.000+Foglio+254+MESSINA", "Location": "Italy Grid 100k", "Type": "Historical Map (1:100k)"}}, {"type": "Feature", "geometry": {"type": "Polygon", "coordinates": [[[11.0, 42.933337], [11.5, 42.933337], [11.5, 43.26667], [11.0, 43.26667], [11.0, 42.933337]]]}, "properties": {"Title": "Foglio 255 - REGGIO CALABRIA", "DOI": "IGM-100k-255", "URL": "https://www.openaccess-isprambiente.it/simple-search?query=Carta+Geologica+100.000+Foglio+255+REGGIO+CALABRIA", "Location": "Italy Grid 100k", "Type": "Historical Map (1:100k)"}}, {"type": "Feature", "geometry": {"type": "Polygon", "coordinates": [[[11.5, 42.933337], [12.0, 42.933337], [12.0, 43.26667], [11.5, 43.26667], [11.5, 42.933337]]]}, "properties": {"Title": "Foglio 256 - MELITO DI PORTO SALVO", "DOI": "IGM-100k-256", "URL": "https://www.openaccess-isprambiente.it/simple-search?query=Carta+Geologica+100.000+Foglio+256+MELITO+DI+PORTO+SALVO", "Location": "Italy Grid 100k", "Type": "Historical Map (1:100k)"}}, {"type": "Feature", "geometry": {"type": "Polygon", "coordinates": [[[12.0, 42.933337], [12.5, 42.933337], [12.5, 43.26667], [12.0, 43.26667], [12.0, 42.933337]]]}, "properties": {"Title": "Foglio 257 - CASTELVETRANO", "DOI": "IGM-100k-257", "URL": "https://www.openaccess-isprambiente.it/simple-search?query=Carta+Geologica+100.000+Foglio+257+CASTELVETRANO", "Location": "Italy Grid 100k", "Type": "Historical Map (1:100k)"}}, {"type": "Feature", "geometry": {"type": "Polygon", "coordinates": [[[12.5, 42.933337], [13.0, 42.933337], [13.0, 43.26667], [12.5, 43.26667], [12.5, 42.933337]]]}, "properties": {"Title": "Foglio 258 - CORLEONE", "DOI": "IGM-100k-258", "URL": "https://www.openaccess-isprambiente.it/simple-search?query=Carta+Geologica+100.000+Foglio+258+CORLEONE", "Location": "Italy Grid 100k", "Type": "Historical Map (1:100k)"}}, {"type": "Feature", "geometry": {"type": "Polygon", "coordinates": [[[13.0, 42.933337], [13.5, 42.933337], [13.5, 43.26667], [13.0, 43.26667], [13.0, 42.933337]]]}, "properties": {"Title": "Foglio 259 - TERMINI IMERESE", "DOI": "IGM-100k-259", "URL": "https://www.openaccess-isprambiente.it/simple-search?query=Carta+Geologica+100.000+Foglio+259+TERMINI+IMERESE", "Location": "Italy Grid 100k", "Type": "Historical Map (1:100k)"}}, {"type": "Feature", "geometry": {"type": "Polygon", "coordinates": [[[13.5, 42.933337], [14.0, 42.933337], [14.0, 43.26667], [13.5, 43.26667], [13.5, 42.933337]]]}, "properties": {"Title": "Foglio 260 - NICOSIA", "DOI": "IGM-100k-260", "URL": "https://www.openaccess-isprambiente.it/simple-search?query=Carta+Geologica+100.000+Foglio+260+NICOSIA", "Location": "Italy Grid 100k", "Type": "Historical Map (1:100k)"}}, {"type": "Feature", "geometry": {"type": "Polygon", "coordinates": [[[14.0, 42.933337], [14.5, 42.933337], [14.5, 43.26667], [14.0, 43.26667], [14.0, 42.933337]]]}, "properties": {"Title": "Foglio 261 - BRONTE", "DOI": "IGM-100k-261", "URL": "https://www.openaccess-isprambiente.it/simple-search?query=Carta+Geologica+100.000+Foglio+261+BRONTE", "Location": "Italy Grid 100k", "Type": "Historical Map (1:100k)"}}, {"type": "Feature", "geometry": {"type": "Polygon", "coordinates": [[[14.5, 42.933337], [15.0, 42.933337], [15.0, 43.26667], [14.5, 43.26667], [14.5, 42.933337]]]}, "properties": {"Title": "Foglio 262 - MT. ETNA", "DOI": "IGM-100k-262", "URL": "https://www.openaccess-isprambiente.it/simple-search?query=Carta+Geologica+100.000+Foglio+262+MT.+ETNA", "Location": "Italy Grid 100k", "Type": "Historical Map (1:100k)"}}, {"type": "Feature", "geometry": {"type": "Polygon", "coordinates": [[[15.0, 42.933337], [15.5, 42.933337], [15.5, 43.26667], [15.0, 43.26667], [15.0, 42.933337]]]}, "properties": {"Title": "Foglio 263 - ACIREALE", "DOI": "IGM-100k-263", "URL": "https://www.openaccess-isprambiente.it/simple-search?query=Carta+Geologica+100.000+Foglio+263+ACIREALE", "Location": "Italy Grid 100k", "Type": "Historical Map (1:100k)"}}, {"type": "Feature", "geometry": {"type": "Polygon", "coordinates": [[[15.5, 42.933337], [16.0, 42.933337], [16.0, 43.26667], [15.5, 43.26667], [15.5, 42.933337]]]}, "properties": {"Title": "Foglio 264 - REGGIO CALABRIA", "DOI": "IGM-100k-264", "URL": "https://www.openaccess-isprambiente.it/simple-search?query=Carta+Geologica+100.000+Foglio+264+REGGIO+CALABRIA", "Location": "Italy Grid 100k", "Type": "Historical Map (1:100k)"}}, {"type": "Feature", "geometry": {"type": "Polygon", "coordinates": [[[4.0, 42.600004], [4.5, 42.600004], [4.5, 42.933337], [4.0, 42.933337], [4.0, 42.600004]]]}, "properties": {"Title": "Foglio 265 - SCIACCA", "DOI": "IGM-100k-265", "URL": "https://www.openaccess-isprambiente.it/simple-search?query=Carta+Geologica+100.000+Foglio+265+SCIACCA", "Location": "Italy Grid 100k", "Type": "Historical Map (1:100k)"}}, {"type": "Feature", "geometry": {"type": "Polygon", "coordinates": [[[4.5, 42.600004], [5.0, 42.600004], [5.0, 42.933337], [4.5, 42.933337], [4.5, 42.600004]]]}, "properties": {"Title": "Foglio 266 - BIVONA", "DOI": "IGM-100k-266", "URL": "https://www.openaccess-isprambiente.it/simple-search?query=Carta+Geologica+100.000+Foglio+266+BIVONA", "Location": "Italy Grid 100k", "Type": "Historical Map (1:100k)"}}, {"type": "Feature", "geometry": {"type": "Polygon", "coordinates": [[[5.0, 42.600004], [5.5, 42.600004], [5.5, 42.933337], [5.0, 42.933337], [5.0, 42.600004]]]}, "properties": {"Title": "Foglio 267 - CANICATTI", "DOI": "IGM-100k-267", "URL": "https://www.openaccess-isprambiente.it/simple-search?query=Carta+Geologica+100.000+Foglio+267+CANICATTI", "Location": "Italy Grid 100k", "Type": "Historical Map (1:100k)"}}, {"type": "Feature", "geometry": {"type": "Polygon", "coordinates": [[[5.5, 42.600004], [6.0, 42.600004], [6.0, 42.933337], [5.5, 42.933337], [5.5, 42.600004]]]}, "properties": {"Title": "Foglio 268 - CALTANISSETTA", "DOI": "IGM-100k-268", "URL": "https://www.openaccess-isprambiente.it/simple-search?query=Carta+Geologica+100.000+Foglio+268+CALTANISSETTA", "Location": "Italy Grid 100k", "Type": "Historical Map (1:100k)"}}, {"type": "Feature", "geometry": {"type": "Polygon", "coordinates": [[[6.0, 42.600004], [6.5, 42.600004], [6.5, 42.933337], [6.0, 42.933337], [6.0, 42.600004]]]}, "properties": {"Title": "Foglio 269 - PATERNO", "DOI": "IGM-100k-269", "URL": "https://www.openaccess-isprambiente.it/simple-search?query=Carta+Geologica+100.000+Foglio+269+PATERNO", "Location": "Italy Grid 100k", "Type": "Historical Map (1:100k)"}}, {"type": "Feature", "geometry": {"type": "Polygon", "coordinates": [[[6.5, 42.600004], [7.0, 42.600004], [7.0, 42.933337], [6.5, 42.933337], [6.5, 42.600004]]]}, "properties": {"Title": "Foglio 270 - CATANIA", "DOI": "IGM-100k-270", "URL": "https://www.openaccess-isprambiente.it/simple-search?query=Carta+Geologica+100.000+Foglio+270+CATANIA", "Location": "Italy Grid 100k", "Type": "Historical Map (1:100k)"}}, {"type": "Feature", "geometry": {"type": "Polygon", "coordinates": [[[7.0, 42.600004], [7.5, 42.600004], [7.5, 42.933337], [7.0, 42.933337], [7.0, 42.600004]]]}, "properties": {"Title": "Foglio 271 - AGRIGENTO", "DOI": "IGM-100k-271", "URL": "https://www.openaccess-isprambiente.it/simple-search?query=Carta+Geologica+100.000+Foglio+271+AGRIGENTO", "Location": "Italy Grid 100k", "Type": "Historical Map (1:100k)"}}, {"type": "Feature", "geometry": {"type": "Polygon", "coordinates": [[[7.5, 42.600004], [8.0, 42.600004], [8.0, 42.933337], [7.5, 42.933337], [7.5, 42.600004]]]}, "properties": {"Title": "Foglio 272 - GELA", "DOI": "IGM-100k-272", "URL": "https://www.openaccess-isprambiente.it/simple-search?query=Carta+Geologica+100.000+Foglio+272+GELA", "Location": "Italy Grid 100k", "Type": "Historical Map (1:100k)"}}, {"type": "Feature", "geometry": {"type": "Polygon", "coordinates": [[[8.0, 42.600004], [8.5, 42.600004], [8.5, 42.933337], [8.0, 42.933337], [8.0, 42.600004]]]}, "properties": {"Title": "Foglio 273 - CALTAGIRONE", "DOI": "IGM-100k-273", "URL": "https://www.openaccess-isprambiente.it/simple-search?query=Carta+Geologica+100.000+Foglio+273+CALTAGIRONE", "Location": "Italy Grid 100k", "Type": "Historical Map (1:100k)"}}, {"type": "Feature", "geometry": {"type": "Polygon", "coordinates": [[[8.5, 42.600004], [9.0, 42.600004], [9.0, 42.933337], [8.5, 42.933337], [8.5, 42.600004]]]}, "properties": {"Title": "Foglio 274 - SIRACUSA", "DOI": "IGM-100k-274", "URL": "https://www.openaccess-isprambiente.it/simple-search?query=Carta+Geologica+100.000+Foglio+274+SIRACUSA", "Location": "Italy Grid 100k", "Type": "Historical Map (1:100k)"}}, {"type": "Feature", "geometry": {"type": "Polygon", "coordinates": [[[9.0, 42.600004], [9.5, 42.600004], [9.5, 42.933337], [9.0, 42.933337], [9.0, 42.600004]]]}, "properties": {"Title": "Foglio 275 - SCOGLITTI", "DOI": "IGM-100k-275", "URL": "https://www.openaccess-isprambiente.it/simple-search?query=Carta+Geologica+100.000+Foglio+275+SCOGLITTI", "Location": "Italy Grid 100k", "Type": "Historical Map (1:100k)"}}, {"type": "Feature", "geometry": {"type": "Polygon", "coordinates": [[[9.5, 42.600004], [10.0, 42.600004], [10.0, 42.933337], [9.5, 42.933337], [9.5, 42.600004]]]}, "properties": {"Title": "Foglio 276 - RAGUSA", "DOI": "IGM-100k-276", "URL": "https://www.openaccess-isprambiente.it/simple-search?query=Carta+Geologica+100.000+Foglio+276+RAGUSA", "Location": "Italy Grid 100k", "Type": "Historical Map (1:100k)"}}, {"type": "Feature", "geometry": {"type": "Polygon", "coordinates": [[[10.0, 42.600004], [10.5, 42.600004], [10.5, 42.933337], [10.0, 42.933337], [10.0, 42.600004]]]}, "properties": {"Title": "Foglio 277 - NOTO", "DOI": "IGM-100k-277", "URL": "https://www.openaccess-isprambiente.it/simple-search?query=Carta+Geologica+100.000+Foglio+277+NOTO", "Location": "Italy Grid 100k", "Type": "Historical Map (1:100k)"}}]}