{"type": "FeatureCollection", "features": [{"type": "Feature", "geometry": {"type": "Polygon", "coordinates": [[[6.0, 46.87], [6.5, 46.87], [6.5, 47.2], [6.0, 47.2], [6.0, 46.87]]]}, "properties": {"Title": "Foglio 1 - FOGLIO CARG", "DOI": "CARG-1", "URL": "https://www.isprambiente.gov.it/Media/carg/index.html", "Location": "Italy Grid", "Type": "Official Map"}}, {"type": "Feature", "geometry": {"type": "Polygon", "coordinates": [[[6.5, 46.87], [7.0, 46.87], [7.0, 47.2], [6.5, 47.2], [6.5, 46.87]]]}, "properties": {"Title": "Foglio 2 - FOGLIO CARG", "DOI": "CARG-2", "URL": "https://www.isprambiente.gov.it/Media/carg/index.html", "Location": "Italy Grid", "Type": "Official Map"}}, {"type": "Feature", "geometry": {"type": "Polygon", "coordinates": [[[7.0, 46.87], [7.5, 46.87], [7.5, 47.2], [7.0, 47.2], [7.0, 46.87]]]}, "properties": {"Title": "Foglio 3 - FOGLIO CARG", "DOI": "CARG-3", "URL": "https://www.isprambiente.gov.it/Media/carg/index.html", "Location": "Italy Grid", "Type": "Official Map"}}, {"type": "Feature", "geometry": {"type": "Polygon", "coordinates": [[[7.5, 46.87], [8.0, 46.87], [8.0, 47.2], [7.5, 47.2], [7.5, 46.87]]]}, "properties": {"Title": "Foglio 4 - FOGLIO CARG", "DOI": "CARG-4", "URL": "https://www.isprambiente.gov.it/Media/carg/index.html", "Location": "Italy Grid", "Type": "Official Map"}}, {"type": "Feature", "geometry": {"type": "Polygon", "coordinates": [[[8.0, 46.87], [8.5, 46.87], [8.5, 47.2], [8.0, 47.2], [8.0, 46.87]]]}, "properties": {"Title": "Foglio 5 - FOGLIO CARG", "DOI": "CARG-5", "URL": "https://www.isprambiente.gov.it/Media/carg/index.html", "Location": "Italy Grid", "Type": "Official Map"}}, {"type": "Feature", "geometry": {"type": "Polygon", "coordinates": [[[8.5, 46.87], [9.0, 46.87], [9.0, 47.2], [8.5, 47.2], [8.5, 46.87]]]}, "properties": {"Title": "Foglio 6 - FOGLIO CARG", "DOI": "CARG-6", "URL": "https://www.isprambiente.gov.it/Media/carg/index.html", "Location": "Italy Grid", "Type": "Official Map"}}, {"type": "Feature", "geometry": {"type": "Polygon", "coordinates": [[[9.0, 46.87], [9.5, 46.87], [9.5, 47.2], [9.0, 47.2], [9.0, 46.87]]]}, "properties": {"Title": "Foglio 7 - FOGLIO CARG", "DOI": "CARG-7", "URL": "https://www.isprambiente.gov.it/Media/carg/index.html", "Location": "Italy Grid", "Type": "Official Map"}}, {"type": "Feature", "geometry": {"type": "Polygon", "coordinates": [[[9.5, 46.87], [10.0, 46.87], [10.0, 47.2], [9.5, 47.2], [9.5, 46.87]]]}, "properties": {"Title": "Foglio 8 - FOGLIO CARG", "DOI": "CARG-8", "URL": "https://www.isprambiente.gov.it/Media/carg/index.html", "Location": "Italy Grid", "Type": "Official Map"}}, {"type": "Feature", "geometry": {"type": "Polygon", "coordinates": [[[10.0, 46.87], [10.5, 46.87], [10.5, 47.2], [10.0, 47.2], [10.0, 46.87]]]}, "properties": {"Title": "Foglio 9 - FOGLIO CARG", "DOI": "CARG-9", "URL": "https://www.isprambiente.gov.it/Media/carg/index.html", "Location": "Italy Grid", "Type": "Official Map"}}, {"type": "Feature", "geometry": {"type": "Polygon", "coordinates": [[[10.5, 46.87], [11.0, 46.87], [11.0, 47.2], [10.5, 47.2], [10.5, 46.87]]]}, "properties": {"Title": "Foglio 10 - FOGLIO CARG", "DOI": "CARG-10", "URL": "https://www.isprambiente.gov.it/Media/carg/index.html", "Location": "Italy Grid", "Type": "Official Map"}}, {"type": "Feature", "geometry": {"type": "Polygon", "coordinates": [[[11.0, 46.87], [11.5, 46.87], [11.5, 47.2], [11.0, 47.2], [11.0, 46.87]]]}, "properties": {"Title": "Foglio 11 - FOGLIO CARG", "DOI": "CARG-11", "URL": "https://www.isprambiente.gov.it/Media/carg/index.html", "Location": "Italy Grid", "Type": "Official Map"}}, {"type": "Feature", "geometry": {"type": "Polygon", "coordinates": [[[11.5, 46.87], [12.0, 46.87], [12.0, 47.2], [11.5, 47.2], [11.5, 46.87]]]}, "properties": {"Title": "Foglio 12 - FOGLIO CARG", "DOI": "CARG-12", "URL": "https://www.isprambiente.gov.it/Media/carg/index.html", "Location": "Italy Grid", "Type": "Official Map"}}, {"type": "Feature", "geometry": {"type": "Polygon", "coordinates": [[[12.0, 46.87], [12.5, 46.87], [12.5, 47.2], [12.0, 47.2], [12.0, 46.87]]]}, "properties": {"Title": "Foglio 13 - FOGLIO CARG", "DOI": "CARG-13", "URL": "https://www.isprambiente.gov.it/Media/carg/index.html", "Location": "Italy Grid", "Type": "Official Map"}}, {"type": "Feature", "geometry": {"type": "Polygon", "coordinates": [[[12.5, 46.87], [13.0, 46.87], [13.0, 47.2], [12.5, 47.2], [12.5, 46.87]]]}, "properties": {"Title": "Foglio 14 - DOBBIACO", "DOI": "CARG-14", "URL": "https://www.isprambiente.gov.it/Media/carg/014_DOBBIACO/Foglio.html", "Location": "Italy Grid", "Type": "Official Map"}}, {"type": "Feature", "geometry": {"type": "Polygon", "coordinates": [[[13.0, 46.87], [13.5, 46.87], [13.5, 47.2], [13.0, 47.2], [13.0, 46.87]]]}, "properties": {"Title": "Foglio 15 - VIPITENO", "DOI": "CARG-15", "URL": "https://www.isprambiente.gov.it/Media/carg/015_VIPITENO/Foglio.html", "Location": "Italy Grid", "Type": "Official Map"}}, {"type": "Feature", "geometry": {"type": "Polygon", "coordinates": [[[13.5, 46.87], [14.0, 46.87], [14.0, 47.2], [13.5, 47.2], [13.5, 46.87]]]}, "properties": {"Title": "Foglio 16 - BRUNICO", "DOI": "CARG-16", "URL": "https://www.isprambiente.gov.it/Media/carg/016_BRUNICO/Foglio.html", "Location": "Italy Grid", "Type": "Official Map"}}, {"type": "Feature", "geometry": {"type": "Polygon", "coordinates": [[[14.0, 46.87], [14.5, 46.87], [14.5, 47.2], [14.0, 47.2], [14.0, 46.87]]]}, "properties": {"Title": "Foglio 17 - FOGLIO CARG", "DOI": "CARG-17", "URL": "https://www.isprambiente.gov.it/Media/carg/index.html", "Location": "Italy Grid", "Type": "Official Map"}}, {"type": "Feature", "geometry": {"type": "Polygon", "coordinates": [[[14.5, 46.87], [15.0, 46.87], [15.0, 47.2], [14.5, 47.2], [14.5, 46.87]]]}, "properties": {"Title": "Foglio 18 - FOGLIO CARG", "DOI": "CARG-18", "URL": "https://www.isprambiente.gov.it/Media/carg/index.html", "Location": "Italy Grid", "Type": "Official Map"}}, {"type": "Feature", "geometry": {"type": "Polygon", "coordinates": [[[15.0, 46.87], [15.5, 46.87], [15.5, 47.2], [15.0, 47.2], [15.0, 46.87]]]}, "properties": {"Title": "Foglio 19 - FOGLIO CARG", "DOI": "CARG-19", "URL": "https://www.isprambiente.gov.it/Media/carg/index.html", "Location": "Italy Grid", "Type": "Official Map"}}, {"type": "Feature", "geometry": {"type": "Polygon", "coordinates": [[[15.5, 46.87], [16.0, 46.87], [16.0, 47.2], [15.5, 47.2], [15.5, 46.87]]]}, "properties": {"Title": "Foglio 20 - FOGLIO CARG", "DOI": "CARG-20", "URL": "https://www.isprambiente.gov.it/Media/carg/index.html", "Location": "Italy Grid", "Type": "Official Map"}}, {"type": "Feature", "geometry": {"type": "Polygon", "coordinates": [[[16.0, 46.87], [16.5, 46.87], [16.5, 47.2], [16.0, 47.2], [16.0, 46.87]]]}, "properties": {"Title": "Foglio 21 - FOGLIO CARG", "DOI": "CARG-21", "URL": "https://www.isprambiente.gov.it/Media/carg/index.html", "Location": "Italy Grid", "Type": "Official Map"}}, {"type": "Feature", "geometry": {"type": "Polygon", "coordinates": [[[16.5, 46.87], [17.0, 46.87], [17.0, 47.2], [16.5, 47.2], [16.5, 46.87]]]}, "properties": {"Title": "Foglio 22 - FOGLIO CARG", "DOI": "CARG-22", "URL": "https://www.isprambiente.gov.it/Media/carg/index.html", "Location": "Italy Grid", "Type": "Official Map"}}, {"type": "Feature", "geometry": {"type": "Polygon", "coordinates": [[[17.0, 46.87], [17.5, 46.87], [17.5, 47.2], [17.0, 47.2], [17.0, 46.87]]]}, "properties": {"Title": "Foglio 23 - FOGLIO CARG", "DOI": "CARG-23", "URL": "https://www.isprambiente.gov.it/Media/carg/index.html", "Location": "Italy Grid", "Type": "Official Map"}}, {"type": "Feature", "geometry": {"type": "Polygon", "coordinates": [[[17.5, 46.87], [18.0, 46.87], [18.0, 47.2], [17.5, 47.2], [17.5, 46.87]]]}, "properties": {"Title": "Foglio 24 - BORMIO", "DOI": "CARG-24", "URL": "https://www.isprambiente.gov.it/Media/carg/024_BORMIO/Foglio.html", "Location": "Italy Grid", "Type": "Official Map"}}, {"type": "Feature", "geometry": {"type": "Polygon", "coordinates": [[[6.0, 46.54], [6.5, 46.54], [6.5, 46.87], [6.0, 46.87], [6.0, 46.54]]]}, "properties": {"Title": "Foglio 25 - FOGLIO CARG", "DOI": "CARG-25", "URL": "https://www.isprambiente.gov.it/Media/carg/index.html", "Location": "Italy Grid", "Type": "Official Map"}}, {"type": "Feature", "geometry": {"type": "Polygon", "coordinates": [[[6.5, 46.54], [7.0, 46.54], [7.0, 46.87], [6.5, 46.87], [6.5, 46.54]]]}, "properties": {"Title": "Foglio 26 - APPIANO", "DOI": "CARG-26", "URL": "https://www.isprambiente.gov.it/Media/carg/026_APPIANO/Foglio.html", "Location": "Italy Grid", "Type": "Official Map"}}, {"type": "Feature", "geometry": {"type": "Polygon", "coordinates": [[[7.0, 46.54], [7.5, 46.54], [7.5, 46.87], [7.0, 46.87], [7.0, 46.54]]]}, "properties": {"Title": "Foglio 27 - BOLZANO", "DOI": "CARG-27", "URL": "https://www.isprambiente.gov.it/Media/carg/027_BOLZANO/Foglio.html", "Location": "Italy Grid", "Type": "Official Map"}}, {"type": "Feature", "geometry": {"type": "Polygon", "coordinates": [[[7.5, 46.54], [8.0, 46.54], [8.0, 46.87], [7.5, 46.87], [7.5, 46.54]]]}, "properties": {"Title": "Foglio 28 - LA MARMOLADA", "DOI": "CARG-28", "URL": "https://www.isprambiente.gov.it/Media/carg/028_LA_MARMOLADA/Foglio.html", "Location": "Italy Grid", "Type": "Official Map"}}, {"type": "Feature", "geometry": {"type": "Polygon", "coordinates": [[[8.0, 46.54], [8.5, 46.54], [8.5, 46.87], [8.0, 46.87], [8.0, 46.54]]]}, "properties": {"Title": "Foglio 29 - CORTINA D'AMPEZZO", "DOI": "CARG-29", "URL": "https://www.isprambiente.gov.it/Media/carg/029_CORTINA_DAMPEZZO/Foglio.html", "Location": "Italy Grid", "Type": "Official Map"}}, {"type": "Feature", "geometry": {"type": "Polygon", "coordinates": [[[8.5, 46.54], [9.0, 46.54], [9.0, 46.87], [8.5, 46.87], [8.5, 46.54]]]}, "properties": {"Title": "Foglio 30 - FOGLIO CARG", "DOI": "CARG-30", "URL": "https://www.isprambiente.gov.it/Media/carg/index.html", "Location": "Italy Grid", "Type": "Official Map"}}, {"type": "Feature", "geometry": {"type": "Polygon", "coordinates": [[[9.0, 46.54], [9.5, 46.54], [9.5, 46.87], [9.0, 46.87], [9.0, 46.54]]]}, "properties": {"Title": "Foglio 31 - FOGLIO CARG", "DOI": "CARG-31", "URL": "https://www.isprambiente.gov.it/Media/carg/index.html", "Location": "Italy Grid", "Type": "Official Map"}}, {"type": "Feature", "geometry": {"type": "Polygon", "coordinates": [[[9.5, 46.54], [10.0, 46.54], [10.0, 46.87], [9.5, 46.87], [9.5, 46.54]]]}, "properties": {"Title": "Foglio 32 - FOGLIO CARG", "DOI": "CARG-32", "URL": "https://www.isprambiente.gov.it/Media/carg/index.html", "Location": "Italy Grid", "Type": "Official Map"}}, {"type": "Feature", "geometry": {"type": "Polygon", "coordinates": [[[10.0, 46.54], [10.5, 46.54], [10.5, 46.87], [10.0, 46.87], [10.0, 46.54]]]}, "properties": {"Title": "Foglio 33 - FOGLIO CARG", "DOI": "CARG-33", "URL": "https://www.isprambiente.gov.it/Media/carg/index.html", "Location": "Italy Grid", "Type": "Official Map"}}, {"type": "Feature", "geometry": {"type": "Polygon", "coordinates": [[[10.5, 46.54], [11.0, 46.54], [11.0, 46.87], [10.5, 46.87], [10.5, 46.54]]]}, "properties": {"Title": "Foglio 34 - FOGLIO CARG", "DOI": "CARG-34", "URL": "https://www.isprambiente.gov.it/Media/carg/index.html", "Location": "Italy Grid", "Type": "Official Map"}}, {"type": "Feature", "geometry": {"type": "Polygon", "coordinates": [[[11.0, 46.54], [11.5, 46.54], [11.5, 46.87], [11.0, 46.87], [11.0, 46.54]]]}, "properties": {"Title": "Foglio 35 - FOGLIO CARG", "DOI": "CARG-35", "URL": "https://www.isprambiente.gov.it/Media/carg/index.html", "Location": "Italy Grid", "Type": "Official Map"}}, {"type": "Feature", "geometry": {"type": "Polygon", "coordinates": [[[11.5, 46.54], [12.0, 46.54], [12.0, 46.87], [11.5, 46.87], [11.5, 46.54]]]}, "properties": {"Title": "Foglio 36 - FOGLIO CARG", "DOI": "CARG-36", "URL": "https://www.isprambiente.gov.it/Media/carg/index.html", "Location": "Italy Grid", "Type": "Official Map"}}, {"type": "Feature", "geometry": {"type": "Polygon", "coordinates": [[[12.0, 46.54], [12.5, 46.54], [12.5, 46.87], [12.0, 46.87], [12.0, 46.54]]]}, "properties": {"Title": "Foglio 37 - FOGLIO CARG", "DOI": "CARG-37", "URL": "https://www.isprambiente.gov.it/Media/carg/index.html", "Location": "Italy Grid", "Type": "Official Map"}}, {"type": "Feature", "geometry": {"type": "Polygon", "coordinates": [[[12.5, 46.54], [13.0, 46.54], [13.0, 46.87], [12.5, 46.87], [12.5, 46.54]]]}, "properties": {"Title": "Foglio 38 - FOGLIO CARG", "DOI": "CARG-38", "URL": "https://www.isprambiente.gov.it/Media/carg/index.html", "Location": "Italy Grid", "Type": "Official Map"}}, {"type": "Feature", "geometry": {"type": "Polygon", "coordinates": [[[13.0, 46.54], [13.5, 46.54], [13.5, 46.87], [13.0, 46.87], [13.0, 46.54]]]}, "properties": {"Title": "Foglio 39 - FOGLIO CARG", "DOI": "CARG-39", "URL": "https://www.isprambiente.gov.it/Media/carg/index.html", "Location": "Italy Grid", "Type": "Official Map"}}, {"type": "Feature", "geometry": {"type": "Polygon", "coordinates": [[[13.5, 46.54], [14.0, 46.54], [14.0, 46.87], [13.5, 46.87], [13.5, 46.54]]]}, "properties": {"Title": "Foglio 40 - FOGLIO CARG", "DOI": "CARG-40", "URL": "https://www.isprambiente.gov.it/Media/carg/index.html", "Location": "Italy Grid", "Type": "Official Map"}}, {"type": "Feature", "geometry": {"type": "Polygon", "coordinates": [[[14.0, 46.54], [14.5, 46.54], [14.5, 46.87], [14.0, 46.87], [14.0, 46.54]]]}, "properties": {"Title": "Foglio 41 - FOGLIO CARG", "DOI": "CARG-41", "URL": "https://www.isprambiente.gov.it/Media/carg/index.html", "Location": "Italy Grid", "Type": "Official Map"}}, {"type": "Feature", "geometry": {"type": "Polygon", "coordinates": [[[14.5, 46.54], [15.0, 46.54], [15.0, 46.87], [14.5, 46.87], [14.5, 46.54]]]}, "properties": {"Title": "Foglio 42 - COLICO", "DOI": "CARG-42", "URL": "https://www.isprambiente.gov.it/Media/carg/042_COLICO/Foglio.html", "Location": "Italy Grid", "Type": "Official Map"}}, {"type": "Feature", "geometry": {"type": "Polygon", "coordinates": [[[15.0, 46.54], [15.5, 46.54], [15.5, 46.87], [15.0, 46.87], [15.0, 46.54]]]}, "properties": {"Title": "Foglio 43 - SONDRIO", "DOI": "CARG-43", "URL": "https://www.isprambiente.gov.it/Media/carg/043_SONDRIO/Foglio.html", "Location": "Italy Grid", "Type": "Official Map"}}, {"type": "Feature", "geometry": {"type": "Polygon", "coordinates": [[[15.5, 46.54], [16.0, 46.54], [16.0, 46.87], [15.5, 46.87], [15.5, 46.54]]]}, "properties": {"Title": "Foglio 44 - ADAMELLO", "DOI": "CARG-44", "URL": "https://www.isprambiente.gov.it/Media/carg/044_ADAMELLO/Foglio.html", "Location": "Italy Grid", "Type": "Official Map"}}, {"type": "Feature", "geometry": {"type": "Polygon", "coordinates": [[[16.0, 46.54], [16.5, 46.54], [16.5, 46.87], [16.0, 46.87], [16.0, 46.54]]]}, "properties": {"Title": "Foglio 45 - FOGLIO CARG", "DOI": "CARG-45", "URL": "https://www.isprambiente.gov.it/Media/carg/index.html", "Location": "Italy Grid", "Type": "Official Map"}}, {"type": "Feature", "geometry": {"type": "Polygon", "coordinates": [[[16.5, 46.54], [17.0, 46.54], [17.0, 46.87], [16.5, 46.87], [16.5, 46.54]]]}, "properties": {"Title": "Foglio 46 - FOGLIO CARG", "DOI": "CARG-46", "URL": "https://www.isprambiente.gov.it/Media/carg/index.html", "Location": "Italy Grid", "Type": "Official Map"}}, {"type": "Feature", "geometry": {"type": "Polygon", "coordinates": [[[17.0, 46.54], [17.5, 46.54], [17.5, 46.87], [17.0, 46.87], [17.0, 46.54]]]}, "properties": {"Title": "Foglio 47 - FOGLIO CARG", "DOI": "CARG-47", "URL": "https://www.isprambiente.gov.it/Media/carg/index.html", "Location": "Italy Grid", "Type": "Official Map"}}, {"type": "Feature", "geometry": {"type": "Polygon", "coordinates": [[[17.5, 46.54], [18.0, 46.54], [18.0, 46.87], [17.5, 46.87], [17.5, 46.54]]]}, "properties": {"Title": "Foglio 48 - FOGLIO CARG", "DOI": "CARG-48", "URL": "https://www.isprambiente.gov.it/Media/carg/index.html", "Location": "Italy Grid", "Type": "Official Map"}}, {"type": "Feature", "geometry": {"type": "Polygon", "coordinates": [[[6.0, 46.21], [6.5, 46.21], [6.5, 46.54], [6.0, 46.54], [6.0, 46.21]]]}, "properties": {"Title": "Foglio 49 - FOGLIO CARG", "DOI": "CARG-49", "URL": "https://www.isprambiente.gov.it/Media/carg/index.html", "Location": "Italy Grid", "Type": "Official Map"}}, {"type": "Feature", "geometry": {"type": "Polygon", "coordinates": [[[6.5, 46.21], [7.0, 46.21], [7.0, 46.54], [6.5, 46.54], [6.5, 46.21]]]}, "properties": {"Title": "Foglio 50 - FOGLIO CARG", "DOI": "CARG-50", "URL": "https://www.isprambiente.gov.it/Media/carg/index.html", "Location": "Italy Grid", "Type": "Official Map"}}, {"type": "Feature", "geometry": {"type": "Polygon", "coordinates": [[[7.0, 46.21], [7.5, 46.21], [7.5, 46.54], [7.0, 46.54], [7.0, 46.21]]]}, "properties": {"Title": "Foglio 51 - FOGLIO CARG", "DOI": "CARG-51", "URL": "https://www.isprambiente.gov.it/Media/carg/index.html", "Location": "Italy Grid", "Type": "Official Map"}}, {"type": "Feature", "geometry": {"type": "Polygon", "coordinates": [[[7.5, 46.21], [8.0, 46.21], [8.0, 46.54], [7.5, 46.54], [7.5, 46.21]]]}, "properties": {"Title": "Foglio 52 - FOGLIO CARG", "DOI": "CARG-52", "URL": "https://www.isprambiente.gov.it/Media/carg/index.html", "Location": "Italy Grid", "Type": "Official Map"}}, {"type": "Feature", "geometry": {"type": "Polygon", "coordinates": [[[8.0, 46.21], [8.5, 46.21], [8.5, 46.54], [8.0, 46.54], [8.0, 46.21]]]}, "properties": {"Title": "Foglio 53 - FOGLIO CARG", "DOI": "CARG-53", "URL": "https://www.isprambiente.gov.it/Media/carg/index.html", "Location": "Italy Grid", "Type": "Official Map"}}, {"type": "Feature", "geometry": {"type": "Polygon", "coordinates": [[[8.5, 46.21], [9.0, 46.21], [9.0, 46.54], [8.5, 46.54], [8.5, 46.21]]]}, "properties": {"Title": "Foglio 54 - FOGLIO CARG", "DOI": "CARG-54", "URL": "https://www.isprambiente.gov.it/Media/carg/index.html", "Location": "Italy Grid", "Type": "Official Map"}}, {"type": "Feature", "geometry": {"type": "Polygon", "coordinates": [[[9.0, 46.21], [9.5, 46.21], [9.5, 46.54], [9.0, 46.54], [9.0, 46.21]]]}, "properties": {"Title": "Foglio 55 - FOGLIO CARG", "DOI": "CARG-55", "URL": "https://www.isprambiente.gov.it/Media/carg/index.html", "Location": "Italy Grid", "Type": "Official Map"}}, {"type": "Feature", "geometry": {"type": "Polygon", "coordinates": [[[9.5, 46.21], [10.0, 46.21], [10.0, 46.54], [9.5, 46.54], [9.5, 46.21]]]}, "properties": {"Title": "Foglio 56 - BRESCIA", "DOI": "CARG-56", "URL": "https://www.isprambiente.gov.it/Media/carg/056_BRESCIA/Foglio.html", "Location": "Italy Grid", "Type": "Official Map"}}, {"type": "Feature", "geometry": {"type": "Polygon", "coordinates": [[[10.0, 46.21], [10.5, 46.21], [10.5, 46.54], [10.0, 46.54], [10.0, 46.21]]]}, "properties": {"Title": "Foglio 57 - FOGLIO CARG", "DOI": "CARG-57", "URL": "https://www.isprambiente.gov.it/Media/carg/index.html", "Location": "Italy Grid", "Type": "Official Map"}}, {"type": "Feature", "geometry": {"type": "Polygon", "coordinates": [[[10.5, 46.21], [11.0, 46.21], [11.0, 46.54], [10.5, 46.54], [10.5, 46.21]]]}, "properties": {"Title": "Foglio 58 - FOGLIO CARG", "DOI": "CARG-58", "URL": "https://www.isprambiente.gov.it/Media/carg/index.html", "Location": "Italy Grid", "Type": "Official Map"}}, {"type": "Feature", "geometry": {"type": "Polygon", "coordinates": [[[11.0, 46.21], [11.5, 46.21], [11.5, 46.54], [11.0, 46.54], [11.0, 46.21]]]}, "properties": {"Title": "Foglio 59 - TRENTO", "DOI": "CARG-59", "URL": "https://www.isprambiente.gov.it/Media/carg/059_TRENTO/Foglio.html", "Location": "Italy Grid", "Type": "Official Map"}}, {"type": "Feature", "geometry": {"type": "Polygon", "coordinates": [[[11.5, 46.21], [12.0, 46.21], [12.0, 46.54], [11.5, 46.54], [11.5, 46.21]]]}, "properties": {"Title": "Foglio 60 - LEVICO", "DOI": "CARG-60", "URL": "https://www.isprambiente.gov.it/Media/carg/060_LEVICO/Foglio.html", "Location": "Italy Grid", "Type": "Official Map"}}, {"type": "Feature", "geometry": {"type": "Polygon", "coordinates": [[[12.0, 46.21], [12.5, 46.21], [12.5, 46.54], [12.0, 46.54], [12.0, 46.21]]]}, "properties": {"Title": "Foglio 61 - FOGLIO CARG", "DOI": "CARG-61", "URL": "https://www.isprambiente.gov.it/Media/carg/index.html", "Location": "Italy Grid", "Type": "Official Map"}}, {"type": "Feature", "geometry": {"type": "Polygon", "coordinates": [[[12.5, 46.21], [13.0, 46.21], [13.0, 46.54], [12.5, 46.54], [12.5, 46.21]]]}, "properties": {"Title": "Foglio 62 - FOGLIO CARG", "DOI": "CARG-62", "URL": "https://www.isprambiente.gov.it/Media/carg/index.html", "Location": "Italy Grid", "Type": "Official Map"}}, {"type": "Feature", "geometry": {"type": "Polygon", "coordinates": [[[13.0, 46.21], [13.5, 46.21], [13.5, 46.54], [13.0, 46.54], [13.0, 46.21]]]}, "properties": {"Title": "Foglio 63 - FOGLIO CARG", "DOI": "CARG-63", "URL": "https://www.isprambiente.gov.it/Media/carg/index.html", "Location": "Italy Grid", "Type": "Official Map"}}, {"type": "Feature", "geometry": {"type": "Polygon", "coordinates": [[[13.5, 46.21], [14.0, 46.21], [14.0, 46.54], [13.5, 46.54], [13.5, 46.21]]]}, "properties": {"Title": "Foglio 64 - FOGLIO CARG", "DOI": "CARG-64", "URL": "https://www.isprambiente.gov.it/Media/carg/index.html", "Location": "Italy Grid", "Type": "Official Map"}}, {"type": "Feature", "geometry": {"type": "Polygon", "coordinates": [[[14.0, 46.21], [14.5, 46.21], [14.5, 46.54], [14.0, 46.54], [14.0, 46.21]]]}, "properties": {"Title": "Foglio 65 - FOGLIO CARG", "DOI": "CARG-65", "URL": "https://www.isprambiente.gov.it/Media/carg/index.html", "Location": "Italy Grid", "Type": "Official Map"}}, {"type": "Feature", "geometry": {"type": "Polygon", "coordinates": [[[14.5, 46.21], [15.0, 46.21], [15.0, 46.54], [14.5, 46.54], [14.5, 46.21]]]}, "properties": {"Title": "Foglio 66 - UDINE", "DOI": "CARG-66", "URL": "https://www.isprambiente.gov.it/Media/carg/066_UDINE/Foglio.html", "Location": "Italy Grid", "Type": "Official Map"}}, {"type": "Feature", "geometry": {"type": "Polygon", "coordinates": [[[15.0, 46.21], [15.5, 46.21], [15.5, 46.54], [15.0, 46.54], [15.0, 46.21]]]}, "properties": {"Title": "Foglio 67 - FOGLIO CARG", "DOI": "CARG-67", "URL": "https://www.isprambiente.gov.it/Media/carg/index.html", "Location": "Italy Grid", "Type": "Official Map"}}, {"type": "Feature", "geometry": {"type": "Polygon", "coordinates": [[[15.5, 46.21], [16.0, 46.21], [16.0, 46.54], [15.5, 46.54], [15.5, 46.21]]]}, "properties": {"Title": "Foglio 68 - FOGLIO CARG", "DOI": "CARG-68", "URL": "https://www.isprambiente.gov.it/Media/carg/index.html", "Location": "Italy Grid", "Type": "Official Map"}}, {"type": "Feature", "geometry": {"type": "Polygon", "coordinates": [[[16.0, 46.21], [16.5, 46.21], [16.5, 46.54], [16.0, 46.54], [16.0, 46.21]]]}, "properties": {"Title": "Foglio 69 - FOGLIO CARG", "DOI": "CARG-69", "URL": "https://www.isprambiente.gov.it/Media/carg/index.html", "Location": "Italy Grid", "Type": "Official Map"}}, {"type": "Feature", "geometry": {"type": "Polygon", "coordinates": [[[16.5, 46.21], [17.0, 46.21], [17.0, 46.54], [16.5, 46.54], [16.5, 46.21]]]}, "properties": {"Title": "Foglio 70 - FOGLIO CARG", "DOI": "CARG-70", "URL": "https://www.isprambiente.gov.it/Media/carg/index.html", "Location": "Italy Grid", "Type": "Official Map"}}, {"type": "Feature", "geometry": {"type": "Polygon", "coordinates": [[[17.0, 46.21], [17.5, 46.21], [17.5, 46.54], [17.0, 46.54], [17.0, 46.21]]]}, "properties": {"Title": "Foglio 71 - FOGLIO CARG", "DOI": "CARG-71", "URL": "https://www.isprambiente.gov.it/Media/carg/index.html", "Location": "Italy Grid", "Type": "Official Map"}}, {"type": "Feature", "geometry": {"type": "Polygon", "coordinates": [[[17.5, 46.21], [18.0, 46.21], [18.0, 46.54], [17.5, 46.54], [17.5, 46.21]]]}, "properties": {"Title": "Foglio 72 - FOGLIO CARG", "DOI": "CARG-72", "URL": "https://www.isprambiente.gov.it/Media/carg/index.html", "Location": "Italy Grid", "Type": "Official Map"}}, {"type": "Feature", "geometry": {"type": "Polygon", "coordinates": [[[6.0, 45.88], [6.5, 45.88], [6.5, 46.21], [6.0, 46.21], [6.0, 45.88]]]}, "properties": {"Title": "Foglio 73 - FOGLIO CARG", "DOI": "CARG-73", "URL": "https://www.isprambiente.gov.it/Media/carg/index.html", "Location": "Italy Grid", "Type": "Official Map"}}, {"type": "Feature", "geometry": {"type": "Polygon", "coordinates": [[[6.5, 45.88], [7.0, 45.88], [7.0, 46.21], [6.5, 46.21], [6.5, 45.88]]]}, "properties": {"Title": "Foglio 74 - FOGLIO CARG", "DOI": "CARG-74", "URL": "https://www.isprambiente.gov.it/Media/carg/index.html", "Location": "Italy Grid", "Type": "Official Map"}}, {"type": "Feature", "geometry": {"type": "Polygon", "coordinates": [[[7.0, 45.88], [7.5, 45.88], [7.5, 46.21], [7.0, 46.21], [7.0, 45.88]]]}, "properties": {"Title": "Foglio 75 - FOGLIO CARG", "DOI": "CARG-75", "URL": "https://www.isprambiente.gov.it/Media/carg/index.html", "Location": "Italy Grid", "Type": "Official Map"}}, {"type": "Feature", "geometry": {"type": "Polygon", "coordinates": [[[7.5, 45.88], [8.0, 45.88], [8.0, 46.21], [7.5, 46.21], [7.5, 45.88]]]}, "properties": {"Title": "Foglio 76 - FOGLIO CARG", "DOI": "CARG-76", "URL": "https://www.isprambiente.gov.it/Media/carg/index.html", "Location": "Italy Grid", "Type": "Official Map"}}, {"type": "Feature", "geometry": {"type": "Polygon", "coordinates": [[[8.0, 45.88], [8.5, 45.88], [8.5, 46.21], [8.0, 46.21], [8.0, 45.88]]]}, "properties": {"Title": "Foglio 77 - FOGLIO CARG", "DOI": "CARG-77", "URL": "https://www.isprambiente.gov.it/Media/carg/index.html", "Location": "Italy Grid", "Type": "Official Map"}}, {"type": "Feature", "geometry": {"type": "Polygon", "coordinates": [[[8.5, 45.88], [9.0, 45.88], [9.0, 46.21], [8.5, 46.21], [8.5, 45.88]]]}, "properties": {"Title": "Foglio 78 - FOGLIO CARG", "DOI": "CARG-78", "URL": "https://www.isprambiente.gov.it/Media/carg/index.html", "Location": "Italy Grid", "Type": "Official Map"}}, {"type": "Feature", "geometry": {"type": "Polygon", "coordinates": [[[9.0, 45.88], [9.5, 45.88], [9.5, 46.21], [9.0, 46.21], [9.0, 45.88]]]}, "properties": {"Title": "Foglio 79 - FOGLIO CARG", "DOI": "CARG-79", "URL": "https://www.isprambiente.gov.it/Media/carg/index.html", "Location": "Italy Grid", "Type": "Official Map"}}, {"type": "Feature", "geometry": {"type": "Polygon", "coordinates": [[[9.5, 45.88], [10.0, 45.88], [10.0, 46.21], [9.5, 46.21], [9.5, 45.88]]]}, "properties": {"Title": "Foglio 80 - FOGLIO CARG", "DOI": "CARG-80", "URL": "https://www.isprambiente.gov.it/Media/carg/index.html", "Location": "Italy Grid", "Type": "Official Map"}}, {"type": "Feature", "geometry": {"type": "Polygon", "coordinates": [[[10.0, 45.88], [10.5, 45.88], [10.5, 46.21], [10.0, 46.21], [10.0, 45.88]]]}, "properties": {"Title": "Foglio 81 - FOGLIO CARG", "DOI": "CARG-81", "URL": "https://www.isprambiente.gov.it/Media/carg/index.html", "Location": "Italy Grid", "Type": "Official Map"}}, {"type": "Feature", "geometry": {"type": "Polygon", "coordinates": [[[10.5, 45.88], [11.0, 45.88], [11.0, 46.21], [10.5, 46.21], [10.5, 45.88]]]}, "properties": {"Title": "Foglio 82 - FOGLIO CARG", "DOI": "CARG-82", "URL": "https://www.isprambiente.gov.it/Media/carg/index.html", "Location": "Italy Grid", "Type": "Official Map"}}, {"type": "Feature", "geometry": {"type": "Polygon", "coordinates": [[[11.0, 45.88], [11.5, 45.88], [11.5, 46.21], [11.0, 46.21], [11.0, 45.88]]]}, "properties": {"Title": "Foglio 83 - FOGLIO CARG", "DOI": "CARG-83", "URL": "https://www.isprambiente.gov.it/Media/carg/index.html", "Location": "Italy Grid", "Type": "Official Map"}}, {"type": "Feature", "geometry": {"type": "Polygon", "coordinates": [[[11.5, 45.88], [12.0, 45.88], [12.0, 46.21], [11.5, 46.21], [11.5, 45.88]]]}, "properties": {"Title": "Foglio 84 - FOGLIO CARG", "DOI": "CARG-84", "URL": "https://www.isprambiente.gov.it/Media/carg/index.html", "Location": "Italy Grid", "Type": "Official Map"}}, {"type": "Feature", "geometry": {"type": "Polygon", "coordinates": [[[12.0, 45.88], [12.5, 45.88], [12.5, 46.21], [12.0, 46.21], [12.0, 45.88]]]}, "properties": {"Title": "Foglio 85 - FOGLIO CARG", "DOI": "CARG-85", "URL": "https://www.isprambiente.gov.it/Media/carg/index.html", "Location": "Italy Grid", "Type": "Official Map"}}, {"type": "Feature", "geometry": {"type": "Polygon", "coordinates": [[[12.5, 45.88], [13.0, 45.88], [13.0, 46.21], [12.5, 46.21], [12.5, 45.88]]]}, "properties": {"Title": "Foglio 86 - FOGLIO CARG", "DOI": "CARG-86", "URL": "https://www.isprambiente.gov.it/Media/carg/index.html", "Location": "Italy Grid", "Type": "Official Map"}}, {"type": "Feature", "geometry": {"type": "Polygon", "coordinates": [[[13.0, 45.88], [13.5, 45.88], [13.5, 46.21], [13.0, 46.21], [13.0, 45.88]]]}, "properties": {"Title": "Foglio 87 - FOGLIO CARG", "DOI": "CARG-87", "URL": "https://www.isprambiente.gov.it/Media/carg/index.html", "Location": "Italy Grid", "Type": "Official Map"}}, {"type": "Feature", "geometry": {"type": "Polygon", "coordinates": [[[13.5, 45.88], [14.0, 45.88], [14.0, 46.21], [13.5, 46.21], [13.5, 45.88]]]}, "properties": {"Title": "Foglio 88 - TRIESTE", "DOI": "CARG-88", "URL": "https://www.isprambiente.gov.it/Media/carg/088_TRIESTE/Foglio.html", "Location": "Italy Grid", "Type": "Official Map"}}, {"type": "Feature", "geometry": {"type": "Polygon", "coordinates": [[[14.0, 45.88], [14.5, 45.88], [14.5, 46.21], [14.0, 46.21], [14.0, 45.88]]]}, "properties": {"Title": "Foglio 89 - FOGLIO CARG", "DOI": "CARG-89", "URL": "https://www.isprambiente.gov.it/Media/carg/index.html", "Location": "Italy Grid", "Type": "Official Map"}}, {"type": "Feature", "geometry": {"type": "Polygon", "coordinates": [[[14.5, 45.88], [15.0, 45.88], [15.0, 46.21], [14.5, 46.21], [14.5, 45.88]]]}, "properties": {"Title": "Foglio 90 - FOGLIO CARG", "DOI": "CARG-90", "URL": "https://www.isprambiente.gov.it/Media/carg/index.html", "Location": "Italy Grid", "Type": "Official Map"}}, {"type": "Feature", "geometry": {"type": "Polygon", "coordinates": [[[15.0, 45.88], [15.5, 45.88], [15.5, 46.21], [15.0, 46.21], [15.0, 45.88]]]}, "properties": {"Title": "Foglio 91 - CHATILLON", "DOI": "CARG-91", "URL": "https://www.isprambiente.gov.it/Media/carg/091_CHATILLON/Foglio.html", "Location": "Italy Grid", "Type": "Official Map"}}, {"type": "Feature", "geometry": {"type": "Polygon", "coordinates": [[[15.5, 45.88], [16.0, 45.88], [16.0, 46.21], [15.5, 46.21], [15.5, 45.88]]]}, "properties": {"Title": "Foglio 92 - AOSTA", "DOI": "CARG-92", "URL": "https://www.isprambiente.gov.it/Media/carg/092_AOSTA/Foglio.html", "Location": "Italy Grid", "Type": "Official Map"}}, {"type": "Feature", "geometry": {"type": "Polygon", "coordinates": [[[16.0, 45.88], [16.5, 45.88], [16.5, 46.21], [16.0, 46.21], [16.0, 45.88]]]}, "properties": {"Title": "Foglio 93 - FOGLIO CARG", "DOI": "CARG-93", "URL": "https://www.isprambiente.gov.it/Media/carg/index.html", "Location": "Italy Grid", "Type": "Official Map"}}, {"type": "Feature", "geometry": {"type": "Polygon", "coordinates": [[[16.5, 45.88], [17.0, 45.88], [17.0, 46.21], [16.5, 46.21], [16.5, 45.88]]]}, "properties": {"Title": "Foglio 94 - FOGLIO CARG", "DOI": "CARG-94", "URL": "https://www.isprambiente.gov.it/Media/carg/index.html", "Location": "Italy Grid", "Type": "Official Map"}}, {"type": "Feature", "geometry": {"type": "Polygon", "coordinates": [[[17.0, 45.88], [17.5, 45.88], [17.5, 46.21], [17.0, 46.21], [17.0, 45.88]]]}, "properties": {"Title": "Foglio 95 - FOGLIO CARG", "DOI": "CARG-95", "URL": "https://www.isprambiente.gov.it/Media/carg/index.html", "Location": "Italy Grid", "Type": "Official Map"}}, {"type": "Feature", "geometry": {"type": "Polygon", "coordinates": [[[17.5, 45.88], [18.0, 45.88], [18.0, 46.21], [17.5, 46.21], [17.5, 45.88]]]}, "properties": {"Title": "Foglio 96 - FOGLIO CARG", "DOI": "CARG-96", "URL": "https://www.isprambiente.gov.it/Media/carg/index.html", "Location": "Italy Grid", "Type": "Official Map"}}, {"type": "Feature", "geometry": {"type": "Polygon", "coordinates": [[[6.0, 45.55], [6.5, 45.55], [6.5, 45.88], [6.0, 45.88], [6.0, 45.55]]]}, "properties": {"Title": "Foglio 97 - FOGLIO CARG", "DOI": "CARG-97", "URL": "https://www.isprambiente.gov.it/Media/carg/index.html", "Location": "Italy Grid", "Type": "Official Map"}}, {"type": "Feature", "geometry": {"type": "Polygon", "coordinates": [[[6.5, 45.55], [7.0, 45.55], [7.0, 45.88], [6.5, 45.88], [6.5, 45.55]]]}, "properties": {"Title": "Foglio 98 - FOGLIO CARG", "DOI": "CARG-98", "URL": "https://www.isprambiente.gov.it/Media/carg/index.html", "Location": "Italy Grid", "Type": "Official Map"}}, {"type": "Feature", "geometry": {"type": "Polygon", "coordinates": [[[7.0, 45.55], [7.5, 45.55], [7.5, 45.88], [7.0, 45.88], [7.0, 45.55]]]}, "properties": {"Title": "Foglio 99 - FOGLIO CARG", "DOI": "CARG-99", "URL": "https://www.isprambiente.gov.it/Media/carg/index.html", "Location": "Italy Grid", "Type": "Official Map"}}, {"type": "Feature", "geometry": {"type": "Polygon", "coordinates": [[[7.5, 45.55], [8.0, 45.55], [8.0, 45.88], [7.5, 45.88], [7.5, 45.55]]]}, "properties": {"Title": "Foglio 100 - FOGLIO CARG", "DOI": "CARG-100", "URL": "https://www.isprambiente.gov.it/Media/carg/index.html", "Location": "Italy Grid", "Type": "Official Map"}}, {"type": "Feature", "geometry": {"type": "Polygon", "coordinates": [[[8.0, 45.55], [8.5, 45.55], [8.5, 45.88], [8.0, 45.88], [8.0, 45.55]]]}, "properties": {"Title": "Foglio 101 - FOGLIO CARG", "DOI": "CARG-101", "URL": "https://www.isprambiente.gov.it/Media/carg/index.html", "Location": "Italy Grid", "Type": "Official Map"}}, {"type": "Feature", "geometry": {"type": "Polygon", "coordinates": [[[8.5, 45.55], [9.0, 45.55], [9.0, 45.88], [8.5, 45.88], [8.5, 45.55]]]}, "properties": {"Title": "Foglio 102 - FOGLIO CARG", "DOI": "CARG-102", "URL": "https://www.isprambiente.gov.it/Media/carg/index.html", "Location": "Italy Grid", "Type": "Official Map"}}, {"type": "Feature", "geometry": {"type": "Polygon", "coordinates": [[[9.0, 45.55], [9.5, 45.55], [9.5, 45.88], [9.0, 45.88], [9.0, 45.55]]]}, "properties": {"Title": "Foglio 103 - FOGLIO CARG", "DOI": "CARG-103", "URL": "https://www.isprambiente.gov.it/Media/carg/index.html", "Location": "Italy Grid", "Type": "Official Map"}}, {"type": "Feature", "geometry": {"type": "Polygon", "coordinates": [[[9.5, 45.55], [10.0, 45.55], [10.0, 45.88], [9.5, 45.88], [9.5, 45.55]]]}, "properties": {"Title": "Foglio 104 - FOGLIO CARG", "DOI": "CARG-104", "URL": "https://www.isprambiente.gov.it/Media/carg/index.html", "Location": "Italy Grid", "Type": "Official Map"}}, {"type": "Feature", "geometry": {"type": "Polygon", "coordinates": [[[10.0, 45.55], [10.5, 45.55], [10.5, 45.88], [10.0, 45.88], [10.0, 45.55]]]}, "properties": {"Title": "Foglio 105 - FOGLIO CARG", "DOI": "CARG-105", "URL": "https://www.isprambiente.gov.it/Media/carg/index.html", "Location": "Italy Grid", "Type": "Official Map"}}, {"type": "Feature", "geometry": {"type": "Polygon", "coordinates": [[[10.5, 45.55], [11.0, 45.55], [11.0, 45.88], [10.5, 45.88], [10.5, 45.55]]]}, "properties": {"Title": "Foglio 106 - FOGLIO CARG", "DOI": "CARG-106", "URL": "https://www.isprambiente.gov.it/Media/carg/index.html", "Location": "Italy Grid", "Type": "Official Map"}}, {"type": "Feature", "geometry": {"type": "Polygon", "coordinates": [[[11.0, 45.55], [11.5, 45.55], [11.5, 45.88], [11.0, 45.88], [11.0, 45.55]]]}, "properties": {"Title": "Foglio 107 - FOGLIO CARG", "DOI": "CARG-107", "URL": "https://www.isprambiente.gov.it/Media/carg/index.html", "Location": "Italy Grid", "Type": "Official Map"}}, {"type": "Feature", "geometry": {"type": "Polygon", "coordinates": [[[11.5, 45.55], [12.0, 45.55], [12.0, 45.88], [11.5, 45.88], [11.5, 45.55]]]}, "properties": {"Title": "Foglio 108 - FOGLIO CARG", "DOI": "CARG-108", "URL": "https://www.isprambiente.gov.it/Media/carg/index.html", "Location": "Italy Grid", "Type": "Official Map"}}, {"type": "Feature", "geometry": {"type": "Polygon", "coordinates": [[[12.0, 45.55], [12.5, 45.55], [12.5, 45.88], [12.0, 45.88], [12.0, 45.55]]]}, "properties": {"Title": "Foglio 109 - FOGLIO CARG", "DOI": "CARG-109", "URL": "https://www.isprambiente.gov.it/Media/carg/index.html", "Location": "Italy Grid", "Type": "Official Map"}}, {"type": "Feature", "geometry": {"type": "Polygon", "coordinates": [[[12.5, 45.55], [13.0, 45.55], [13.0, 45.88], [12.5, 45.88], [12.5, 45.55]]]}, "properties": {"Title": "Foglio 110 - FOGLIO CARG", "DOI": "CARG-110", "URL": "https://www.isprambiente.gov.it/Media/carg/index.html", "Location": "Italy Grid", "Type": "Official Map"}}, {"type": "Feature", "geometry": {"type": "Polygon", "coordinates": [[[13.0, 45.55], [13.5, 45.55], [13.5, 45.88], [13.0, 45.88], [13.0, 45.55]]]}, "properties": {"Title": "Foglio 111 - FOGLIO CARG", "DOI": "CARG-111", "URL": "https://www.isprambiente.gov.it/Media/carg/index.html", "Location": "Italy Grid", "Type": "Official Map"}}, {"type": "Feature", "geometry": {"type": "Polygon", "coordinates": [[[13.5, 45.55], [14.0, 45.55], [14.0, 45.88], [13.5, 45.88], [13.5, 45.55]]]}, "properties": {"Title": "Foglio 112 - FOGLIO CARG", "DOI": "CARG-112", "URL": "https://www.isprambiente.gov.it/Media/carg/index.html", "Location": "Italy Grid", "Type": "Official Map"}}, {"type": "Feature", "geometry": {"type": "Polygon", "coordinates": [[[14.0, 45.55], [14.5, 45.55], [14.5, 45.88], [14.0, 45.88], [14.0, 45.55]]]}, "properties": {"Title": "Foglio 113 - FOGLIO CARG", "DOI": "CARG-113", "URL": "https://www.isprambiente.gov.it/Media/carg/index.html", "Location": "Italy Grid", "Type": "Official Map"}}, {"type": "Feature", "geometry": {"type": "Polygon", "coordinates": [[[14.5, 45.55], [15.0, 45.55], [15.0, 45.88], [14.5, 45.88], [14.5, 45.55]]]}, "properties": {"Title": "Foglio 114 - FOGLIO CARG", "DOI": "CARG-114", "URL": "https://www.isprambiente.gov.it/Media/carg/index.html", "Location": "Italy Grid", "Type": "Official Map"}}, {"type": "Feature", "geometry": {"type": "Polygon", "coordinates": [[[15.0, 45.55], [15.5, 45.55], [15.5, 45.88], [15.0, 45.88], [15.0, 45.55]]]}, "properties": {"Title": "Foglio 115 - FOGLIO CARG", "DOI": "CARG-115", "URL": "https://www.isprambiente.gov.it/Media/carg/index.html", "Location": "Italy Grid", "Type": "Official Map"}}, {"type": "Feature", "geometry": {"type": "Polygon", "coordinates": [[[15.5, 45.55], [16.0, 45.55], [16.0, 45.88], [15.5, 45.88], [15.5, 45.55]]]}, "properties": {"Title": "Foglio 116 - FOGLIO CARG", "DOI": "CARG-116", "URL": "https://www.isprambiente.gov.it/Media/carg/index.html", "Location": "Italy Grid", "Type": "Official Map"}}, {"type": "Feature", "geometry": {"type": "Polygon", "coordinates": [[[16.0, 45.55], [16.5, 45.55], [16.5, 45.88], [16.0, 45.88], [16.0, 45.55]]]}, "properties": {"Title": "Foglio 117 - FOGLIO CARG", "DOI": "CARG-117", "URL": "https://www.isprambiente.gov.it/Media/carg/index.html", "Location": "Italy Grid", "Type": "Official Map"}}, {"type": "Feature", "geometry": {"type": "Polygon", "coordinates": [[[16.5, 45.55], [17.0, 45.55], [17.0, 45.88], [16.5, 45.88], [16.5, 45.55]]]}, "properties": {"Title": "Foglio 118 - MILANO", "DOI": "CARG-118", "URL": "https://www.isprambiente.gov.it/Media/carg/118_MILANO/Foglio.html", "Location": "Italy Grid", "Type": "Official Map"}}, {"type": "Feature", "geometry": {"type": "Polygon", "coordinates": [[[17.0, 45.55], [17.5, 45.55], [17.5, 45.88], [17.0, 45.88], [17.0, 45.55]]]}, "properties": {"Title": "Foglio 119 - FOGLIO CARG", "DOI": "CARG-119", "URL": "https://www.isprambiente.gov.it/Media/carg/index.html", "Location": "Italy Grid", "Type": "Official Map"}}, {"type": "Feature", "geometry": {"type": "Polygon", "coordinates": [[[17.5, 45.55], [18.0, 45.55], [18.0, 45.88], [17.5, 45.88], [17.5, 45.55]]]}, "properties": {"Title": "Foglio 120 - FOGLIO CARG", "DOI": "CARG-120", "URL": "https://www.isprambiente.gov.it/Media/carg/index.html", "Location": "Italy Grid", "Type": "Official Map"}}, {"type": "Feature", "geometry": {"type": "Polygon", "coordinates": [[[6.0, 45.22], [6.5, 45.22], [6.5, 45.55], [6.0, 45.55], [6.0, 45.22]]]}, "properties": {"Title": "Foglio 121 - FOGLIO CARG", "DOI": "CARG-121", "URL": "https://www.isprambiente.gov.it/Media/carg/index.html", "Location": "Italy Grid", "Type": "Official Map"}}, {"type": "Feature", "geometry": {"type": "Polygon", "coordinates": [[[6.5, 45.22], [7.0, 45.22], [7.0, 45.55], [6.5, 45.55], [6.5, 45.22]]]}, "properties": {"Title": "Foglio 122 - FOGLIO CARG", "DOI": "CARG-122", "URL": "https://www.isprambiente.gov.it/Media/carg/index.html", "Location": "Italy Grid", "Type": "Official Map"}}, {"type": "Feature", "geometry": {"type": "Polygon", "coordinates": [[[7.0, 45.22], [7.5, 45.22], [7.5, 45.55], [7.0, 45.55], [7.0, 45.22]]]}, "properties": {"Title": "Foglio 123 - FOGLIO CARG", "DOI": "CARG-123", "URL": "https://www.isprambiente.gov.it/Media/carg/index.html", "Location": "Italy Grid", "Type": "Official Map"}}, {"type": "Feature", "geometry": {"type": "Polygon", "coordinates": [[[7.5, 45.22], [8.0, 45.22], [8.0, 45.55], [7.5, 45.55], [7.5, 45.22]]]}, "properties": {"Title": "Foglio 124 - FOGLIO CARG", "DOI": "CARG-124", "URL": "https://www.isprambiente.gov.it/Media/carg/index.html", "Location": "Italy Grid", "Type": "Official Map"}}, {"type": "Feature", "geometry": {"type": "Polygon", "coordinates": [[[8.0, 45.22], [8.5, 45.22], [8.5, 45.55], [8.0, 45.55], [8.0, 45.22]]]}, "properties": {"Title": "Foglio 125 - FOGLIO CARG", "DOI": "CARG-125", "URL": "https://www.isprambiente.gov.it/Media/carg/index.html", "Location": "Italy Grid", "Type": "Official Map"}}, {"type": "Feature", "geometry": {"type": "Polygon", "coordinates": [[[8.5, 45.22], [9.0, 45.22], [9.0, 45.55], [8.5, 45.55], [8.5, 45.22]]]}, "properties": {"Title": "Foglio 126 - FOGLIO CARG", "DOI": "CARG-126", "URL": "https://www.isprambiente.gov.it/Media/carg/index.html", "Location": "Italy Grid", "Type": "Official Map"}}, {"type": "Feature", "geometry": {"type": "Polygon", "coordinates": [[[9.0, 45.22], [9.5, 45.22], [9.5, 45.55], [9.0, 45.55], [9.0, 45.22]]]}, "properties": {"Title": "Foglio 127 - FOGLIO CARG", "DOI": "CARG-127", "URL": "https://www.isprambiente.gov.it/Media/carg/index.html", "Location": "Italy Grid", "Type": "Official Map"}}, {"type": "Feature", "geometry": {"type": "Polygon", "coordinates": [[[9.5, 45.22], [10.0, 45.22], [10.0, 45.55], [9.5, 45.55], [9.5, 45.22]]]}, "properties": {"Title": "Foglio 128 - VENEZIA", "DOI": "CARG-128", "URL": "https://www.isprambiente.gov.it/Media/carg/128_VENEZIA/Foglio.html", "Location": "Italy Grid", "Type": "Official Map"}}, {"type": "Feature", "geometry": {"type": "Polygon", "coordinates": [[[10.0, 45.22], [10.5, 45.22], [10.5, 45.55], [10.0, 45.55], [10.0, 45.22]]]}, "properties": {"Title": "Foglio 129 - FOGLIO CARG", "DOI": "CARG-129", "URL": "https://www.isprambiente.gov.it/Media/carg/index.html", "Location": "Italy Grid", "Type": "Official Map"}}, {"type": "Feature", "geometry": {"type": "Polygon", "coordinates": [[[10.5, 45.22], [11.0, 45.22], [11.0, 45.55], [10.5, 45.55], [10.5, 45.22]]]}, "properties": {"Title": "Foglio 130 - FOGLIO CARG", "DOI": "CARG-130", "URL": "https://www.isprambiente.gov.it/Media/carg/index.html", "Location": "Italy Grid", "Type": "Official Map"}}, {"type": "Feature", "geometry": {"type": "Polygon", "coordinates": [[[11.0, 45.22], [11.5, 45.22], [11.5, 45.55], [11.0, 45.55], [11.0, 45.22]]]}, "properties": {"Title": "Foglio 131 - FOGLIO CARG", "DOI": "CARG-131", "URL": "https://www.isprambiente.gov.it/Media/carg/index.html", "Location": "Italy Grid", "Type": "Official Map"}}, {"type": "Feature", "geometry": {"type": "Polygon", "coordinates": [[[11.5, 45.22], [12.0, 45.22], [12.0, 45.55], [11.5, 45.55], [11.5, 45.22]]]}, "properties": {"Title": "Foglio 132 - FOGLIO CARG", "DOI": "CARG-132", "URL": "https://www.isprambiente.gov.it/Media/carg/index.html", "Location": "Italy Grid", "Type": "Official Map"}}, {"type": "Feature", "geometry": {"type": "Polygon", "coordinates": [[[12.0, 45.22], [12.5, 45.22], [12.5, 45.55], [12.0, 45.55], [12.0, 45.22]]]}, "properties": {"Title": "Foglio 133 - FOGLIO CARG", "DOI": "CARG-133", "URL": "https://www.isprambiente.gov.it/Media/carg/index.html", "Location": "Italy Grid", "Type": "Official Map"}}, {"type": "Feature", "geometry": {"type": "Polygon", "coordinates": [[[12.5, 45.22], [13.0, 45.22], [13.0, 45.55], [12.5, 45.55], [12.5, 45.22]]]}, "properties": {"Title": "Foglio 134 - FOGLIO CARG", "DOI": "CARG-134", "URL": "https://www.isprambiente.gov.it/Media/carg/index.html", "Location": "Italy Grid", "Type": "Official Map"}}, {"type": "Feature", "geometry": {"type": "Polygon", "coordinates": [[[13.0, 45.22], [13.5, 45.22], [13.5, 45.55], [13.0, 45.55], [13.0, 45.22]]]}, "properties": {"Title": "Foglio 135 - FOGLIO CARG", "DOI": "CARG-135", "URL": "https://www.isprambiente.gov.it/Media/carg/index.html", "Location": "Italy Grid", "Type": "Official Map"}}, {"type": "Feature", "geometry": {"type": "Polygon", "coordinates": [[[13.5, 45.22], [14.0, 45.22], [14.0, 45.55], [13.5, 45.55], [13.5, 45.22]]]}, "properties": {"Title": "Foglio 136 - FOGLIO CARG", "DOI": "CARG-136", "URL": "https://www.isprambiente.gov.it/Media/carg/index.html", "Location": "Italy Grid", "Type": "Official Map"}}, {"type": "Feature", "geometry": {"type": "Polygon", "coordinates": [[[14.0, 45.22], [14.5, 45.22], [14.5, 45.55], [14.0, 45.55], [14.0, 45.22]]]}, "properties": {"Title": "Foglio 137 - FOGLIO CARG", "DOI": "CARG-137", "URL": "https://www.isprambiente.gov.it/Media/carg/index.html", "Location": "Italy Grid", "Type": "Official Map"}}, {"type": "Feature", "geometry": {"type": "Polygon", "coordinates": [[[14.5, 45.22], [15.0, 45.22], [15.0, 45.55], [14.5, 45.55], [14.5, 45.22]]]}, "properties": {"Title": "Foglio 138 - FOGLIO CARG", "DOI": "CARG-138", "URL": "https://www.isprambiente.gov.it/Media/carg/index.html", "Location": "Italy Grid", "Type": "Official Map"}}, {"type": "Feature", "geometry": {"type": "Polygon", "coordinates": [[[15.0, 45.22], [15.5, 45.22], [15.5, 45.55], [15.0, 45.55], [15.0, 45.22]]]}, "properties": {"Title": "Foglio 139 - FOGLIO CARG", "DOI": "CARG-139", "URL": "https://www.isprambiente.gov.it/Media/carg/index.html", "Location": "Italy Grid", "Type": "Official Map"}}, {"type": "Feature", "geometry": {"type": "Polygon", "coordinates": [[[15.5, 45.22], [16.0, 45.22], [16.0, 45.55], [15.5, 45.55], [15.5, 45.22]]]}, "properties": {"Title": "Foglio 140 - FOGLIO CARG", "DOI": "CARG-140", "URL": "https://www.isprambiente.gov.it/Media/carg/index.html", "Location": "Italy Grid", "Type": "Official Map"}}, {"type": "Feature", "geometry": {"type": "Polygon", "coordinates": [[[16.0, 45.22], [16.5, 45.22], [16.5, 45.55], [16.0, 45.55], [16.0, 45.22]]]}, "properties": {"Title": "Foglio 141 - FOGLIO CARG", "DOI": "CARG-141", "URL": "https://www.isprambiente.gov.it/Media/carg/index.html", "Location": "Italy Grid", "Type": "Official Map"}}, {"type": "Feature", "geometry": {"type": "Polygon", "coordinates": [[[16.5, 45.22], [17.0, 45.22], [17.0, 45.55], [16.5, 45.55], [16.5, 45.22]]]}, "properties": {"Title": "Foglio 142 - FOGLIO CARG", "DOI": "CARG-142", "URL": "https://www.isprambiente.gov.it/Media/carg/index.html", "Location": "Italy Grid", "Type": "Official Map"}}, {"type": "Feature", "geometry": {"type": "Polygon", "coordinates": [[[17.0, 45.22], [17.5, 45.22], [17.5, 45.55], [17.0, 45.55], [17.0, 45.22]]]}, "properties": {"Title": "Foglio 143 - FOGLIO CARG", "DOI": "CARG-143", "URL": "https://www.isprambiente.gov.it/Media/carg/index.html", "Location": "Italy Grid", "Type": "Official Map"}}, {"type": "Feature", "geometry": {"type": "Polygon", "coordinates": [[[17.5, 45.22], [18.0, 45.22], [18.0, 45.55], [17.5, 45.55], [17.5, 45.22]]]}, "properties": {"Title": "Foglio 144 - FOGLIO CARG", "DOI": "CARG-144", "URL": "https://www.isprambiente.gov.it/Media/carg/index.html", "Location": "Italy Grid", "Type": "Official Map"}}, {"type": "Feature", "geometry": {"type": "Polygon", "coordinates": [[[6.0, 44.89], [6.5, 44.89], [6.5, 45.22], [6.0, 45.22], [6.0, 44.89]]]}, "properties": {"Title": "Foglio 145 - FOGLIO CARG", "DOI": "CARG-145", "URL": "https://www.isprambiente.gov.it/Media/carg/index.html", "Location": "Italy Grid", "Type": "Official Map"}}, {"type": "Feature", "geometry": {"type": "Polygon", "coordinates": [[[6.5, 44.89], [7.0, 44.89], [7.0, 45.22], [6.5, 45.22], [6.5, 44.89]]]}, "properties": {"Title": "Foglio 146 - FOGLIO CARG", "DOI": "CARG-146", "URL": "https://www.isprambiente.gov.it/Media/carg/index.html", "Location": "Italy Grid", "Type": "Official Map"}}, {"type": "Feature", "geometry": {"type": "Polygon", "coordinates": [[[7.0, 44.89], [7.5, 44.89], [7.5, 45.22], [7.0, 45.22], [7.0, 44.89]]]}, "properties": {"Title": "Foglio 147 - FOGLIO CARG", "DOI": "CARG-147", "URL": "https://www.isprambiente.gov.it/Media/carg/index.html", "Location": "Italy Grid", "Type": "Official Map"}}, {"type": "Feature", "geometry": {"type": "Polygon", "coordinates": [[[7.5, 44.89], [8.0, 44.89], [8.0, 45.22], [7.5, 45.22], [7.5, 44.89]]]}, "properties": {"Title": "Foglio 148 - FOGLIO CARG", "DOI": "CARG-148", "URL": "https://www.isprambiente.gov.it/Media/carg/index.html", "Location": "Italy Grid", "Type": "Official Map"}}, {"type": "Feature", "geometry": {"type": "Polygon", "coordinates": [[[8.0, 44.89], [8.5, 44.89], [8.5, 45.22], [8.0, 45.22], [8.0, 44.89]]]}, "properties": {"Title": "Foglio 149 - FOGLIO CARG", "DOI": "CARG-149", "URL": "https://www.isprambiente.gov.it/Media/carg/index.html", "Location": "Italy Grid", "Type": "Official Map"}}, {"type": "Feature", "geometry": {"type": "Polygon", "coordinates": [[[8.5, 44.89], [9.0, 44.89], [9.0, 45.22], [8.5, 45.22], [8.5, 44.89]]]}, "properties": {"Title": "Foglio 150 - FOGLIO CARG", "DOI": "CARG-150", "URL": "https://www.isprambiente.gov.it/Media/carg/index.html", "Location": "Italy Grid", "Type": "Official Map"}}, {"type": "Feature", "geometry": {"type": "Polygon", "coordinates": [[[9.0, 44.89], [9.5, 44.89], [9.5, 45.22], [9.0, 45.22], [9.0, 44.89]]]}, "properties": {"Title": "Foglio 151 - FOGLIO CARG", "DOI": "CARG-151", "URL": "https://www.isprambiente.gov.it/Media/carg/index.html", "Location": "Italy Grid", "Type": "Official Map"}}, {"type": "Feature", "geometry": {"type": "Polygon", "coordinates": [[[9.5, 44.89], [10.0, 44.89], [10.0, 45.22], [9.5, 45.22], [9.5, 44.89]]]}, "properties": {"Title": "Foglio 152 - FOGLIO CARG", "DOI": "CARG-152", "URL": "https://www.isprambiente.gov.it/Media/carg/index.html", "Location": "Italy Grid", "Type": "Official Map"}}, {"type": "Feature", "geometry": {"type": "Polygon", "coordinates": [[[10.0, 44.89], [10.5, 44.89], [10.5, 45.22], [10.0, 45.22], [10.0, 44.89]]]}, "properties": {"Title": "Foglio 153 - FOGLIO CARG", "DOI": "CARG-153", "URL": "https://www.isprambiente.gov.it/Media/carg/index.html", "Location": "Italy Grid", "Type": "Official Map"}}, {"type": "Feature", "geometry": {"type": "Polygon", "coordinates": [[[10.5, 44.89], [11.0, 44.89], [11.0, 45.22], [10.5, 45.22], [10.5, 44.89]]]}, "properties": {"Title": "Foglio 154 - FOGLIO CARG", "DOI": "CARG-154", "URL": "https://www.isprambiente.gov.it/Media/carg/index.html", "Location": "Italy Grid", "Type": "Official Map"}}, {"type": "Feature", "geometry": {"type": "Polygon", "coordinates": [[[11.0, 44.89], [11.5, 44.89], [11.5, 45.22], [11.0, 45.22], [11.0, 44.89]]]}, "properties": {"Title": "Foglio 155 - TORINO OVEST", "DOI": "CARG-155", "URL": "https://www.isprambiente.gov.it/Media/carg/155_TORINO_OVEST/Foglio.html", "Location": "Italy Grid", "Type": "Official Map"}}, {"type": "Feature", "geometry": {"type": "Polygon", "coordinates": [[[11.5, 44.89], [12.0, 44.89], [12.0, 45.22], [11.5, 45.22], [11.5, 44.89]]]}, "properties": {"Title": "Foglio 156 - FOGLIO CARG", "DOI": "CARG-156", "URL": "https://www.isprambiente.gov.it/Media/carg/index.html", "Location": "Italy Grid", "Type": "Official Map"}}, {"type": "Feature", "geometry": {"type": "Polygon", "coordinates": [[[12.0, 44.89], [12.5, 44.89], [12.5, 45.22], [12.0, 45.22], [12.0, 44.89]]]}, "properties": {"Title": "Foglio 157 - TRINO", "DOI": "CARG-157", "URL": "https://www.isprambiente.gov.it/Media/carg/157_TRINO/Foglio.html", "Location": "Italy Grid", "Type": "Official Map"}}, {"type": "Feature", "geometry": {"type": "Polygon", "coordinates": [[[12.5, 44.89], [13.0, 44.89], [13.0, 45.22], [12.5, 45.22], [12.5, 44.89]]]}, "properties": {"Title": "Foglio 158 - FOGLIO CARG", "DOI": "CARG-158", "URL": "https://www.isprambiente.gov.it/Media/carg/index.html", "Location": "Italy Grid", "Type": "Official Map"}}, {"type": "Feature", "geometry": {"type": "Polygon", "coordinates": [[[13.0, 44.89], [13.5, 44.89], [13.5, 45.22], [13.0, 45.22], [13.0, 44.89]]]}, "properties": {"Title": "Foglio 159 - FOGLIO CARG", "DOI": "CARG-159", "URL": "https://www.isprambiente.gov.it/Media/carg/index.html", "Location": "Italy Grid", "Type": "Official Map"}}, {"type": "Feature", "geometry": {"type": "Polygon", "coordinates": [[[13.5, 44.89], [14.0, 44.89], [14.0, 45.22], [13.5, 45.22], [13.5, 44.89]]]}, "properties": {"Title": "Foglio 160 - FOGLIO CARG", "DOI": "CARG-160", "URL": "https://www.isprambiente.gov.it/Media/carg/index.html", "Location": "Italy Grid", "Type": "Official Map"}}, {"type": "Feature", "geometry": {"type": "Polygon", "coordinates": [[[14.0, 44.89], [14.5, 44.89], [14.5, 45.22], [14.0, 45.22], [14.0, 44.89]]]}, "properties": {"Title": "Foglio 161 - FOGLIO CARG", "DOI": "CARG-161", "URL": "https://www.isprambiente.gov.it/Media/carg/index.html", "Location": "Italy Grid", "Type": "Official Map"}}, {"type": "Feature", "geometry": {"type": "Polygon", "coordinates": [[[14.5, 44.89], [15.0, 44.89], [15.0, 45.22], [14.5, 45.22], [14.5, 44.89]]]}, "properties": {"Title": "Foglio 162 - FOGLIO CARG", "DOI": "CARG-162", "URL": "https://www.isprambiente.gov.it/Media/carg/index.html", "Location": "Italy Grid", "Type": "Official Map"}}, {"type": "Feature", "geometry": {"type": "Polygon", "coordinates": [[[15.0, 44.89], [15.5, 44.89], [15.5, 45.22], [15.0, 45.22], [15.0, 44.89]]]}, "properties": {"Title": "Foglio 163 - FOGLIO CARG", "DOI": "CARG-163", "URL": "https://www.isprambiente.gov.it/Media/carg/index.html", "Location": "Italy Grid", "Type": "Official Map"}}, {"type": "Feature", "geometry": {"type": "Polygon", "coordinates": [[[15.5, 44.89], [16.0, 44.89], [16.0, 45.22], [15.5, 45.22], [15.5, 44.89]]]}, "properties": {"Title": "Foglio 164 - FOGLIO CARG", "DOI": "CARG-164", "URL": "https://www.isprambiente.gov.it/Media/carg/index.html", "Location": "Italy Grid", "Type": "Official Map"}}, {"type": "Feature", "geometry": {"type": "Polygon", "coordinates": [[[16.0, 44.89], [16.5, 44.89], [16.5, 45.22], [16.0, 45.22], [16.0, 44.89]]]}, "properties": {"Title": "Foglio 165 - FOGLIO CARG", "DOI": "CARG-165", "URL": "https://www.isprambiente.gov.it/Media/carg/index.html", "Location": "Italy Grid", "Type": "Official Map"}}, {"type": "Feature", "geometry": {"type": "Polygon", "coordinates": [[[16.5, 44.89], [17.0, 44.89], [17.0, 45.22], [16.5, 45.22], [16.5, 44.89]]]}, "properties": {"Title": "Foglio 166 - FOGLIO CARG", "DOI": "CARG-166", "URL": "https://www.isprambiente.gov.it/Media/carg/index.html", "Location": "Italy Grid", "Type": "Official Map"}}, {"type": "Feature", "geometry": {"type": "Polygon", "coordinates": [[[17.0, 44.89], [17.5, 44.89], [17.5, 45.22], [17.0, 45.22], [17.0, 44.89]]]}, "properties": {"Title": "Foglio 167 - FOGLIO CARG", "DOI": "CARG-167", "URL": "https://www.isprambiente.gov.it/Media/carg/index.html", "Location": "Italy Grid", "Type": "Official Map"}}, {"type": "Feature", "geometry": {"type": "Polygon", "coordinates": [[[17.5, 44.89], [18.0, 44.89], [18.0, 45.22], [17.5, 45.22], [17.5, 44.89]]]}, "properties": {"Title": "Foglio 168 - FOGLIO CARG", "DOI": "CARG-168", "URL": "https://www.isprambiente.gov.it/Media/carg/index.html", "Location": "Italy Grid", "Type": "Official Map"}}, {"type": "Feature", "geometry": {"type": "Polygon", "coordinates": [[[6.0, 44.56], [6.5, 44.56], [6.5, 44.89], [6.0, 44.89], [6.0, 44.56]]]}, "properties": {"Title": "Foglio 169 - FOGLIO CARG", "DOI": "CARG-169", "URL": "https://www.isprambiente.gov.it/Media/carg/index.html", "Location": "Italy Grid", "Type": "Official Map"}}, {"type": "Feature", "geometry": {"type": "Polygon", "coordinates": [[[6.5, 44.56], [7.0, 44.56], [7.0, 44.89], [6.5, 44.89], [6.5, 44.56]]]}, "properties": {"Title": "Foglio 170 - LIDO DI VENEZIA", "DOI": "CARG-170", "URL": "https://www.isprambiente.gov.it/Media/carg/170_LIDO_DI_VENEZIA/Foglio.html", "Location": "Italy Grid", "Type": "Official Map"}}, {"type": "Feature", "geometry": {"type": "Polygon", "coordinates": [[[7.0, 44.56], [7.5, 44.56], [7.5, 44.89], [7.0, 44.89], [7.0, 44.56]]]}, "properties": {"Title": "Foglio 171 - FOGLIO CARG", "DOI": "CARG-171", "URL": "https://www.isprambiente.gov.it/Media/carg/index.html", "Location": "Italy Grid", "Type": "Official Map"}}, {"type": "Feature", "geometry": {"type": "Polygon", "coordinates": [[[7.5, 44.56], [8.0, 44.56], [8.0, 44.89], [7.5, 44.89], [7.5, 44.56]]]}, "properties": {"Title": "Foglio 172 - FOGLIO CARG", "DOI": "CARG-172", "URL": "https://www.isprambiente.gov.it/Media/carg/index.html", "Location": "Italy Grid", "Type": "Official Map"}}, {"type": "Feature", "geometry": {"type": "Polygon", "coordinates": [[[8.0, 44.56], [8.5, 44.56], [8.5, 44.89], [8.0, 44.89], [8.0, 44.56]]]}, "properties": {"Title": "Foglio 173 - FOGLIO CARG", "DOI": "CARG-173", "URL": "https://www.isprambiente.gov.it/Media/carg/index.html", "Location": "Italy Grid", "Type": "Official Map"}}, {"type": "Feature", "geometry": {"type": "Polygon", "coordinates": [[[8.5, 44.56], [9.0, 44.56], [9.0, 44.89], [8.5, 44.89], [8.5, 44.56]]]}, "properties": {"Title": "Foglio 174 - FOGLIO CARG", "DOI": "CARG-174", "URL": "https://www.isprambiente.gov.it/Media/carg/index.html", "Location": "Italy Grid", "Type": "Official Map"}}, {"type": "Feature", "geometry": {"type": "Polygon", "coordinates": [[[9.0, 44.56], [9.5, 44.56], [9.5, 44.89], [9.0, 44.89], [9.0, 44.56]]]}, "properties": {"Title": "Foglio 175 - FOGLIO CARG", "DOI": "CARG-175", "URL": "https://www.isprambiente.gov.it/Media/carg/index.html", "Location": "Italy Grid", "Type": "Official Map"}}, {"type": "Feature", "geometry": {"type": "Polygon", "coordinates": [[[9.5, 44.56], [10.0, 44.56], [10.0, 44.89], [9.5, 44.89], [9.5, 44.56]]]}, "properties": {"Title": "Foglio 176 - FOGLIO CARG", "DOI": "CARG-176", "URL": "https://www.isprambiente.gov.it/Media/carg/index.html", "Location": "Italy Grid", "Type": "Official Map"}}, {"type": "Feature", "geometry": {"type": "Polygon", "coordinates": [[[10.0, 44.56], [10.5, 44.56], [10.5, 44.89], [10.0, 44.89], [10.0, 44.56]]]}, "properties": {"Title": "Foglio 177 - FOGLIO CARG", "DOI": "CARG-177", "URL": "https://www.isprambiente.gov.it/Media/carg/index.html", "Location": "Italy Grid", "Type": "Official Map"}}, {"type": "Feature", "geometry": {"type": "Polygon", "coordinates": [[[10.5, 44.56], [11.0, 44.56], [11.0, 44.89], [10.5, 44.89], [10.5, 44.56]]]}, "properties": {"Title": "Foglio 178 - FOGLIO CARG", "DOI": "CARG-178", "URL": "https://www.isprambiente.gov.it/Media/carg/index.html", "Location": "Italy Grid", "Type": "Official Map"}}, {"type": "Feature", "geometry": {"type": "Polygon", "coordinates": [[[11.0, 44.56], [11.5, 44.56], [11.5, 44.89], [11.0, 44.89], [11.0, 44.56]]]}, "properties": {"Title": "Foglio 179 - FOGLIO CARG", "DOI": "CARG-179", "URL": "https://www.isprambiente.gov.it/Media/carg/index.html", "Location": "Italy Grid", "Type": "Official Map"}}, {"type": "Feature", "geometry": {"type": "Polygon", "coordinates": [[[11.5, 44.56], [12.0, 44.56], [12.0, 44.89], [11.5, 44.89], [11.5, 44.56]]]}, "properties": {"Title": "Foglio 180 - FOGLIO CARG", "DOI": "CARG-180", "URL": "https://www.isprambiente.gov.it/Media/carg/index.html", "Location": "Italy Grid", "Type": "Official Map"}}, {"type": "Feature", "geometry": {"type": "Polygon", "coordinates": [[[12.0, 44.56], [12.5, 44.56], [12.5, 44.89], [12.0, 44.89], [12.0, 44.56]]]}, "properties": {"Title": "Foglio 181 - FOGLIO CARG", "DOI": "CARG-181", "URL": "https://www.isprambiente.gov.it/Media/carg/index.html", "Location": "Italy Grid", "Type": "Official Map"}}, {"type": "Feature", "geometry": {"type": "Polygon", "coordinates": [[[12.5, 44.56], [13.0, 44.56], [13.0, 44.89], [12.5, 44.89], [12.5, 44.56]]]}, "properties": {"Title": "Foglio 182 - FOGLIO CARG", "DOI": "CARG-182", "URL": "https://www.isprambiente.gov.it/Media/carg/index.html", "Location": "Italy Grid", "Type": "Official Map"}}, {"type": "Feature", "geometry": {"type": "Polygon", "coordinates": [[[13.0, 44.56], [13.5, 44.56], [13.5, 44.89], [13.0, 44.89], [13.0, 44.56]]]}, "properties": {"Title": "Foglio 183 - FOGLIO CARG", "DOI": "CARG-183", "URL": "https://www.isprambiente.gov.it/Media/carg/index.html", "Location": "Italy Grid", "Type": "Official Map"}}, {"type": "Feature", "geometry": {"type": "Polygon", "coordinates": [[[13.5, 44.56], [14.0, 44.56], [14.0, 44.89], [13.5, 44.89], [13.5, 44.56]]]}, "properties": {"Title": "Foglio 184 - FOGLIO CARG", "DOI": "CARG-184", "URL": "https://www.isprambiente.gov.it/Media/carg/index.html", "Location": "Italy Grid", "Type": "Official Map"}}, {"type": "Feature", "geometry": {"type": "Polygon", "coordinates": [[[14.0, 44.56], [14.5, 44.56], [14.5, 44.89], [14.0, 44.89], [14.0, 44.56]]]}, "properties": {"Title": "Foglio 185 - FOGLIO CARG", "DOI": "CARG-185", "URL": "https://www.isprambiente.gov.it/Media/carg/index.html", "Location": "Italy Grid", "Type": "Official Map"}}, {"type": "Feature", "geometry": {"type": "Polygon", "coordinates": [[[14.5, 44.56], [15.0, 44.56], [15.0, 44.89], [14.5, 44.89], [14.5, 44.56]]]}, "properties": {"Title": "Foglio 186 - FOGLIO CARG", "DOI": "CARG-186", "URL": "https://www.isprambiente.gov.it/Media/carg/index.html", "Location": "Italy Grid", "Type": "Official Map"}}, {"type": "Feature", "geometry": {"type": "Polygon", "coordinates": [[[15.0, 44.56], [15.5, 44.56], [15.5, 44.89], [15.0, 44.89], [15.0, 44.56]]]}, "properties": {"Title": "Foglio 187 - FOGLIO CARG", "DOI": "CARG-187", "URL": "https://www.isprambiente.gov.it/Media/carg/index.html", "Location": "Italy Grid", "Type": "Official Map"}}, {"type": "Feature", "geometry": {"type": "Polygon", "coordinates": [[[15.5, 44.56], [16.0, 44.56], [16.0, 44.89], [15.5, 44.89], [15.5, 44.56]]]}, "properties": {"Title": "Foglio 188 - FOGLIO CARG", "DOI": "CARG-188", "URL": "https://www.isprambiente.gov.it/Media/carg/index.html", "Location": "Italy Grid", "Type": "Official Map"}}, {"type": "Feature", "geometry": {"type": "Polygon", "coordinates": [[[16.0, 44.56], [16.5, 44.56], [16.5, 44.89], [16.0, 44.89], [16.0, 44.56]]]}, "properties": {"Title": "Foglio 189 - FOGLIO CARG", "DOI": "CARG-189", "URL": "https://www.isprambiente.gov.it/Media/carg/index.html", "Location": "Italy Grid", "Type": "Official Map"}}, {"type": "Feature", "geometry": {"type": "Polygon", "coordinates": [[[16.5, 44.56], [17.0, 44.56], [17.0, 44.89], [16.5, 44.89], [16.5, 44.56]]]}, "properties": {"Title": "Foglio 190 - FOGLIO CARG", "DOI": "CARG-190", "URL": "https://www.isprambiente.gov.it/Media/carg/index.html", "Location": "Italy Grid", "Type": "Official Map"}}, {"type": "Feature", "geometry": {"type": "Polygon", "coordinates": [[[17.0, 44.56], [17.5, 44.56], [17.5, 44.89], [17.0, 44.89], [17.0, 44.56]]]}, "properties": {"Title": "Foglio 191 - FOGLIO CARG", "DOI": "CARG-191", "URL": "https://www.isprambiente.gov.it/Media/carg/index.html", "Location": "Italy Grid", "Type": "Official Map"}}, {"type": "Feature", "geometry": {"type": "Polygon", "coordinates": [[[17.5, 44.56], [18.0, 44.56], [18.0, 44.89], [17.5, 44.89], [17.5, 44.56]]]}, "properties": {"Title": "Foglio 192 - FOGLIO CARG", "DOI": "CARG-192", "URL": "https://www.isprambiente.gov.it/Media/carg/index.html", "Location": "Italy Grid", "Type": "Official Map"}}, {"type": "Feature", "geometry": {"type": "Polygon", "coordinates": [[[6.0, 44.23], [6.5, 44.23], [6.5, 44.56], [6.0, 44.56], [6.0, 44.23]]]}, "properties": {"Title": "Foglio 193 - FOGLIO CARG", "DOI": "CARG-193", "URL": "https://www.isprambiente.gov.it/Media/carg/index.html", "Location": "Italy Grid", "Type": "Official Map"}}, {"type": "Feature", "geometry": {"type": "Polygon", "coordinates": [[[6.5, 44.23], [7.0, 44.23], [7.0, 44.56], [6.5, 44.56], [6.5, 44.23]]]}, "properties": {"Title": "Foglio 194 - FOGLIO CARG", "DOI": "CARG-194", "URL": "https://www.isprambiente.gov.it/Media/carg/index.html", "Location": "Italy Grid", "Type": "Official Map"}}, {"type": "Feature", "geometry": {"type": "Polygon", "coordinates": [[[7.0, 44.23], [7.5, 44.23], [7.5, 44.56], [7.0, 44.56], [7.0, 44.23]]]}, "properties": {"Title": "Foglio 195 - FOGLIO CARG", "DOI": "CARG-195", "URL": "https://www.isprambiente.gov.it/Media/carg/index.html", "Location": "Italy Grid", "Type": "Official Map"}}, {"type": "Feature", "geometry": {"type": "Polygon", "coordinates": [[[7.5, 44.23], [8.0, 44.23], [8.0, 44.56], [7.5, 44.56], [7.5, 44.23]]]}, "properties": {"Title": "Foglio 196 - FOGLIO CARG", "DOI": "CARG-196", "URL": "https://www.isprambiente.gov.it/Media/carg/index.html", "Location": "Italy Grid", "Type": "Official Map"}}, {"type": "Feature", "geometry": {"type": "Polygon", "coordinates": [[[8.0, 44.23], [8.5, 44.23], [8.5, 44.56], [8.0, 44.56], [8.0, 44.23]]]}, "properties": {"Title": "Foglio 197 - FOGLIO CARG", "DOI": "CARG-197", "URL": "https://www.isprambiente.gov.it/Media/carg/index.html", "Location": "Italy Grid", "Type": "Official Map"}}, {"type": "Feature", "geometry": {"type": "Polygon", "coordinates": [[[8.5, 44.23], [9.0, 44.23], [9.0, 44.56], [8.5, 44.56], [8.5, 44.23]]]}, "properties": {"Title": "Foglio 198 - FOGLIO CARG", "DOI": "CARG-198", "URL": "https://www.isprambiente.gov.it/Media/carg/index.html", "Location": "Italy Grid", "Type": "Official Map"}}, {"type": "Feature", "geometry": {"type": "Polygon", "coordinates": [[[9.0, 44.23], [9.5, 44.23], [9.5, 44.56], [9.0, 44.56], [9.0, 44.23]]]}, "properties": {"Title": "Foglio 199 - FOGLIO CARG", "DOI": "CARG-199", "URL": "https://www.isprambiente.gov.it/Media/carg/index.html", "Location": "Italy Grid", "Type": "Official Map"}}, {"type": "Feature", "geometry": {"type": "Polygon", "coordinates": [[[9.5, 44.23], [10.0, 44.23], [10.0, 44.56], [9.5, 44.56], [9.5, 44.23]]]}, "properties": {"Title": "Foglio 200 - FOGLIO CARG", "DOI": "CARG-200", "URL": "https://www.isprambiente.gov.it/Media/carg/index.html", "Location": "Italy Grid", "Type": "Official Map"}}, {"type": "Feature", "geometry": {"type": "Polygon", "coordinates": [[[10.0, 44.23], [10.5, 44.23], [10.5, 44.56], [10.0, 44.56], [10.0, 44.23]]]}, "properties": {"Title": "Foglio 201 - FOGLIO CARG", "DOI": "CARG-201", "URL": "https://www.isprambiente.gov.it/Media/carg/index.html", "Location": "Italy Grid", "Type": "Official Map"}}, {"type": "Feature", "geometry": {"type": "Polygon", "coordinates": [[[10.5, 44.23], [11.0, 44.23], [11.0, 44.56], [10.5, 44.56], [10.5, 44.23]]]}, "properties": {"Title": "Foglio 202 - FOGLIO CARG", "DOI": "CARG-202", "URL": "https://www.isprambiente.gov.it/Media/carg/index.html", "Location": "Italy Grid", "Type": "Official Map"}}, {"type": "Feature", "geometry": {"type": "Polygon", "coordinates": [[[11.0, 44.23], [11.5, 44.23], [11.5, 44.56], [11.0, 44.56], [11.0, 44.23]]]}, "properties": {"Title": "Foglio 203 - FOGLIO CARG", "DOI": "CARG-203", "URL": "https://www.isprambiente.gov.it/Media/carg/index.html", "Location": "Italy Grid", "Type": "Official Map"}}, {"type": "Feature", "geometry": {"type": "Polygon", "coordinates": [[[11.5, 44.23], [12.0, 44.23], [12.0, 44.56], [11.5, 44.56], [11.5, 44.23]]]}, "properties": {"Title": "Foglio 204 - FOGLIO CARG", "DOI": "CARG-204", "URL": "https://www.isprambiente.gov.it/Media/carg/index.html", "Location": "Italy Grid", "Type": "Official Map"}}, {"type": "Feature", "geometry": {"type": "Polygon", "coordinates": [[[12.0, 44.23], [12.5, 44.23], [12.5, 44.56], [12.0, 44.56], [12.0, 44.23]]]}, "properties": {"Title": "Foglio 205 - FOGLIO CARG", "DOI": "CARG-205", "URL": "https://www.isprambiente.gov.it/Media/carg/index.html", "Location": "Italy Grid", "Type": "Official Map"}}, {"type": "Feature", "geometry": {"type": "Polygon", "coordinates": [[[12.5, 44.23], [13.0, 44.23], [13.0, 44.56], [12.5, 44.56], [12.5, 44.23]]]}, "properties": {"Title": "Foglio 206 - FOGLIO CARG", "DOI": "CARG-206", "URL": "https://www.isprambiente.gov.it/Media/carg/index.html", "Location": "Italy Grid", "Type": "Official Map"}}, {"type": "Feature", "geometry": {"type": "Polygon", "coordinates": [[[13.0, 44.23], [13.5, 44.23], [13.5, 44.56], [13.0, 44.56], [13.0, 44.23]]]}, "properties": {"Title": "Foglio 207 - FOGLIO CARG", "DOI": "CARG-207", "URL": "https://www.isprambiente.gov.it/Media/carg/index.html", "Location": "Italy Grid", "Type": "Official Map"}}, {"type": "Feature", "geometry": {"type": "Polygon", "coordinates": [[[13.5, 44.23], [14.0, 44.23], [14.0, 44.56], [13.5, 44.56], [13.5, 44.23]]]}, "properties": {"Title": "Foglio 208 - FOGLIO CARG", "DOI": "CARG-208", "URL": "https://www.isprambiente.gov.it/Media/carg/index.html", "Location": "Italy Grid", "Type": "Official Map"}}, {"type": "Feature", "geometry": {"type": "Polygon", "coordinates": [[[14.0, 44.23], [14.5, 44.23], [14.5, 44.56], [14.0, 44.56], [14.0, 44.23]]]}, "properties": {"Title": "Foglio 209 - FOGLIO CARG", "DOI": "CARG-209", "URL": "https://www.isprambiente.gov.it/Media/carg/index.html", "Location": "Italy Grid", "Type": "Official Map"}}, {"type": "Feature", "geometry": {"type": "Polygon", "coordinates": [[[14.5, 44.23], [15.0, 44.23], [15.0, 44.56], [14.5, 44.56], [14.5, 44.23]]]}, "properties": {"Title": "Foglio 210 - FOGLIO CARG", "DOI": "CARG-210", "URL": "https://www.isprambiente.gov.it/Media/carg/index.html", "Location": "Italy Grid", "Type": "Official Map"}}, {"type": "Feature", "geometry": {"type": "Polygon", "coordinates": [[[15.0, 44.23], [15.5, 44.23], [15.5, 44.56], [15.0, 44.56], [15.0, 44.23]]]}, "properties": {"Title": "Foglio 211 - FOGLIO CARG", "DOI": "CARG-211", "URL": "https://www.isprambiente.gov.it/Media/carg/index.html", "Location": "Italy Grid", "Type": "Official Map"}}, {"type": "Feature", "geometry": {"type": "Polygon", "coordinates": [[[15.5, 44.23], [16.0, 44.23], [16.0, 44.56], [15.5, 44.56], [15.5, 44.23]]]}, "properties": {"Title": "Foglio 212 - FOGLIO CARG", "DOI": "CARG-212", "URL": "https://www.isprambiente.gov.it/Media/carg/index.html", "Location": "Italy Grid", "Type": "Official Map"}}, {"type": "Feature", "geometry": {"type": "Polygon", "coordinates": [[[16.0, 44.23], [16.5, 44.23], [16.5, 44.56], [16.0, 44.56], [16.0, 44.23]]]}, "properties": {"Title": "Foglio 213 - GENOVA", "DOI": "CARG-213", "URL": "https://www.isprambiente.gov.it/Media/carg/213_GENOVA/Foglio.html", "Location": "Italy Grid", "Type": "Official Map"}}, {"type": "Feature", "geometry": {"type": "Polygon", "coordinates": [[[16.5, 44.23], [17.0, 44.23], [17.0, 44.56], [16.5, 44.56], [16.5, 44.23]]]}, "properties": {"Title": "Foglio 214 - FOGLIO CARG", "DOI": "CARG-214", "URL": "https://www.isprambiente.gov.it/Media/carg/index.html", "Location": "Italy Grid", "Type": "Official Map"}}, {"type": "Feature", "geometry": {"type": "Polygon", "coordinates": [[[17.0, 44.23], [17.5, 44.23], [17.5, 44.56], [17.0, 44.56], [17.0, 44.23]]]}, "properties": {"Title": "Foglio 215 - FOGLIO CARG", "DOI": "CARG-215", "URL": "https://www.isprambiente.gov.it/Media/carg/index.html", "Location": "Italy Grid", "Type": "Official Map"}}, {"type": "Feature", "geometry": {"type": "Polygon", "coordinates": [[[17.5, 44.23], [18.0, 44.23], [18.0, 44.56], [17.5, 44.56], [17.5, 44.23]]]}, "properties": {"Title": "Foglio 216 - FOGLIO CARG", "DOI": "CARG-216", "URL": "https://www.isprambiente.gov.it/Media/carg/index.html", "Location": "Italy Grid", "Type": "Official Map"}}, {"type": "Feature", "geometry": {"type": "Polygon", "coordinates": [[[6.0, 43.9], [6.5, 43.9], [6.5, 44.23], [6.0, 44.23], [6.0, 43.9]]]}, "properties": {"Title": "Foglio 217 - FOGLIO CARG", "DOI": "CARG-217", "URL": "https://www.isprambiente.gov.it/Media/carg/index.html", "Location": "Italy Grid", "Type": "Official Map"}}, {"type": "Feature", "geometry": {"type": "Polygon", "coordinates": [[[6.5, 43.9], [7.0, 43.9], [7.0, 44.23], [6.5, 44.23], [6.5, 43.9]]]}, "properties": {"Title": "Foglio 218 - FOGLIO CARG", "DOI": "CARG-218", "URL": "https://www.isprambiente.gov.it/Media/carg/index.html", "Location": "Italy Grid", "Type": "Official Map"}}, {"type": "Feature", "geometry": {"type": "Polygon", "coordinates": [[[7.0, 43.9], [7.5, 43.9], [7.5, 44.23], [7.0, 44.23], [7.0, 43.9]]]}, "properties": {"Title": "Foglio 219 - FOGLIO CARG", "DOI": "CARG-219", "URL": "https://www.isprambiente.gov.it/Media/carg/index.html", "Location": "Italy Grid", "Type": "Official Map"}}, {"type": "Feature", "geometry": {"type": "Polygon", "coordinates": [[[7.5, 43.9], [8.0, 43.9], [8.0, 44.23], [7.5, 44.23], [7.5, 43.9]]]}, "properties": {"Title": "Foglio 220 - BOLOGNA", "DOI": "CARG-220", "URL": "https://www.isprambiente.gov.it/Media/carg/220_BOLOGNA/Foglio.html", "Location": "Italy Grid", "Type": "Official Map"}}, {"type": "Feature", "geometry": {"type": "Polygon", "coordinates": [[[8.0, 43.9], [8.5, 43.9], [8.5, 44.23], [8.0, 44.23], [8.0, 43.9]]]}, "properties": {"Title": "Foglio 221 - FOGLIO CARG", "DOI": "CARG-221", "URL": "https://www.isprambiente.gov.it/Media/carg/index.html", "Location": "Italy Grid", "Type": "Official Map"}}, {"type": "Feature", "geometry": {"type": "Polygon", "coordinates": [[[8.5, 43.9], [9.0, 43.9], [9.0, 44.23], [8.5, 44.23], [8.5, 43.9]]]}, "properties": {"Title": "Foglio 222 - FOGLIO CARG", "DOI": "CARG-222", "URL": "https://www.isprambiente.gov.it/Media/carg/index.html", "Location": "Italy Grid", "Type": "Official Map"}}, {"type": "Feature", "geometry": {"type": "Polygon", "coordinates": [[[9.0, 43.9], [9.5, 43.9], [9.5, 44.23], [9.0, 44.23], [9.0, 43.9]]]}, "properties": {"Title": "Foglio 223 - RAVENNA", "DOI": "CARG-223", "URL": "https://www.isprambiente.gov.it/Media/carg/223_RAVENNA/Foglio.html", "Location": "Italy Grid", "Type": "Official Map"}}, {"type": "Feature", "geometry": {"type": "Polygon", "coordinates": [[[9.5, 43.9], [10.0, 43.9], [10.0, 44.23], [9.5, 44.23], [9.5, 43.9]]]}, "properties": {"Title": "Foglio 224 - FOGLIO CARG", "DOI": "CARG-224", "URL": "https://www.isprambiente.gov.it/Media/carg/index.html", "Location": "Italy Grid", "Type": "Official Map"}}, {"type": "Feature", "geometry": {"type": "Polygon", "coordinates": [[[10.0, 43.9], [10.5, 43.9], [10.5, 44.23], [10.0, 44.23], [10.0, 43.9]]]}, "properties": {"Title": "Foglio 225 - FOGLIO CARG", "DOI": "CARG-225", "URL": "https://www.isprambiente.gov.it/Media/carg/index.html", "Location": "Italy Grid", "Type": "Official Map"}}, {"type": "Feature", "geometry": {"type": "Polygon", "coordinates": [[[10.5, 43.9], [11.0, 43.9], [11.0, 44.23], [10.5, 44.23], [10.5, 43.9]]]}, "properties": {"Title": "Foglio 226 - FOGLIO CARG", "DOI": "CARG-226", "URL": "https://www.isprambiente.gov.it/Media/carg/index.html", "Location": "Italy Grid", "Type": "Official Map"}}, {"type": "Feature", "geometry": {"type": "Polygon", "coordinates": [[[11.0, 43.9], [11.5, 43.9], [11.5, 44.23], [11.0, 44.23], [11.0, 43.9]]]}, "properties": {"Title": "Foglio 227 - FOGLIO CARG", "DOI": "CARG-227", "URL": "https://www.isprambiente.gov.it/Media/carg/index.html", "Location": "Italy Grid", "Type": "Official Map"}}, {"type": "Feature", "geometry": {"type": "Polygon", "coordinates": [[[11.5, 43.9], [12.0, 43.9], [12.0, 44.23], [11.5, 44.23], [11.5, 43.9]]]}, "properties": {"Title": "Foglio 228 - FOGLIO CARG", "DOI": "CARG-228", "URL": "https://www.isprambiente.gov.it/Media/carg/index.html", "Location": "Italy Grid", "Type": "Official Map"}}, {"type": "Feature", "geometry": {"type": "Polygon", "coordinates": [[[12.0, 43.9], [12.5, 43.9], [12.5, 44.23], [12.0, 44.23], [12.0, 43.9]]]}, "properties": {"Title": "Foglio 229 - FOGLIO CARG", "DOI": "CARG-229", "URL": "https://www.isprambiente.gov.it/Media/carg/index.html", "Location": "Italy Grid", "Type": "Official Map"}}, {"type": "Feature", "geometry": {"type": "Polygon", "coordinates": [[[12.5, 43.9], [13.0, 43.9], [13.0, 44.23], [12.5, 44.23], [12.5, 43.9]]]}, "properties": {"Title": "Foglio 230 - FOGLIO CARG", "DOI": "CARG-230", "URL": "https://www.isprambiente.gov.it/Media/carg/index.html", "Location": "Italy Grid", "Type": "Official Map"}}, {"type": "Feature", "geometry": {"type": "Polygon", "coordinates": [[[13.0, 43.9], [13.5, 43.9], [13.5, 44.23], [13.0, 44.23], [13.0, 43.9]]]}, "properties": {"Title": "Foglio 231 - FOGLIO CARG", "DOI": "CARG-231", "URL": "https://www.isprambiente.gov.it/Media/carg/index.html", "Location": "Italy Grid", "Type": "Official Map"}}, {"type": "Feature", "geometry": {"type": "Polygon", "coordinates": [[[13.5, 43.9], [14.0, 43.9], [14.0, 44.23], [13.5, 44.23], [13.5, 43.9]]]}, "properties": {"Title": "Foglio 232 - FOGLIO CARG", "DOI": "CARG-232", "URL": "https://www.isprambiente.gov.it/Media/carg/index.html", "Location": "Italy Grid", "Type": "Official Map"}}, {"type": "Feature", "geometry": {"type": "Polygon", "coordinates": [[[14.0, 43.9], [14.5, 43.9], [14.5, 44.23], [14.0, 44.23], [14.0, 43.9]]]}, "properties": {"Title": "Foglio 233 - FOGLIO CARG", "DOI": "CARG-233", "URL": "https://www.isprambiente.gov.it/Media/carg/index.html", "Location": "Italy Grid", "Type": "Official Map"}}, {"type": "Feature", "geometry": {"type": "Polygon", "coordinates": [[[14.5, 43.9], [15.0, 43.9], [15.0, 44.23], [14.5, 44.23], [14.5, 43.9]]]}, "properties": {"Title": "Foglio 234 - FOGLIO CARG", "DOI": "CARG-234", "URL": "https://www.isprambiente.gov.it/Media/carg/index.html", "Location": "Italy Grid", "Type": "Official Map"}}, {"type": "Feature", "geometry": {"type": "Polygon", "coordinates": [[[15.0, 43.9], [15.5, 43.9], [15.5, 44.23], [15.0, 44.23], [15.0, 43.9]]]}, "properties": {"Title": "Foglio 235 - FOGLIO CARG", "DOI": "CARG-235", "URL": "https://www.isprambiente.gov.it/Media/carg/index.html", "Location": "Italy Grid", "Type": "Official Map"}}, {"type": "Feature", "geometry": {"type": "Polygon", "coordinates": [[[15.5, 43.9], [16.0, 43.9], [16.0, 44.23], [15.5, 44.23], [15.5, 43.9]]]}, "properties": {"Title": "Foglio 236 - FOGLIO CARG", "DOI": "CARG-236", "URL": "https://www.isprambiente.gov.it/Media/carg/index.html", "Location": "Italy Grid", "Type": "Official Map"}}, {"type": "Feature", "geometry": {"type": "Polygon", "coordinates": [[[16.0, 43.9], [16.5, 43.9], [16.5, 44.23], [16.0, 44.23], [16.0, 43.9]]]}, "properties": {"Title": "Foglio 237 - FOGLIO CARG", "DOI": "CARG-237", "URL": "https://www.isprambiente.gov.it/Media/carg/index.html", "Location": "Italy Grid", "Type": "Official Map"}}, {"type": "Feature", "geometry": {"type": "Polygon", "coordinates": [[[16.5, 43.9], [17.0, 43.9], [17.0, 44.23], [16.5, 44.23], [16.5, 43.9]]]}, "properties": {"Title": "Foglio 238 - FOGLIO CARG", "DOI": "CARG-238", "URL": "https://www.isprambiente.gov.it/Media/carg/index.html", "Location": "Italy Grid", "Type": "Official Map"}}, {"type": "Feature", "geometry": {"type": "Polygon", "coordinates": [[[17.0, 43.9], [17.5, 43.9], [17.5, 44.23], [17.0, 44.23], [17.0, 43.9]]]}, "properties": {"Title": "Foglio 239 - FOGLIO CARG", "DOI": "CARG-239", "URL": "https://www.isprambiente.gov.it/Media/carg/index.html", "Location": "Italy Grid", "Type": "Official Map"}}, {"type": "Feature", "geometry": {"type": "Polygon", "coordinates": [[[17.5, 43.9], [18.0, 43.9], [18.0, 44.23], [17.5, 44.23], [17.5, 43.9]]]}, "properties": {"Title": "Foglio 240 - FOGLIO CARG", "DOI": "CARG-240", "URL": "https://www.isprambiente.gov.it/Media/carg/index.html", "Location": "Italy Grid", "Type": "Official Map"}}, {"type": "Feature", "geometry": {"type": "Polygon", "coordinates": [[[6.0, 43.57], [6.5, 43.57], [6.5, 43.9], [6.0, 43.9], [6.0, 43.57]]]}, "properties": {"Title": "Foglio 241 - FOGLIO CARG", "DOI": "CARG-241", "URL": "https://www.isprambiente.gov.it/Media/carg/index.html", "Location": "Italy Grid", "Type": "Official Map"}}, {"type": "Feature", "geometry": {"type": "Polygon", "coordinates": [[[6.5, 43.57], [7.0, 43.57], [7.0, 43.9], [6.5, 43.9], [6.5, 43.57]]]}, "properties": {"Title": "Foglio 242 - FOGLIO CARG", "DOI": "CARG-242", "URL": "https://www.isprambiente.gov.it/Media/carg/index.html", "Location": "Italy Grid", "Type": "Official Map"}}, {"type": "Feature", "geometry": {"type": "Polygon", "coordinates": [[[7.0, 43.57], [7.5, 43.57], [7.5, 43.9], [7.0, 43.9], [7.0, 43.57]]]}, "properties": {"Title": "Foglio 243 - FOGLIO CARG", "DOI": "CARG-243", "URL": "https://www.isprambiente.gov.it/Media/carg/index.html", "Location": "Italy Grid", "Type": "Official Map"}}, {"type": "Feature", "geometry": {"type": "Polygon", "coordinates": [[[7.5, 43.57], [8.0, 43.57], [8.0, 43.9], [7.5, 43.9], [7.5, 43.57]]]}, "properties": {"Title": "Foglio 244 - FOGLIO CARG", "DOI": "CARG-244", "URL": "https://www.isprambiente.gov.it/Media/carg/index.html", "Location": "Italy Grid", "Type": "Official Map"}}, {"type": "Feature", "geometry": {"type": "Polygon", "coordinates": [[[8.0, 43.57], [8.5, 43.57], [8.5, 43.9], [8.0, 43.9], [8.0, 43.57]]]}, "properties": {"Title": "Foglio 245 - FOGLIO CARG", "DOI": "CARG-245", "URL": "https://www.isprambiente.gov.it/Media/carg/index.html", "Location": "Italy Grid", "Type": "Official Map"}}, {"type": "Feature", "geometry": {"type": "Polygon", "coordinates": [[[8.5, 43.57], [9.0, 43.57], [9.0, 43.9], [8.5, 43.9], [8.5, 43.57]]]}, "properties": {"Title": "Foglio 246 - FOGLIO CARG", "DOI": "CARG-246", "URL": "https://www.isprambiente.gov.it/Media/carg/index.html", "Location": "Italy Grid", "Type": "Official Map"}}, {"type": "Feature", "geometry": {"type": "Polygon", "coordinates": [[[9.0, 43.57], [9.5, 43.57], [9.5, 43.9], [9.0, 43.9], [9.0, 43.57]]]}, "properties": {"Title": "Foglio 247 - FOGLIO CARG", "DOI": "CARG-247", "URL": "https://www.isprambiente.gov.it/Media/carg/index.html", "Location": "Italy Grid", "Type": "Official Map"}}, {"type": "Feature", "geometry": {"type": "Polygon", "coordinates": [[[9.5, 43.57], [10.0, 43.57], [10.0, 43.9], [9.5, 43.9], [9.5, 43.57]]]}, "properties": {"Title": "Foglio 248 - FOGLIO CARG", "DOI": "CARG-248", "URL": "https://www.isprambiente.gov.it/Media/carg/index.html", "Location": "Italy Grid", "Type": "Official Map"}}, {"type": "Feature", "geometry": {"type": "Polygon", "coordinates": [[[10.0, 43.57], [10.5, 43.57], [10.5, 43.9], [10.0, 43.9], [10.0, 43.57]]]}, "properties": {"Title": "Foglio 249 - FOGLIO CARG", "DOI": "CARG-249", "URL": "https://www.isprambiente.gov.it/Media/carg/index.html", "Location": "Italy Grid", "Type": "Official Map"}}, {"type": "Feature", "geometry": {"type": "Polygon", "coordinates": [[[10.5, 43.57], [11.0, 43.57], [11.0, 43.9], [10.5, 43.9], [10.5, 43.57]]]}, "properties": {"Title": "Foglio 250 - FOGLIO CARG", "DOI": "CARG-250", "URL": "https://www.isprambiente.gov.it/Media/carg/index.html", "Location": "Italy Grid", "Type": "Official Map"}}, {"type": "Feature", "geometry": {"type": "Polygon", "coordinates": [[[11.0, 43.57], [11.5, 43.57], [11.5, 43.9], [11.0, 43.9], [11.0, 43.57]]]}, "properties": {"Title": "Foglio 251 - FOGLIO CARG", "DOI": "CARG-251", "URL": "https://www.isprambiente.gov.it/Media/carg/index.html", "Location": "Italy Grid", "Type": "Official Map"}}, {"type": "Feature", "geometry": {"type": "Polygon", "coordinates": [[[11.5, 43.57], [12.0, 43.57], [12.0, 43.9], [11.5, 43.9], [11.5, 43.57]]]}, "properties": {"Title": "Foglio 252 - FOGLIO CARG", "DOI": "CARG-252", "URL": "https://www.isprambiente.gov.it/Media/carg/index.html", "Location": "Italy Grid", "Type": "Official Map"}}, {"type": "Feature", "geometry": {"type": "Polygon", "coordinates": [[[12.0, 43.57], [12.5, 43.57], [12.5, 43.9], [12.0, 43.9], [12.0, 43.57]]]}, "properties": {"Title": "Foglio 253 - FOGLIO CARG", "DOI": "CARG-253", "URL": "https://www.isprambiente.gov.it/Media/carg/index.html", "Location": "Italy Grid", "Type": "Official Map"}}, {"type": "Feature", "geometry": {"type": "Polygon", "coordinates": [[[12.5, 43.57], [13.0, 43.57], [13.0, 43.9], [12.5, 43.9], [12.5, 43.57]]]}, "properties": {"Title": "Foglio 254 - FOGLIO CARG", "DOI": "CARG-254", "URL": "https://www.isprambiente.gov.it/Media/carg/index.html", "Location": "Italy Grid", "Type": "Official Map"}}, {"type": "Feature", "geometry": {"type": "Polygon", "coordinates": [[[13.0, 43.57], [13.5, 43.57], [13.5, 43.9], [13.0, 43.9], [13.0, 43.57]]]}, "properties": {"Title": "Foglio 255 - FOGLIO CARG", "DOI": "CARG-255", "URL": "https://www.isprambiente.gov.it/Media/carg/index.html", "Location": "Italy Grid", "Type": "Official Map"}}, {"type": "Feature", "geometry": {"type": "Polygon", "coordinates": [[[13.5, 43.57], [14.0, 43.57], [14.0, 43.9], [13.5, 43.9], [13.5, 43.57]]]}, "properties": {"Title": "Foglio 256 - FOGLIO CARG", "DOI": "CARG-256", "URL": "https://www.isprambiente.gov.it/Media/carg/index.html", "Location": "Italy Grid", "Type": "Official Map"}}, {"type": "Feature", "geometry": {"type": "Polygon", "coordinates": [[[14.0, 43.57], [14.5, 43.57], [14.5, 43.9], [14.0, 43.9], [14.0, 43.57]]]}, "properties": {"Title": "Foglio 257 - FOGLIO CARG", "DOI": "CARG-257", "URL": "https://www.isprambiente.gov.it/Media/carg/index.html", "Location": "Italy Grid", "Type": "Official Map"}}, {"type": "Feature", "geometry": {"type": "Polygon", "coordinates": [[[14.5, 43.57], [15.0, 43.57], [15.0, 43.9], [14.5, 43.9], [14.5, 43.57]]]}, "properties": {"Title": "Foglio 258 - FOGLIO CARG", "DOI": "CARG-258", "URL": "https://www.isprambiente.gov.it/Media/carg/index.html", "Location": "Italy Grid", "Type": "Official Map"}}, {"type": "Feature", "geometry": {"type": "Polygon", "coordinates": [[[15.0, 43.57], [15.5, 43.57], [15.5, 43.9], [15.0, 43.9], [15.0, 43.57]]]}, "properties": {"Title": "Foglio 259 - FOGLIO CARG", "DOI": "CARG-259", "URL": "https://www.isprambiente.gov.it/Media/carg/index.html", "Location": "Italy Grid", "Type": "Official Map"}}, {"type": "Feature", "geometry": {"type": "Polygon", "coordinates": [[[15.5, 43.57], [16.0, 43.57], [16.0, 43.9], [15.5, 43.9], [15.5, 43.57]]]}, "properties": {"Title": "Foglio 260 - FOGLIO CARG", "DOI": "CARG-260", "URL": "https://www.isprambiente.gov.it/Media/carg/index.html", "Location": "Italy Grid", "Type": "Official Map"}}, {"type": "Feature", "geometry": {"type": "Polygon", "coordinates": [[[16.0, 43.57], [16.5, 43.57], [16.5, 43.9], [16.0, 43.9], [16.0, 43.57]]]}, "properties": {"Title": "Foglio 261 - FOGLIO CARG", "DOI": "CARG-261", "URL": "https://www.isprambiente.gov.it/Media/carg/index.html", "Location": "Italy Grid", "Type": "Official Map"}}, {"type": "Feature", "geometry": {"type": "Polygon", "coordinates": [[[16.5, 43.57], [17.0, 43.57], [17.0, 43.9], [16.5, 43.9], [16.5, 43.57]]]}, "properties": {"Title": "Foglio 262 - FOGLIO CARG", "DOI": "CARG-262", "URL": "https://www.isprambiente.gov.it/Media/carg/index.html", "Location": "Italy Grid", "Type": "Official Map"}}, {"type": "Feature", "geometry": {"type": "Polygon", "coordinates": [[[17.0, 43.57], [17.5, 43.57], [17.5, 43.9], [17.0, 43.9], [17.0, 43.57]]]}, "properties": {"Title": "Foglio 263 - FIRENZE", "DOI": "CARG-263", "URL": "https://www.isprambiente.gov.it/Media/carg/263_FIRENZE/Foglio.html", "Location": "Italy Grid", "Type": "Official Map"}}, {"type": "Feature", "geometry": {"type": "Polygon", "coordinates": [[[17.5, 43.57], [18.0, 43.57], [18.0, 43.9], [17.5, 43.9], [17.5, 43.57]]]}, "properties": {"Title": "Foglio 264 - FOGLIO CARG", "DOI": "CARG-264", "URL": "https://www.isprambiente.gov.it/Media/carg/index.html", "Location": "Italy Grid", "Type": "Official Map"}}, {"type": "Feature", "geometry": {"type": "Polygon", "coordinates": [[[6.0, 43.24], [6.5, 43.24], [6.5, 43.57], [6.0, 43.57], [6.0, 43.24]]]}, "properties": {"Title": "Foglio 265 - FOGLIO CARG", "DOI": "CARG-265", "URL": "https://www.isprambiente.gov.it/Media/carg/index.html", "Location": "Italy Grid", "Type": "Official Map"}}, {"type": "Feature", "geometry": {"type": "Polygon", "coordinates": [[[6.5, 43.24], [7.0, 43.24], [7.0, 43.57], [6.5, 43.57], [6.5, 43.24]]]}, "properties": {"Title": "Foglio 266 - FOGLIO CARG", "DOI": "CARG-266", "URL": "https://www.isprambiente.gov.it/Media/carg/index.html", "Location": "Italy Grid", "Type": "Official Map"}}, {"type": "Feature", "geometry": {"type": "Polygon", "coordinates": [[[7.0, 43.24], [7.5, 43.24], [7.5, 43.57], [7.0, 43.57], [7.0, 43.24]]]}, "properties": {"Title": "Foglio 267 - FOGLIO CARG", "DOI": "CARG-267", "URL": "https://www.isprambiente.gov.it/Media/carg/index.html", "Location": "Italy Grid", "Type": "Official Map"}}, {"type": "Feature", "geometry": {"type": "Polygon", "coordinates": [[[7.5, 43.24], [8.0, 43.24], [8.0, 43.57], [7.5, 43.57], [7.5, 43.24]]]}, "properties": {"Title": "Foglio 268 - FOGLIO CARG", "DOI": "CARG-268", "URL": "https://www.isprambiente.gov.it/Media/carg/index.html", "Location": "Italy Grid", "Type": "Official Map"}}, {"type": "Feature", "geometry": {"type": "Polygon", "coordinates": [[[8.0, 43.24], [8.5, 43.24], [8.5, 43.57], [8.0, 43.57], [8.0, 43.24]]]}, "properties": {"Title": "Foglio 269 - FOGLIO CARG", "DOI": "CARG-269", "URL": "https://www.isprambiente.gov.it/Media/carg/index.html", "Location": "Italy Grid", "Type": "Official Map"}}, {"type": "Feature", "geometry": {"type": "Polygon", "coordinates": [[[8.5, 43.24], [9.0, 43.24], [9.0, 43.57], [8.5, 43.57], [8.5, 43.24]]]}, "properties": {"Title": "Foglio 270 - FOGLIO CARG", "DOI": "CARG-270", "URL": "https://www.isprambiente.gov.it/Media/carg/index.html", "Location": "Italy Grid", "Type": "Official Map"}}, {"type": "Feature", "geometry": {"type": "Polygon", "coordinates": [[[9.0, 43.24], [9.5, 43.24], [9.5, 43.57], [9.0, 43.57], [9.0, 43.24]]]}, "properties": {"Title": "Foglio 271 - FOGLIO CARG", "DOI": "CARG-271", "URL": "https://www.isprambiente.gov.it/Media/carg/index.html", "Location": "Italy Grid", "Type": "Official Map"}}, {"type": "Feature", "geometry": {"type": "Polygon", "coordinates": [[[9.5, 43.24], [10.0, 43.24], [10.0, 43.57], [9.5, 43.57], [9.5, 43.24]]]}, "properties": {"Title": "Foglio 272 - FOGLIO CARG", "DOI": "CARG-272", "URL": "https://www.isprambiente.gov.it/Media/carg/index.html", "Location": "Italy Grid", "Type": "Official Map"}}, {"type": "Feature", "geometry": {"type": "Polygon", "coordinates": [[[10.0, 43.24], [10.5, 43.24], [10.5, 43.57], [10.0, 43.57], [10.0, 43.24]]]}, "properties": {"Title": "Foglio 273 - FOGLIO CARG", "DOI": "CARG-273", "URL": "https://www.isprambiente.gov.it/Media/carg/index.html", "Location": "Italy Grid", "Type": "Official Map"}}, {"type": "Feature", "geometry": {"type": "Polygon", "coordinates": [[[10.5, 43.24], [11.0, 43.24], [11.0, 43.57], [10.5, 43.57], [10.5, 43.24]]]}, "properties": {"Title": "Foglio 274 - FOGLIO CARG", "DOI": "CARG-274", "URL": "https://www.isprambiente.gov.it/Media/carg/index.html", "Location": "Italy Grid", "Type": "Official Map"}}, {"type": "Feature", "geometry": {"type": "Polygon", "coordinates": [[[11.0, 43.24], [11.5, 43.24], [11.5, 43.57], [11.0, 43.57], [11.0, 43.24]]]}, "properties": {"Title": "Foglio 275 - FOGLIO CARG", "DOI": "CARG-275", "URL": "https://www.isprambiente.gov.it/Media/carg/index.html", "Location": "Italy Grid", "Type": "Official Map"}}, {"type": "Feature", "geometry": {"type": "Polygon", "coordinates": [[[11.5, 43.24], [12.0, 43.24], [12.0, 43.57], [11.5, 43.57], [11.5, 43.24]]]}, "properties": {"Title": "Foglio 276 - FOGLIO CARG", "DOI": "CARG-276", "URL": "https://www.isprambiente.gov.it/Media/carg/index.html", "Location": "Italy Grid", "Type": "Official Map"}}, {"type": "Feature", "geometry": {"type": "Polygon", "coordinates": [[[12.0, 43.24], [12.5, 43.24], [12.5, 43.57], [12.0, 43.57], [12.0, 43.24]]]}, "properties": {"Title": "Foglio 277 - FOGLIO CARG", "DOI": "CARG-277", "URL": "https://www.isprambiente.gov.it/Media/carg/index.html", "Location": "Italy Grid", "Type": "Official Map"}}, {"type": "Feature", "geometry": {"type": "Polygon", "coordinates": [[[12.5, 43.24], [13.0, 43.24], [13.0, 43.57], [12.5, 43.57], [12.5, 43.24]]]}, "properties": {"Title": "Foglio 278 - FOGLIO CARG", "DOI": "CARG-278", "URL": "https://www.isprambiente.gov.it/Media/carg/index.html", "Location": "Italy Grid", "Type": "Official Map"}}, {"type": "Feature", "geometry": {"type": "Polygon", "coordinates": [[[13.0, 43.24], [13.5, 43.24], [13.5, 43.57], [13.0, 43.57], [13.0, 43.24]]]}, "properties": {"Title": "Foglio 279 - FOGLIO CARG", "DOI": "CARG-279", "URL": "https://www.isprambiente.gov.it/Media/carg/index.html", "Location": "Italy Grid", "Type": "Official Map"}}, {"type": "Feature", "geometry": {"type": "Polygon", "coordinates": [[[13.5, 43.24], [14.0, 43.24], [14.0, 43.57], [13.5, 43.57], [13.5, 43.24]]]}, "properties": {"Title": "Foglio 280 - FOGLIO CARG", "DOI": "CARG-280", "URL": "https://www.isprambiente.gov.it/Media/carg/index.html", "Location": "Italy Grid", "Type": "Official Map"}}, {"type": "Feature", "geometry": {"type": "Polygon", "coordinates": [[[14.0, 43.24], [14.5, 43.24], [14.5, 43.57], [14.0, 43.57], [14.0, 43.24]]]}, "properties": {"Title": "Foglio 281 - FOGLIO CARG", "DOI": "CARG-281", "URL": "https://www.isprambiente.gov.it/Media/carg/index.html", "Location": "Italy Grid", "Type": "Official Map"}}, {"type": "Feature", "geometry": {"type": "Polygon", "coordinates": [[[14.5, 43.24], [15.0, 43.24], [15.0, 43.57], [14.5, 43.57], [14.5, 43.24]]]}, "properties": {"Title": "Foglio 282 - FOGLIO CARG", "DOI": "CARG-282", "URL": "https://www.isprambiente.gov.it/Media/carg/index.html", "Location": "Italy Grid", "Type": "Official Map"}}, {"type": "Feature", "geometry": {"type": "Polygon", "coordinates": [[[15.0, 43.24], [15.5, 43.24], [15.5, 43.57], [15.0, 43.57], [15.0, 43.24]]]}, "properties": {"Title": "Foglio 283 - ANCONA", "DOI": "CARG-283", "URL": "https://www.isprambiente.gov.it/Media/carg/283_ANCONA/Foglio.html", "Location": "Italy Grid", "Type": "Official Map"}}, {"type": "Feature", "geometry": {"type": "Polygon", "coordinates": [[[15.5, 43.24], [16.0, 43.24], [16.0, 43.57], [15.5, 43.57], [15.5, 43.24]]]}, "properties": {"Title": "Foglio 284 - FOGLIO CARG", "DOI": "CARG-284", "URL": "https://www.isprambiente.gov.it/Media/carg/index.html", "Location": "Italy Grid", "Type": "Official Map"}}, {"type": "Feature", "geometry": {"type": "Polygon", "coordinates": [[[16.0, 43.24], [16.5, 43.24], [16.5, 43.57], [16.0, 43.57], [16.0, 43.24]]]}, "properties": {"Title": "Foglio 285 - FOGLIO CARG", "DOI": "CARG-285", "URL": "https://www.isprambiente.gov.it/Media/carg/index.html", "Location": "Italy Grid", "Type": "Official Map"}}, {"type": "Feature", "geometry": {"type": "Polygon", "coordinates": [[[16.5, 43.24], [17.0, 43.24], [17.0, 43.57], [16.5, 43.57], [16.5, 43.24]]]}, "properties": {"Title": "Foglio 286 - FOGLIO CARG", "DOI": "CARG-286", "URL": "https://www.isprambiente.gov.it/Media/carg/index.html", "Location": "Italy Grid", "Type": "Official Map"}}, {"type": "Feature", "geometry": {"type": "Polygon", "coordinates": [[[17.0, 43.24], [17.5, 43.24], [17.5, 43.57], [17.0, 43.57], [17.0, 43.24]]]}, "properties": {"Title": "Foglio 287 - FOGLIO CARG", "DOI": "CARG-287", "URL": "https://www.isprambiente.gov.it/Media/carg/index.html", "Location": "Italy Grid", "Type": "Official Map"}}, {"type": "Feature", "geometry": {"type": "Polygon", "coordinates": [[[17.5, 43.24], [18.0, 43.24], [18.0, 43.57], [17.5, 43.57], [17.5, 43.24]]]}, "properties": {"Title": "Foglio 288 - FOGLIO CARG", "DOI": "CARG-288", "URL": "https://www.isprambiente.gov.it/Media/carg/index.html", "Location": "Italy Grid", "Type": "Official Map"}}, {"type": "Feature", "geometry": {"type": "Polygon", "coordinates": [[[6.0, 42.91], [6.5, 42.91], [6.5, 43.24], [6.0, 43.24], [6.0, 42.91]]]}, "properties": {"Title": "Foglio 289 - FOGLIO CARG", "DOI": "CARG-289", "URL": "https://www.isprambiente.gov.it/Media/carg/index.html", "Location": "Italy Grid", "Type": "Official Map"}}, {"type": "Feature", "geometry": {"type": "Polygon", "coordinates": [[[6.5, 42.91], [7.0, 42.91], [7.0, 43.24], [6.5, 43.24], [6.5, 42.91]]]}, "properties": {"Title": "Foglio 290 - FOGLIO CARG", "DOI": "CARG-290", "URL": "https://www.isprambiente.gov.it/Media/carg/index.html", "Location": "Italy Grid", "Type": "Official Map"}}, {"type": "Feature", "geometry": {"type": "Polygon", "coordinates": [[[7.0, 42.91], [7.5, 42.91], [7.5, 43.24], [7.0, 43.24], [7.0, 42.91]]]}, "properties": {"Title": "Foglio 291 - FOGLIO CARG", "DOI": "CARG-291", "URL": "https://www.isprambiente.gov.it/Media/carg/index.html", "Location": "Italy Grid", "Type": "Official Map"}}, {"type": "Feature", "geometry": {"type": "Polygon", "coordinates": [[[7.5, 42.91], [8.0, 42.91], [8.0, 43.24], [7.5, 43.24], [7.5, 42.91]]]}, "properties": {"Title": "Foglio 292 - FOGLIO CARG", "DOI": "CARG-292", "URL": "https://www.isprambiente.gov.it/Media/carg/index.html", "Location": "Italy Grid", "Type": "Official Map"}}, {"type": "Feature", "geometry": {"type": "Polygon", "coordinates": [[[8.0, 42.91], [8.5, 42.91], [8.5, 43.24], [8.0, 43.24], [8.0, 42.91]]]}, "properties": {"Title": "Foglio 293 - FOGLIO CARG", "DOI": "CARG-293", "URL": "https://www.isprambiente.gov.it/Media/carg/index.html", "Location": "Italy Grid", "Type": "Official Map"}}, {"type": "Feature", "geometry": {"type": "Polygon", "coordinates": [[[8.5, 42.91], [9.0, 42.91], [9.0, 43.24], [8.5, 43.24], [8.5, 42.91]]]}, "properties": {"Title": "Foglio 294 - FOGLIO CARG", "DOI": "CARG-294", "URL": "https://www.isprambiente.gov.it/Media/carg/index.html", "Location": "Italy Grid", "Type": "Official Map"}}, {"type": "Feature", "geometry": {"type": "Polygon", "coordinates": [[[9.0, 42.91], [9.5, 42.91], [9.5, 43.24], [9.0, 43.24], [9.0, 42.91]]]}, "properties": {"Title": "Foglio 295 - FOGLIO CARG", "DOI": "CARG-295", "URL": "https://www.isprambiente.gov.it/Media/carg/index.html", "Location": "Italy Grid", "Type": "Official Map"}}, {"type": "Feature", "geometry": {"type": "Polygon", "coordinates": [[[9.5, 42.91], [10.0, 42.91], [10.0, 43.24], [9.5, 43.24], [9.5, 42.91]]]}, "properties": {"Title": "Foglio 296 - FOGLIO CARG", "DOI": "CARG-296", "URL": "https://www.isprambiente.gov.it/Media/carg/index.html", "Location": "Italy Grid", "Type": "Official Map"}}, {"type": "Feature", "geometry": {"type": "Polygon", "coordinates": [[[10.0, 42.91], [10.5, 42.91], [10.5, 43.24], [10.0, 43.24], [10.0, 42.91]]]}, "properties": {"Title": "Foglio 297 - FOGLIO CARG", "DOI": "CARG-297", "URL": "https://www.isprambiente.gov.it/Media/carg/index.html", "Location": "Italy Grid", "Type": "Official Map"}}, {"type": "Feature", "geometry": {"type": "Polygon", "coordinates": [[[10.5, 42.91], [11.0, 42.91], [11.0, 43.24], [10.5, 43.24], [10.5, 42.91]]]}, "properties": {"Title": "Foglio 298 - FOGLIO CARG", "DOI": "CARG-298", "URL": "https://www.isprambiente.gov.it/Media/carg/index.html", "Location": "Italy Grid", "Type": "Official Map"}}, {"type": "Feature", "geometry": {"type": "Polygon", "coordinates": [[[11.0, 42.91], [11.5, 42.91], [11.5, 43.24], [11.0, 43.24], [11.0, 42.91]]]}, "properties": {"Title": "Foglio 299 - PERUGIA", "DOI": "CARG-299", "URL": "https://www.isprambiente.gov.it/Media/carg/299_PERUGIA/Foglio.html", "Location": "Italy Grid", "Type": "Official Map"}}, {"type": "Feature", "geometry": {"type": "Polygon", "coordinates": [[[11.5, 42.91], [12.0, 42.91], [12.0, 43.24], [11.5, 43.24], [11.5, 42.91]]]}, "properties": {"Title": "Foglio 300 - FOGLIO CARG", "DOI": "CARG-300", "URL": "https://www.isprambiente.gov.it/Media/carg/index.html", "Location": "Italy Grid", "Type": "Official Map"}}, {"type": "Feature", "geometry": {"type": "Polygon", "coordinates": [[[12.0, 42.91], [12.5, 42.91], [12.5, 43.24], [12.0, 43.24], [12.0, 42.91]]]}, "properties": {"Title": "Foglio 301 - FOGLIO CARG", "DOI": "CARG-301", "URL": "https://www.isprambiente.gov.it/Media/carg/index.html", "Location": "Italy Grid", "Type": "Official Map"}}, {"type": "Feature", "geometry": {"type": "Polygon", "coordinates": [[[12.5, 42.91], [13.0, 42.91], [13.0, 43.24], [12.5, 43.24], [12.5, 42.91]]]}, "properties": {"Title": "Foglio 302 - FOGLIO CARG", "DOI": "CARG-302", "URL": "https://www.isprambiente.gov.it/Media/carg/index.html", "Location": "Italy Grid", "Type": "Official Map"}}, {"type": "Feature", "geometry": {"type": "Polygon", "coordinates": [[[13.0, 42.91], [13.5, 42.91], [13.5, 43.24], [13.0, 43.24], [13.0, 42.91]]]}, "properties": {"Title": "Foglio 303 - FOGLIO CARG", "DOI": "CARG-303", "URL": "https://www.isprambiente.gov.it/Media/carg/index.html", "Location": "Italy Grid", "Type": "Official Map"}}, {"type": "Feature", "geometry": {"type": "Polygon", "coordinates": [[[13.5, 42.91], [14.0, 42.91], [14.0, 43.24], [13.5, 43.24], [13.5, 42.91]]]}, "properties": {"Title": "Foglio 304 - FOGLIO CARG", "DOI": "CARG-304", "URL": "https://www.isprambiente.gov.it/Media/carg/index.html", "Location": "Italy Grid", "Type": "Official Map"}}, {"type": "Feature", "geometry": {"type": "Polygon", "coordinates": [[[14.0, 42.91], [14.5, 42.91], [14.5, 43.24], [14.0, 43.24], [14.0, 42.91]]]}, "properties": {"Title": "Foglio 305 - FOGLIO CARG", "DOI": "CARG-305", "URL": "https://www.isprambiente.gov.it/Media/carg/index.html", "Location": "Italy Grid", "Type": "Official Map"}}, {"type": "Feature", "geometry": {"type": "Polygon", "coordinates": [[[14.5, 42.91], [15.0, 42.91], [15.0, 43.24], [14.5, 43.24], [14.5, 42.91]]]}, "properties": {"Title": "Foglio 306 - FOGLIO CARG", "DOI": "CARG-306", "URL": "https://www.isprambiente.gov.it/Media/carg/index.html", "Location": "Italy Grid", "Type": "Official Map"}}, {"type": "Feature", "geometry": {"type": "Polygon", "coordinates": [[[15.0, 42.91], [15.5, 42.91], [15.5, 43.24], [15.0, 43.24], [15.0, 42.91]]]}, "properties": {"Title": "Foglio 307 - FOGLIO CARG", "DOI": "CARG-307", "URL": "https://www.isprambiente.gov.it/Media/carg/index.html", "Location": "Italy Grid", "Type": "Official Map"}}, {"type": "Feature", "geometry": {"type": "Polygon", "coordinates": [[[15.5, 42.91], [16.0, 42.91], [16.0, 43.24], [15.5, 43.24], [15.5, 42.91]]]}, "properties": {"Title": "Foglio 308 - FOGLIO CARG", "DOI": "CARG-308", "URL": "https://www.isprambiente.gov.it/Media/carg/index.html", "Location": "Italy Grid", "Type": "Official Map"}}, {"type": "Feature", "geometry": {"type": "Polygon", "coordinates": [[[16.0, 42.91], [16.5, 42.91], [16.5, 43.24], [16.0, 43.24], [16.0, 42.91]]]}, "properties": {"Title": "Foglio 309 - FOGLIO CARG", "DOI": "CARG-309", "URL": "https://www.isprambiente.gov.it/Media/carg/index.html", "Location": "Italy Grid", "Type": "Official Map"}}, {"type": "Feature", "geometry": {"type": "Polygon", "coordinates": [[[16.5, 42.91], [17.0, 42.91], [17.0, 43.24], [16.5, 43.24], [16.5, 42.91]]]}, "properties": {"Title": "Foglio 310 - FOGLIO CARG", "DOI": "CARG-310", "URL": "https://www.isprambiente.gov.it/Media/carg/index.html", "Location": "Italy Grid", "Type": "Official Map"}}, {"type": "Feature", "geometry": {"type": "Polygon", "coordinates": [[[17.0, 42.91], [17.5, 42.91], [17.5, 43.24], [17.0, 43.24], [17.0, 42.91]]]}, "properties": {"Title": "Foglio 311 - FOGLIO CARG", "DOI": "CARG-311", "URL": "https://www.isprambiente.gov.it/Media/carg/index.html", "Location": "Italy Grid", "Type": "Official Map"}}, {"type": "Feature", "geometry": {"type": "Polygon", "coordinates": [[[17.5, 42.91], [18.0, 42.91], [18.0, 43.24], [17.5, 43.24], [17.5, 42.91]]]}, "properties": {"Title": "Foglio 312 - FOGLIO CARG", "DOI": "CARG-312", "URL": "https://www.isprambiente.gov.it/Media/carg/index.html", "Location": "Italy Grid", "Type": "Official Map"}}, {"type": "Feature", "geometry": {"type": "Polygon", "coordinates": [[[6.0, 42.58], [6.5, 42.58], [6.5, 42.91], [6.0, 42.91], [6.0, 42.58]]]}, "properties": {"Title": "Foglio 313 - FOGLIO CARG", "DOI": "CARG-313", "URL": "https://www.isprambiente.gov.it/Media/carg/index.html", "Location": "Italy Grid", "Type": "Official Map"}}, {"type": "Feature", "geometry": {"type": "Polygon", "coordinates": [[[6.5, 42.58], [7.0, 42.58], [7.0, 42.91], [6.5, 42.91], [6.5, 42.58]]]}, "properties": {"Title": "Foglio 314 - FOGLIO CARG", "DOI": "CARG-314", "URL": "https://www.isprambiente.gov.it/Media/carg/index.html", "Location": "Italy Grid", "Type": "Official Map"}}, {"type": "Feature", "geometry": {"type": "Polygon", "coordinates": [[[7.0, 42.58], [7.5, 42.58], [7.5, 42.91], [7.0, 42.91], [7.0, 42.58]]]}, "properties": {"Title": "Foglio 315 - FOGLIO CARG", "DOI": "CARG-315", "URL": "https://www.isprambiente.gov.it/Media/carg/index.html", "Location": "Italy Grid", "Type": "Official Map"}}, {"type": "Feature", "geometry": {"type": "Polygon", "coordinates": [[[7.5, 42.58], [8.0, 42.58], [8.0, 42.91], [7.5, 42.91], [7.5, 42.58]]]}, "properties": {"Title": "Foglio 316 - FOGLIO CARG", "DOI": "CARG-316", "URL": "https://www.isprambiente.gov.it/Media/carg/index.html", "Location": "Italy Grid", "Type": "Official Map"}}, {"type": "Feature", "geometry": {"type": "Polygon", "coordinates": [[[8.0, 42.58], [8.5, 42.58], [8.5, 42.91], [8.0, 42.91], [8.0, 42.58]]]}, "properties": {"Title": "Foglio 317 - FOGLIO CARG", "DOI": "CARG-317", "URL": "https://www.isprambiente.gov.it/Media/carg/index.html", "Location": "Italy Grid", "Type": "Official Map"}}, {"type": "Feature", "geometry": {"type": "Polygon", "coordinates": [[[8.5, 42.58], [9.0, 42.58], [9.0, 42.91], [8.5, 42.91], [8.5, 42.58]]]}, "properties": {"Title": "Foglio 318 - FOGLIO CARG", "DOI": "CARG-318", "URL": "https://www.isprambiente.gov.it/Media/carg/index.html", "Location": "Italy Grid", "Type": "Official Map"}}, {"type": "Feature", "geometry": {"type": "Polygon", "coordinates": [[[9.0, 42.58], [9.5, 42.58], [9.5, 42.91], [9.0, 42.91], [9.0, 42.58]]]}, "properties": {"Title": "Foglio 319 - FOGLIO CARG", "DOI": "CARG-319", "URL": "https://www.isprambiente.gov.it/Media/carg/index.html", "Location": "Italy Grid", "Type": "Official Map"}}, {"type": "Feature", "geometry": {"type": "Polygon", "coordinates": [[[9.5, 42.58], [10.0, 42.58], [10.0, 42.91], [9.5, 42.91], [9.5, 42.58]]]}, "properties": {"Title": "Foglio 320 - FOGLIO CARG", "DOI": "CARG-320", "URL": "https://www.isprambiente.gov.it/Media/carg/index.html", "Location": "Italy Grid", "Type": "Official Map"}}, {"type": "Feature", "geometry": {"type": "Polygon", "coordinates": [[[10.0, 42.58], [10.5, 42.58], [10.5, 42.91], [10.0, 42.91], [10.0, 42.58]]]}, "properties": {"Title": "Foglio 321 - FOGLIO CARG", "DOI": "CARG-321", "URL": "https://www.isprambiente.gov.it/Media/carg/index.html", "Location": "Italy Grid", "Type": "Official Map"}}, {"type": "Feature", "geometry": {"type": "Polygon", "coordinates": [[[10.5, 42.58], [11.0, 42.58], [11.0, 42.91], [10.5, 42.91], [10.5, 42.58]]]}, "properties": {"Title": "Foglio 322 - FOGLIO CARG", "DOI": "CARG-322", "URL": "https://www.isprambiente.gov.it/Media/carg/index.html", "Location": "Italy Grid", "Type": "Official Map"}}, {"type": "Feature", "geometry": {"type": "Polygon", "coordinates": [[[11.0, 42.58], [11.5, 42.58], [11.5, 42.91], [11.0, 42.91], [11.0, 42.58]]]}, "properties": {"Title": "Foglio 323 - FOGLIO CARG", "DOI": "CARG-323", "URL": "https://www.isprambiente.gov.it/Media/carg/index.html", "Location": "Italy Grid", "Type": "Official Map"}}, {"type": "Feature", "geometry": {"type": "Polygon", "coordinates": [[[11.5, 42.58], [12.0, 42.58], [12.0, 42.91], [11.5, 42.91], [11.5, 42.58]]]}, "properties": {"Title": "Foglio 324 - FOGLIO CARG", "DOI": "CARG-324", "URL": "https://www.isprambiente.gov.it/Media/carg/index.html", "Location": "Italy Grid", "Type": "Official Map"}}, {"type": "Feature", "geometry": {"type": "Polygon", "coordinates": [[[12.0, 42.58], [12.5, 42.58], [12.5, 42.91], [12.0, 42.91], [12.0, 42.58]]]}, "properties": {"Title": "Foglio 325 - FOGLIO CARG", "DOI": "CARG-325", "URL": "https://www.isprambiente.gov.it/Media/carg/index.html", "Location": "Italy Grid", "Type": "Official Map"}}, {"type": "Feature", "geometry": {"type": "Polygon", "coordinates": [[[12.5, 42.58], [13.0, 42.58], [13.0, 42.91], [12.5, 42.91], [12.5, 42.58]]]}, "properties": {"Title": "Foglio 326 - FOGLIO CARG", "DOI": "CARG-326", "URL": "https://www.isprambiente.gov.it/Media/carg/index.html", "Location": "Italy Grid", "Type": "Official Map"}}, {"type": "Feature", "geometry": {"type": "Polygon", "coordinates": [[[13.0, 42.58], [13.5, 42.58], [13.5, 42.91], [13.0, 42.91], [13.0, 42.58]]]}, "properties": {"Title": "Foglio 327 - FOGLIO CARG", "DOI": "CARG-327", "URL": "https://www.isprambiente.gov.it/Media/carg/index.html", "Location": "Italy Grid", "Type": "Official Map"}}, {"type": "Feature", "geometry": {"type": "Polygon", "coordinates": [[[13.5, 42.58], [14.0, 42.58], [14.0, 42.91], [13.5, 42.91], [13.5, 42.58]]]}, "properties": {"Title": "Foglio 328 - FOGLIO CARG", "DOI": "CARG-328", "URL": "https://www.isprambiente.gov.it/Media/carg/index.html", "Location": "Italy Grid", "Type": "Official Map"}}, {"type": "Feature", "geometry": {"type": "Polygon", "coordinates": [[[14.0, 42.58], [14.5, 42.58], [14.5, 42.91], [14.0, 42.91], [14.0, 42.58]]]}, "properties": {"Title": "Foglio 329 - FOGLIO CARG", "DOI": "CARG-329", "URL": "https://www.isprambiente.gov.it/Media/carg/index.html", "Location": "Italy Grid", "Type": "Official Map"}}, {"type": "Feature", "geometry": {"type": "Polygon", "coordinates": [[[14.5, 42.58], [15.0, 42.58], [15.0, 42.91], [14.5, 42.91], [14.5, 42.58]]]}, "properties": {"Title": "Foglio 330 - FOGLIO CARG", "DOI": "CARG-330", "URL": "https://www.isprambiente.gov.it/Media/carg/index.html", "Location": "Italy Grid", "Type": "Official Map"}}, {"type": "Feature", "geometry": {"type": "Polygon", "coordinates": [[[15.0, 42.58], [15.5, 42.58], [15.5, 42.91], [15.0, 42.91], [15.0, 42.58]]]}, "properties": {"Title": "Foglio 331 - FOGLIO CARG", "DOI": "CARG-331", "URL": "https://www.isprambiente.gov.it/Media/carg/index.html", "Location": "Italy Grid", "Type": "Official Map"}}, {"type": "Feature", "geometry": {"type": "Polygon", "coordinates": [[[15.5, 42.58], [16.0, 42.58], [16.0, 42.91], [15.5, 42.91], [15.5, 42.58]]]}, "properties": {"Title": "Foglio 332 - FOGLIO CARG", "DOI": "CARG-332", "URL": "https://www.isprambiente.gov.it/Media/carg/index.html", "Location": "Italy Grid", "Type": "Official Map"}}, {"type": "Feature", "geometry": {"type": "Polygon", "coordinates": [[[16.0, 42.58], [16.5, 42.58], [16.5, 42.91], [16.0, 42.91], [16.0, 42.58]]]}, "properties": {"Title": "Foglio 333 - FOGLIO CARG", "DOI": "CARG-333", "URL": "https://www.isprambiente.gov.it/Media/carg/index.html", "Location": "Italy Grid", "Type": "Official Map"}}, {"type": "Feature", "geometry": {"type": "Polygon", "coordinates": [[[16.5, 42.58], [17.0, 42.58], [17.0, 42.91], [16.5, 42.91], [16.5, 42.58]]]}, "properties": {"Title": "Foglio 334 - FOGLIO CARG", "DOI": "CARG-334", "URL": "https://www.isprambiente.gov.it/Media/carg/index.html", "Location": "Italy Grid", "Type": "Official Map"}}, {"type": "Feature", "geometry": {"type": "Polygon", "coordinates": [[[17.0, 42.58], [17.5, 42.58], [17.5, 42.91], [17.0, 42.91], [17.0, 42.58]]]}, "properties": {"Title": "Foglio 335 - FOGLIO CARG", "DOI": "CARG-335", "URL": "https://www.isprambiente.gov.it/Media/carg/index.html", "Location": "Italy Grid", "Type": "Official Map"}}, {"type": "Feature", "geometry": {"type": "Polygon", "coordinates": [[[17.5, 42.58], [18.0, 42.58], [18.0, 42.91], [17.5, 42.91], [17.5, 42.58]]]}, "properties": {"Title": "Foglio 336 - FOGLIO CARG", "DOI": "CARG-336", "URL": "https://www.isprambiente.gov.it/Media/carg/index.html", "Location": "Italy Grid", "Type": "Official Map"}}, {"type": "Feature", "geometry": {"type": "Polygon", "coordinates": [[[6.0, 42.25], [6.5, 42.25], [6.5, 42.58], [6.0, 42.58], [6.0, 42.25]]]}, "properties": {"Title": "Foglio 337 - FOGLIO CARG", "DOI": "CARG-337", "URL": "https://www.isprambiente.gov.it/Media/carg/index.html", "Location": "Italy Grid", "Type": "Official Map"}}, {"type": "Feature", "geometry": {"type": "Polygon", "coordinates": [[[6.5, 42.25], [7.0, 42.25], [7.0, 42.58], [6.5, 42.58], [6.5, 42.25]]]}, "properties": {"Title": "Foglio 338 - FOGLIO CARG", "DOI": "CARG-338", "URL": "https://www.isprambiente.gov.it/Media/carg/index.html", "Location": "Italy Grid", "Type": "Official Map"}}, {"type": "Feature", "geometry": {"type": "Polygon", "coordinates": [[[7.0, 42.25], [7.5, 42.25], [7.5, 42.58], [7.0, 42.58], [7.0, 42.25]]]}, "properties": {"Title": "Foglio 339 - FOGLIO CARG", "DOI": "CARG-339", "URL": "https://www.isprambiente.gov.it/Media/carg/index.html", "Location": "Italy Grid", "Type": "Official Map"}}, {"type": "Feature", "geometry": {"type": "Polygon", "coordinates": [[[7.5, 42.25], [8.0, 42.25], [8.0, 42.58], [7.5, 42.58], [7.5, 42.25]]]}, "properties": {"Title": "Foglio 340 - FOGLIO CARG", "DOI": "CARG-340", "URL": "https://www.isprambiente.gov.it/Media/carg/index.html", "Location": "Italy Grid", "Type": "Official Map"}}, {"type": "Feature", "geometry": {"type": "Polygon", "coordinates": [[[8.0, 42.25], [8.5, 42.25], [8.5, 42.58], [8.0, 42.58], [8.0, 42.25]]]}, "properties": {"Title": "Foglio 341 - FOGLIO CARG", "DOI": "CARG-341", "URL": "https://www.isprambiente.gov.it/Media/carg/index.html", "Location": "Italy Grid", "Type": "Official Map"}}, {"type": "Feature", "geometry": {"type": "Polygon", "coordinates": [[[8.5, 42.25], [9.0, 42.25], [9.0, 42.58], [8.5, 42.58], [8.5, 42.25]]]}, "properties": {"Title": "Foglio 342 - FOGLIO CARG", "DOI": "CARG-342", "URL": "https://www.isprambiente.gov.it/Media/carg/index.html", "Location": "Italy Grid", "Type": "Official Map"}}, {"type": "Feature", "geometry": {"type": "Polygon", "coordinates": [[[9.0, 42.25], [9.5, 42.25], [9.5, 42.58], [9.0, 42.58], [9.0, 42.25]]]}, "properties": {"Title": "Foglio 343 - FOGLIO CARG", "DOI": "CARG-343", "URL": "https://www.isprambiente.gov.it/Media/carg/index.html", "Location": "Italy Grid", "Type": "Official Map"}}, {"type": "Feature", "geometry": {"type": "Polygon", "coordinates": [[[9.5, 42.25], [10.0, 42.25], [10.0, 42.58], [9.5, 42.58], [9.5, 42.25]]]}, "properties": {"Title": "Foglio 344 - FOGLIO CARG", "DOI": "CARG-344", "URL": "https://www.isprambiente.gov.it/Media/carg/index.html", "Location": "Italy Grid", "Type": "Official Map"}}, {"type": "Feature", "geometry": {"type": "Polygon", "coordinates": [[[10.0, 42.25], [10.5, 42.25], [10.5, 42.58], [10.0, 42.58], [10.0, 42.25]]]}, "properties": {"Title": "Foglio 345 - FOGLIO CARG", "DOI": "CARG-345", "URL": "https://www.isprambiente.gov.it/Media/carg/index.html", "Location": "Italy Grid", "Type": "Official Map"}}, {"type": "Feature", "geometry": {"type": "Polygon", "coordinates": [[[10.5, 42.25], [11.0, 42.25], [11.0, 42.58], [10.5, 42.58], [10.5, 42.25]]]}, "properties": {"Title": "Foglio 346 - FOGLIO CARG", "DOI": "CARG-346", "URL": "https://www.isprambiente.gov.it/Media/carg/index.html", "Location": "Italy Grid", "Type": "Official Map"}}, {"type": "Feature", "geometry": {"type": "Polygon", "coordinates": [[[11.0, 42.25], [11.5, 42.25], [11.5, 42.58], [11.0, 42.58], [11.0, 42.25]]]}, "properties": {"Title": "Foglio 347 - FOGLIO CARG", "DOI": "CARG-347", "URL": "https://www.isprambiente.gov.it/Media/carg/index.html", "Location": "Italy Grid", "Type": "Official Map"}}, {"type": "Feature", "geometry": {"type": "Polygon", "coordinates": [[[11.5, 42.25], [12.0, 42.25], [12.0, 42.58], [11.5, 42.58], [11.5, 42.25]]]}, "properties": {"Title": "Foglio 348 - FOGLIO CARG", "DOI": "CARG-348", "URL": "https://www.isprambiente.gov.it/Media/carg/index.html", "Location": "Italy Grid", "Type": "Official Map"}}, {"type": "Feature", "geometry": {"type": "Polygon", "coordinates": [[[12.0, 42.25], [12.5, 42.25], [12.5, 42.58], [12.0, 42.58], [12.0, 42.25]]]}, "properties": {"Title": "Foglio 349 - GRAN SASSO", "DOI": "CARG-349", "URL": "https://www.isprambiente.gov.it/Media/carg/349_GRAN_SASSO/Foglio.html", "Location": "Italy Grid", "Type": "Official Map"}}, {"type": "Feature", "geometry": {"type": "Polygon", "coordinates": [[[12.5, 42.25], [13.0, 42.25], [13.0, 42.58], [12.5, 42.58], [12.5, 42.25]]]}, "properties": {"Title": "Foglio 350 - FOGLIO CARG", "DOI": "CARG-350", "URL": "https://www.isprambiente.gov.it/Media/carg/index.html", "Location": "Italy Grid", "Type": "Official Map"}}, {"type": "Feature", "geometry": {"type": "Polygon", "coordinates": [[[13.0, 42.25], [13.5, 42.25], [13.5, 42.58], [13.0, 42.58], [13.0, 42.25]]]}, "properties": {"Title": "Foglio 351 - FOGLIO CARG", "DOI": "CARG-351", "URL": "https://www.isprambiente.gov.it/Media/carg/index.html", "Location": "Italy Grid", "Type": "Official Map"}}, {"type": "Feature", "geometry": {"type": "Polygon", "coordinates": [[[13.5, 42.25], [14.0, 42.25], [14.0, 42.58], [13.5, 42.58], [13.5, 42.25]]]}, "properties": {"Title": "Foglio 352 - FOGLIO CARG", "DOI": "CARG-352", "URL": "https://www.isprambiente.gov.it/Media/carg/index.html", "Location": "Italy Grid", "Type": "Official Map"}}, {"type": "Feature", "geometry": {"type": "Polygon", "coordinates": [[[14.0, 42.25], [14.5, 42.25], [14.5, 42.58], [14.0, 42.58], [14.0, 42.25]]]}, "properties": {"Title": "Foglio 353 - FOGLIO CARG", "DOI": "CARG-353", "URL": "https://www.isprambiente.gov.it/Media/carg/index.html", "Location": "Italy Grid", "Type": "Official Map"}}, {"type": "Feature", "geometry": {"type": "Polygon", "coordinates": [[[14.5, 42.25], [15.0, 42.25], [15.0, 42.58], [14.5, 42.58], [14.5, 42.25]]]}, "properties": {"Title": "Foglio 354 - FOGLIO CARG", "DOI": "CARG-354", "URL": "https://www.isprambiente.gov.it/Media/carg/index.html", "Location": "Italy Grid", "Type": "Official Map"}}, {"type": "Feature", "geometry": {"type": "Polygon", "coordinates": [[[15.0, 42.25], [15.5, 42.25], [15.5, 42.58], [15.0, 42.58], [15.0, 42.25]]]}, "properties": {"Title": "Foglio 355 - FOGLIO CARG", "DOI": "CARG-355", "URL": "https://www.isprambiente.gov.it/Media/carg/index.html", "Location": "Italy Grid", "Type": "Official Map"}}, {"type": "Feature", "geometry": {"type": "Polygon", "coordinates": [[[15.5, 42.25], [16.0, 42.25], [16.0, 42.58], [15.5, 42.58], [15.5, 42.25]]]}, "properties": {"Title": "Foglio 356 - FOGLIO CARG", "DOI": "CARG-356", "URL": "https://www.isprambiente.gov.it/Media/carg/index.html", "Location": "Italy Grid", "Type": "Official Map"}}, {"type": "Feature", "geometry": {"type": "Polygon", "coordinates": [[[16.0, 42.25], [16.5, 42.25], [16.5, 42.58], [16.0, 42.58], [16.0, 42.25]]]}, "properties": {"Title": "Foglio 357 - FOGLIO CARG", "DOI": "CARG-357", "URL": "https://www.isprambiente.gov.it/Media/carg/index.html", "Location": "Italy Grid", "Type": "Official Map"}}, {"type": "Feature", "geometry": {"type": "Polygon", "coordinates": [[[16.5, 42.25], [17.0, 42.25], [17.0, 42.58], [16.5, 42.58], [16.5, 42.25]]]}, "properties": {"Title": "Foglio 358 - FOGLIO CARG", "DOI": "CARG-358", "URL": "https://www.isprambiente.gov.it/Media/carg/index.html", "Location": "Italy Grid", "Type": "Official Map"}}, {"type": "Feature", "geometry": {"type": "Polygon", "coordinates": [[[17.0, 42.25], [17.5, 42.25], [17.5, 42.58], [17.0, 42.58], [17.0, 42.25]]]}, "properties": {"Title": "Foglio 359 - FOGLIO CARG", "DOI": "CARG-359", "URL": "https://www.isprambiente.gov.it/Media/carg/index.html", "Location": "Italy Grid", "Type": "Official Map"}}, {"type": "Feature", "geometry": {"type": "Polygon", "coordinates": [[[17.5, 42.25], [18.0, 42.25], [18.0, 42.58], [17.5, 42.58], [17.5, 42.25]]]}, "properties": {"Title": "Foglio 360 - FOGLIO CARG", "DOI": "CARG-360", "URL": "https://www.isprambiente.gov.it/Media/carg/index.html", "Location": "Italy Grid", "Type": "Official Map"}}, {"type": "Feature", "geometry": {"type": "Polygon", "coordinates": [[[6.0, 41.92], [6.5, 41.92], [6.5, 42.25], [6.0, 42.25], [6.0, 41.92]]]}, "properties": {"Title": "Foglio 361 - FOGLIO CARG", "DOI": "CARG-361", "URL": "https://www.isprambiente.gov.it/Media/carg/index.html", "Location": "Italy Grid", "Type": "Official Map"}}, {"type": "Feature", "geometry": {"type": "Polygon", "coordinates": [[[6.5, 41.92], [7.0, 41.92], [7.0, 42.25], [6.5, 42.25], [6.5, 41.92]]]}, "properties": {"Title": "Foglio 362 - FOGLIO CARG", "DOI": "CARG-362", "URL": "https://www.isprambiente.gov.it/Media/carg/index.html", "Location": "Italy Grid", "Type": "Official Map"}}, {"type": "Feature", "geometry": {"type": "Polygon", "coordinates": [[[7.0, 41.92], [7.5, 41.92], [7.5, 42.25], [7.0, 42.25], [7.0, 41.92]]]}, "properties": {"Title": "Foglio 363 - FOGLIO CARG", "DOI": "CARG-363", "URL": "https://www.isprambiente.gov.it/Media/carg/index.html", "Location": "Italy Grid", "Type": "Official Map"}}, {"type": "Feature", "geometry": {"type": "Polygon", "coordinates": [[[7.5, 41.92], [8.0, 41.92], [8.0, 42.25], [7.5, 42.25], [7.5, 41.92]]]}, "properties": {"Title": "Foglio 364 - FOGLIO CARG", "DOI": "CARG-364", "URL": "https://www.isprambiente.gov.it/Media/carg/index.html", "Location": "Italy Grid", "Type": "Official Map"}}, {"type": "Feature", "geometry": {"type": "Polygon", "coordinates": [[[8.0, 41.92], [8.5, 41.92], [8.5, 42.25], [8.0, 42.25], [8.0, 41.92]]]}, "properties": {"Title": "Foglio 365 - FOGLIO CARG", "DOI": "CARG-365", "URL": "https://www.isprambiente.gov.it/Media/carg/index.html", "Location": "Italy Grid", "Type": "Official Map"}}, {"type": "Feature", "geometry": {"type": "Polygon", "coordinates": [[[8.5, 41.92], [9.0, 41.92], [9.0, 42.25], [8.5, 42.25], [8.5, 41.92]]]}, "properties": {"Title": "Foglio 366 - FOGLIO CARG", "DOI": "CARG-366", "URL": "https://www.isprambiente.gov.it/Media/carg/index.html", "Location": "Italy Grid", "Type": "Official Map"}}, {"type": "Feature", "geometry": {"type": "Polygon", "coordinates": [[[9.0, 41.92], [9.5, 41.92], [9.5, 42.25], [9.0, 42.25], [9.0, 41.92]]]}, "properties": {"Title": "Foglio 367 - FOGLIO CARG", "DOI": "CARG-367", "URL": "https://www.isprambiente.gov.it/Media/carg/index.html", "Location": "Italy Grid", "Type": "Official Map"}}, {"type": "Feature", "geometry": {"type": "Polygon", "coordinates": [[[9.5, 41.92], [10.0, 41.92], [10.0, 42.25], [9.5, 42.25], [9.5, 41.92]]]}, "properties": {"Title": "Foglio 368 - FOGLIO CARG", "DOI": "CARG-368", "URL": "https://www.isprambiente.gov.it/Media/carg/index.html", "Location": "Italy Grid", "Type": "Official Map"}}, {"type": "Feature", "geometry": {"type": "Polygon", "coordinates": [[[10.0, 41.92], [10.5, 41.92], [10.5, 42.25], [10.0, 42.25], [10.0, 41.92]]]}, "properties": {"Title": "Foglio 369 - FOGLIO CARG", "DOI": "CARG-369", "URL": "https://www.isprambiente.gov.it/Media/carg/index.html", "Location": "Italy Grid", "Type": "Official Map"}}, {"type": "Feature", "geometry": {"type": "Polygon", "coordinates": [[[10.5, 41.92], [11.0, 41.92], [11.0, 42.25], [10.5, 42.25], [10.5, 41.92]]]}, "properties": {"Title": "Foglio 370 - FOGLIO CARG", "DOI": "CARG-370", "URL": "https://www.isprambiente.gov.it/Media/carg/index.html", "Location": "Italy Grid", "Type": "Official Map"}}, {"type": "Feature", "geometry": {"type": "Polygon", "coordinates": [[[11.0, 41.92], [11.5, 41.92], [11.5, 42.25], [11.0, 42.25], [11.0, 41.92]]]}, "properties": {"Title": "Foglio 371 - FOGLIO CARG", "DOI": "CARG-371", "URL": "https://www.isprambiente.gov.it/Media/carg/index.html", "Location": "Italy Grid", "Type": "Official Map"}}, {"type": "Feature", "geometry": {"type": "Polygon", "coordinates": [[[11.5, 41.92], [12.0, 41.92], [12.0, 42.25], [11.5, 42.25], [11.5, 41.92]]]}, "properties": {"Title": "Foglio 372 - FOGLIO CARG", "DOI": "CARG-372", "URL": "https://www.isprambiente.gov.it/Media/carg/index.html", "Location": "Italy Grid", "Type": "Official Map"}}, {"type": "Feature", "geometry": {"type": "Polygon", "coordinates": [[[12.0, 41.92], [12.5, 41.92], [12.5, 42.25], [12.0, 42.25], [12.0, 41.92]]]}, "properties": {"Title": "Foglio 373 - FOGLIO CARG", "DOI": "CARG-373", "URL": "https://www.isprambiente.gov.it/Media/carg/index.html", "Location": "Italy Grid", "Type": "Official Map"}}, {"type": "Feature", "geometry": {"type": "Polygon", "coordinates": [[[12.5, 41.92], [13.0, 41.92], [13.0, 42.25], [12.5, 42.25], [12.5, 41.92]]]}, "properties": {"Title": "Foglio 374 - ROMA", "DOI": "CARG-374", "URL": "https://www.isprambiente.gov.it/Media/carg/374_ROMA/Foglio.html", "Location": "Italy Grid", "Type": "Official Map"}}, {"type": "Feature", "geometry": {"type": "Polygon", "coordinates": [[[13.0, 41.92], [13.5, 41.92], [13.5, 42.25], [13.0, 42.25], [13.0, 41.92]]]}, "properties": {"Title": "Foglio 375 - FOGLIO CARG", "DOI": "CARG-375", "URL": "https://www.isprambiente.gov.it/Media/carg/index.html", "Location": "Italy Grid", "Type": "Official Map"}}, {"type": "Feature", "geometry": {"type": "Polygon", "coordinates": [[[13.5, 41.92], [14.0, 41.92], [14.0, 42.25], [13.5, 42.25], [13.5, 41.92]]]}, "properties": {"Title": "Foglio 376 - FOGLIO CARG", "DOI": "CARG-376", "URL": "https://www.isprambiente.gov.it/Media/carg/index.html", "Location": "Italy Grid", "Type": "Official Map"}}, {"type": "Feature", "geometry": {"type": "Polygon", "coordinates": [[[14.0, 41.92], [14.5, 41.92], [14.5, 42.25], [14.0, 42.25], [14.0, 41.92]]]}, "properties": {"Title": "Foglio 377 - FOGLIO CARG", "DOI": "CARG-377", "URL": "https://www.isprambiente.gov.it/Media/carg/index.html", "Location": "Italy Grid", "Type": "Official Map"}}, {"type": "Feature", "geometry": {"type": "Polygon", "coordinates": [[[14.5, 41.92], [15.0, 41.92], [15.0, 42.25], [14.5, 42.25], [14.5, 41.92]]]}, "properties": {"Title": "Foglio 378 - FOGLIO CARG", "DOI": "CARG-378", "URL": "https://www.isprambiente.gov.it/Media/carg/index.html", "Location": "Italy Grid", "Type": "Official Map"}}, {"type": "Feature", "geometry": {"type": "Polygon", "coordinates": [[[15.0, 41.92], [15.5, 41.92], [15.5, 42.25], [15.0, 42.25], [15.0, 41.92]]]}, "properties": {"Title": "Foglio 379 - FOGLIO CARG", "DOI": "CARG-379", "URL": "https://www.isprambiente.gov.it/Media/carg/index.html", "Location": "Italy Grid", "Type": "Official Map"}}, {"type": "Feature", "geometry": {"type": "Polygon", "coordinates": [[[15.5, 41.92], [16.0, 41.92], [16.0, 42.25], [15.5, 42.25], [15.5, 41.92]]]}, "properties": {"Title": "Foglio 380 - FOGLIO CARG", "DOI": "CARG-380", "URL": "https://www.isprambiente.gov.it/Media/carg/index.html", "Location": "Italy Grid", "Type": "Official Map"}}, {"type": "Feature", "geometry": {"type": "Polygon", "coordinates": [[[16.0, 41.92], [16.5, 41.92], [16.5, 42.25], [16.0, 42.25], [16.0, 41.92]]]}, "properties": {"Title": "Foglio 381 - FOGLIO CARG", "DOI": "CARG-381", "URL": "https://www.isprambiente.gov.it/Media/carg/index.html", "Location": "Italy Grid", "Type": "Official Map"}}, {"type": "Feature", "geometry": {"type": "Polygon", "coordinates": [[[16.5, 41.92], [17.0, 41.92], [17.0, 42.25], [16.5, 42.25], [16.5, 41.92]]]}, "properties": {"Title": "Foglio 382 - FOGLIO CARG", "DOI": "CARG-382", "URL": "https://www.isprambiente.gov.it/Media/carg/index.html", "Location": "Italy Grid", "Type": "Official Map"}}, {"type": "Feature", "geometry": {"type": "Polygon", "coordinates": [[[17.0, 41.92], [17.5, 41.92], [17.5, 42.25], [17.0, 42.25], [17.0, 41.92]]]}, "properties": {"Title": "Foglio 383 - FOGLIO CARG", "DOI": "CARG-383", "URL": "https://www.isprambiente.gov.it/Media/carg/index.html", "Location": "Italy Grid", "Type": "Official Map"}}, {"type": "Feature", "geometry": {"type": "Polygon", "coordinates": [[[17.5, 41.92], [18.0, 41.92], [18.0, 42.25], [17.5, 42.25], [17.5, 41.92]]]}, "properties": {"Title": "Foglio 384 - FOGLIO CARG", "DOI": "CARG-384", "URL": "https://www.isprambiente.gov.it/Media/carg/index.html", "Location": "Italy Grid", "Type": "Official Map"}}, {"type": "Feature", "geometry": {"type": "Polygon", "coordinates": [[[6.0, 41.59], [6.5, 41.59], [6.5, 41.92], [6.0, 41.92], [6.0, 41.59]]]}, "properties": {"Title": "Foglio 385 - FOGLIO CARG", "DOI": "CARG-385", "URL": "https://www.isprambiente.gov.it/Media/carg/index.html", "Location": "Italy Grid", "Type": "Official Map"}}, {"type": "Feature", "geometry": {"type": "Polygon", "coordinates": [[[6.5, 41.59], [7.0, 41.59], [7.0, 41.92], [6.5, 41.92], [6.5, 41.59]]]}, "properties": {"Title": "Foglio 386 - FOGLIO CARG", "DOI": "CARG-386", "URL": "https://www.isprambiente.gov.it/Media/carg/index.html", "Location": "Italy Grid", "Type": "Official Map"}}, {"type": "Feature", "geometry": {"type": "Polygon", "coordinates": [[[7.0, 41.59], [7.5, 41.59], [7.5, 41.92], [7.0, 41.92], [7.0, 41.59]]]}, "properties": {"Title": "Foglio 387 - FOGLIO CARG", "DOI": "CARG-387", "URL": "https://www.isprambiente.gov.it/Media/carg/index.html", "Location": "Italy Grid", "Type": "Official Map"}}, {"type": "Feature", "geometry": {"type": "Polygon", "coordinates": [[[7.5, 41.59], [8.0, 41.59], [8.0, 41.92], [7.5, 41.92], [7.5, 41.59]]]}, "properties": {"Title": "Foglio 388 - FOGLIO CARG", "DOI": "CARG-388", "URL": "https://www.isprambiente.gov.it/Media/carg/index.html", "Location": "Italy Grid", "Type": "Official Map"}}, {"type": "Feature", "geometry": {"type": "Polygon", "coordinates": [[[8.0, 41.59], [8.5, 41.59], [8.5, 41.92], [8.0, 41.92], [8.0, 41.59]]]}, "properties": {"Title": "Foglio 389 - FOGLIO CARG", "DOI": "CARG-389", "URL": "https://www.isprambiente.gov.it/Media/carg/index.html", "Location": "Italy Grid", "Type": "Official Map"}}, {"type": "Feature", "geometry": {"type": "Polygon", "coordinates": [[[8.5, 41.59], [9.0, 41.59], [9.0, 41.92], [8.5, 41.92], [8.5, 41.59]]]}, "properties": {"Title": "Foglio 390 - FOGLIO CARG", "DOI": "CARG-390", "URL": "https://www.isprambiente.gov.it/Media/carg/index.html", "Location": "Italy Grid", "Type": "Official Map"}}, {"type": "Feature", "geometry": {"type": "Polygon", "coordinates": [[[9.0, 41.59], [9.5, 41.59], [9.5, 41.92], [9.0, 41.92], [9.0, 41.59]]]}, "properties": {"Title": "Foglio 391 - FOGLIO CARG", "DOI": "CARG-391", "URL": "https://www.isprambiente.gov.it/Media/carg/index.html", "Location": "Italy Grid", "Type": "Official Map"}}, {"type": "Feature", "geometry": {"type": "Polygon", "coordinates": [[[9.5, 41.59], [10.0, 41.59], [10.0, 41.92], [9.5, 41.92], [9.5, 41.59]]]}, "properties": {"Title": "Foglio 392 - CASTEL DI SANGRO", "DOI": "CARG-392", "URL": "https://www.isprambiente.gov.it/Media/carg/392_CASTEL_DI_SANGRO/Foglio.html", "Location": "Italy Grid", "Type": "Official Map"}}, {"type": "Feature", "geometry": {"type": "Polygon", "coordinates": [[[10.0, 41.59], [10.5, 41.59], [10.5, 41.92], [10.0, 41.92], [10.0, 41.59]]]}, "properties": {"Title": "Foglio 393 - FOGLIO CARG", "DOI": "CARG-393", "URL": "https://www.isprambiente.gov.it/Media/carg/index.html", "Location": "Italy Grid", "Type": "Official Map"}}, {"type": "Feature", "geometry": {"type": "Polygon", "coordinates": [[[10.5, 41.59], [11.0, 41.59], [11.0, 41.92], [10.5, 41.92], [10.5, 41.59]]]}, "properties": {"Title": "Foglio 394 - FOGLIO CARG", "DOI": "CARG-394", "URL": "https://www.isprambiente.gov.it/Media/carg/index.html", "Location": "Italy Grid", "Type": "Official Map"}}, {"type": "Feature", "geometry": {"type": "Polygon", "coordinates": [[[11.0, 41.59], [11.5, 41.59], [11.5, 41.92], [11.0, 41.92], [11.0, 41.59]]]}, "properties": {"Title": "Foglio 395 - FOGLIO CARG", "DOI": "CARG-395", "URL": "https://www.isprambiente.gov.it/Media/carg/index.html", "Location": "Italy Grid", "Type": "Official Map"}}, {"type": "Feature", "geometry": {"type": "Polygon", "coordinates": [[[11.5, 41.59], [12.0, 41.59], [12.0, 41.92], [11.5, 41.92], [11.5, 41.59]]]}, "properties": {"Title": "Foglio 396 - FOGLIO CARG", "DOI": "CARG-396", "URL": "https://www.isprambiente.gov.it/Media/carg/index.html", "Location": "Italy Grid", "Type": "Official Map"}}, {"type": "Feature", "geometry": {"type": "Polygon", "coordinates": [[[12.0, 41.59], [12.5, 41.59], [12.5, 41.92], [12.0, 41.92], [12.0, 41.59]]]}, "properties": {"Title": "Foglio 397 - FOGLIO CARG", "DOI": "CARG-397", "URL": "https://www.isprambiente.gov.it/Media/carg/index.html", "Location": "Italy Grid", "Type": "Official Map"}}, {"type": "Feature", "geometry": {"type": "Polygon", "coordinates": [[[12.5, 41.59], [13.0, 41.59], [13.0, 41.92], [12.5, 41.92], [12.5, 41.59]]]}, "properties": {"Title": "Foglio 398 - FOGLIO CARG", "DOI": "CARG-398", "URL": "https://www.isprambiente.gov.it/Media/carg/index.html", "Location": "Italy Grid", "Type": "Official Map"}}, {"type": "Feature", "geometry": {"type": "Polygon", "coordinates": [[[13.0, 41.59], [13.5, 41.59], [13.5, 41.92], [13.0, 41.92], [13.0, 41.59]]]}, "properties": {"Title": "Foglio 399 - FOGLIO CARG", "DOI": "CARG-399", "URL": "https://www.isprambiente.gov.it/Media/carg/index.html", "Location": "Italy Grid", "Type": "Official Map"}}, {"type": "Feature", "geometry": {"type": "Polygon", "coordinates": [[[13.5, 41.59], [14.0, 41.59], [14.0, 41.92], [13.5, 41.92], [13.5, 41.59]]]}, "properties": {"Title": "Foglio 400 - FOGLIO CARG", "DOI": "CARG-400", "URL": "https://www.isprambiente.gov.it/Media/carg/index.html", "Location": "Italy Grid", "Type": "Official Map"}}, {"type": "Feature", "geometry": {"type": "Polygon", "coordinates": [[[14.0, 41.59], [14.5, 41.59], [14.5, 41.92], [14.0, 41.92], [14.0, 41.59]]]}, "properties": {"Title": "Foglio 401 - FOGLIO CARG", "DOI": "CARG-401", "URL": "https://www.isprambiente.gov.it/Media/carg/index.html", "Location": "Italy Grid", "Type": "Official Map"}}, {"type": "Feature", "geometry": {"type": "Polygon", "coordinates": [[[14.5, 41.59], [15.0, 41.59], [15.0, 41.92], [14.5, 41.92], [14.5, 41.59]]]}, "properties": {"Title": "Foglio 402 - FOGLIO CARG", "DOI": "CARG-402", "URL": "https://www.isprambiente.gov.it/Media/carg/index.html", "Location": "Italy Grid", "Type": "Official Map"}}, {"type": "Feature", "geometry": {"type": "Polygon", "coordinates": [[[15.0, 41.59], [15.5, 41.59], [15.5, 41.92], [15.0, 41.92], [15.0, 41.59]]]}, "properties": {"Title": "Foglio 403 - FOGLIO CARG", "DOI": "CARG-403", "URL": "https://www.isprambiente.gov.it/Media/carg/index.html", "Location": "Italy Grid", "Type": "Official Map"}}, {"type": "Feature", "geometry": {"type": "Polygon", "coordinates": [[[15.5, 41.59], [16.0, 41.59], [16.0, 41.92], [15.5, 41.92], [15.5, 41.59]]]}, "properties": {"Title": "Foglio 404 - FOGLIO CARG", "DOI": "CARG-404", "URL": "https://www.isprambiente.gov.it/Media/carg/index.html", "Location": "Italy Grid", "Type": "Official Map"}}, {"type": "Feature", "geometry": {"type": "Polygon", "coordinates": [[[16.0, 41.59], [16.5, 41.59], [16.5, 41.92], [16.0, 41.92], [16.0, 41.59]]]}, "properties": {"Title": "Foglio 405 - CAMPOBASSO", "DOI": "CARG-405", "URL": "https://www.isprambiente.gov.it/Media/carg/405_CAMPOBASSO/Foglio.html", "Location": "Italy Grid", "Type": "Official Map"}}, {"type": "Feature", "geometry": {"type": "Polygon", "coordinates": [[[16.5, 41.59], [17.0, 41.59], [17.0, 41.92], [16.5, 41.92], [16.5, 41.59]]]}, "properties": {"Title": "Foglio 406 - FOGLIO CARG", "DOI": "CARG-406", "URL": "https://www.isprambiente.gov.it/Media/carg/index.html", "Location": "Italy Grid", "Type": "Official Map"}}, {"type": "Feature", "geometry": {"type": "Polygon", "coordinates": [[[17.0, 41.59], [17.5, 41.59], [17.5, 41.92], [17.0, 41.92], [17.0, 41.59]]]}, "properties": {"Title": "Foglio 407 - FOGLIO CARG", "DOI": "CARG-407", "URL": "https://www.isprambiente.gov.it/Media/carg/index.html", "Location": "Italy Grid", "Type": "Official Map"}}, {"type": "Feature", "geometry": {"type": "Polygon", "coordinates": [[[17.5, 41.59], [18.0, 41.59], [18.0, 41.92], [17.5, 41.92], [17.5, 41.59]]]}, "properties": {"Title": "Foglio 408 - FOGLIO CARG", "DOI": "CARG-408", "URL": "https://www.isprambiente.gov.it/Media/carg/index.html", "Location": "Italy Grid", "Type": "Official Map"}}, {"type": "Feature", "geometry": {"type": "Polygon", "coordinates": [[[6.0, 41.26], [6.5, 41.26], [6.5, 41.59], [6.0, 41.59], [6.0, 41.26]]]}, "properties": {"Title": "Foglio 409 - FOGLIO CARG", "DOI": "CARG-409", "URL": "https://www.isprambiente.gov.it/Media/carg/index.html", "Location": "Italy Grid", "Type": "Official Map"}}, {"type": "Feature", "geometry": {"type": "Polygon", "coordinates": [[[4.5, 41.26], [5.0, 41.26], [5.0, 41.59], [4.5, 41.59], [4.5, 41.26]]]}, "properties": {"Title": "Foglio 410 - FOGLIO CARG", "DOI": "CARG-410", "URL": "https://www.isprambiente.gov.it/Media/carg/index.html", "Location": "Italy Grid", "Type": "Official Map"}}, {"type": "Feature", "geometry": {"type": "Polygon", "coordinates": [[[5.0, 41.26], [5.5, 41.26], [5.5, 41.59], [5.0, 41.59], [5.0, 41.26]]]}, "properties": {"Title": "Foglio 411 - FOGLIO CARG", "DOI": "CARG-411", "URL": "https://www.isprambiente.gov.it/Media/carg/index.html", "Location": "Italy Grid", "Type": "Official Map"}}, {"type": "Feature", "geometry": {"type": "Polygon", "coordinates": [[[5.5, 41.26], [6.0, 41.26], [6.0, 41.59], [5.5, 41.59], [5.5, 41.26]]]}, "properties": {"Title": "Foglio 412 - FOGLIO CARG", "DOI": "CARG-412", "URL": "https://www.isprambiente.gov.it/Media/carg/index.html", "Location": "Italy Grid", "Type": "Official Map"}}, {"type": "Feature", "geometry": {"type": "Polygon", "coordinates": [[[6.0, 41.26], [6.5, 41.26], [6.5, 41.59], [6.0, 41.59], [6.0, 41.26]]]}, "properties": {"Title": "Foglio 413 - FOGLIO CARG", "DOI": "CARG-413", "URL": "https://www.isprambiente.gov.it/Media/carg/index.html", "Location": "Italy Grid", "Type": "Official Map"}}, {"type": "Feature", "geometry": {"type": "Polygon", "coordinates": [[[6.5, 41.26], [7.0, 41.26], [7.0, 41.59], [6.5, 41.59], [6.5, 41.26]]]}, "properties": {"Title": "Foglio 414 - FOGLIO CARG", "DOI": "CARG-414", "URL": "https://www.isprambiente.gov.it/Media/carg/index.html", "Location": "Italy Grid", "Type": "Official Map"}}, {"type": "Feature", "geometry": {"type": "Polygon", "coordinates": [[[7.0, 41.26], [7.5, 41.26], [7.5, 41.59], [7.0, 41.59], [7.0, 41.26]]]}, "properties": {"Title": "Foglio 415 - FOGLIO CARG", "DOI": "CARG-415", "URL": "https://www.isprambiente.gov.it/Media/carg/index.html", "Location": "Italy Grid", "Type": "Official Map"}}, {"type": "Feature", "geometry": {"type": "Polygon", "coordinates": [[[7.5, 41.26], [8.0, 41.26], [8.0, 41.59], [7.5, 41.59], [7.5, 41.26]]]}, "properties": {"Title": "Foglio 416 - FOGLIO CARG", "DOI": "CARG-416", "URL": "https://www.isprambiente.gov.it/Media/carg/index.html", "Location": "Italy Grid", "Type": "Official Map"}}, {"type": "Feature", "geometry": {"type": "Polygon", "coordinates": [[[8.0, 41.26], [8.5, 41.26], [8.5, 41.59], [8.0, 41.59], [8.0, 41.26]]]}, "properties": {"Title": "Foglio 417 - FOGLIO CARG", "DOI": "CARG-417", "URL": "https://www.isprambiente.gov.it/Media/carg/index.html", "Location": "Italy Grid", "Type": "Official Map"}}, {"type": "Feature", "geometry": {"type": "Polygon", "coordinates": [[[8.5, 41.26], [9.0, 41.26], [9.0, 41.59], [8.5, 41.59], [8.5, 41.26]]]}, "properties": {"Title": "Foglio 418 - FOGLIO CARG", "DOI": "CARG-418", "URL": "https://www.isprambiente.gov.it/Media/carg/index.html", "Location": "Italy Grid", "Type": "Official Map"}}, {"type": "Feature", "geometry": {"type": "Polygon", "coordinates": [[[11.0, 41.26], [11.5, 41.26], [11.5, 41.59], [11.0, 41.59], [11.0, 41.26]]]}, "properties": {"Title": "Foglio 419 - FOGLIO CARG", "DOI": "CARG-419", "URL": "https://www.isprambiente.gov.it/Media/carg/index.html", "Location": "Italy Grid", "Type": "Official Map"}}, {"type": "Feature", "geometry": {"type": "Polygon", "coordinates": [[[11.5, 41.26], [12.0, 41.26], [12.0, 41.59], [11.5, 41.59], [11.5, 41.26]]]}, "properties": {"Title": "Foglio 420 - FOGLIO CARG", "DOI": "CARG-420", "URL": "https://www.isprambiente.gov.it/Media/carg/index.html", "Location": "Italy Grid", "Type": "Official Map"}}, {"type": "Feature", "geometry": {"type": "Polygon", "coordinates": [[[12.0, 41.26], [12.5, 41.26], [12.5, 41.59], [12.0, 41.59], [12.0, 41.26]]]}, "properties": {"Title": "Foglio 421 - FOGLIO CARG", "DOI": "CARG-421", "URL": "https://www.isprambiente.gov.it/Media/carg/index.html", "Location": "Italy Grid", "Type": "Official Map"}}, {"type": "Feature", "geometry": {"type": "Polygon", "coordinates": [[[12.5, 41.26], [13.0, 41.26], [13.0, 41.59], [12.5, 41.59], [12.5, 41.26]]]}, "properties": {"Title": "Foglio 422 - FOGLIO CARG", "DOI": "CARG-422", "URL": "https://www.isprambiente.gov.it/Media/carg/index.html", "Location": "Italy Grid", "Type": "Official Map"}}, {"type": "Feature", "geometry": {"type": "Polygon", "coordinates": [[[13.0, 41.26], [13.5, 41.26], [13.5, 41.59], [13.0, 41.59], [13.0, 41.26]]]}, "properties": {"Title": "Foglio 423 - FOGLIO CARG", "DOI": "CARG-423", "URL": "https://www.isprambiente.gov.it/Media/carg/index.html", "Location": "Italy Grid", "Type": "Official Map"}}, {"type": "Feature", "geometry": {"type": "Polygon", "coordinates": [[[13.5, 41.26], [14.0, 41.26], [14.0, 41.59], [13.5, 41.59], [13.5, 41.26]]]}, "properties": {"Title": "Foglio 424 - FOGLIO CARG", "DOI": "CARG-424", "URL": "https://www.isprambiente.gov.it/Media/carg/index.html", "Location": "Italy Grid", "Type": "Official Map"}}, {"type": "Feature", "geometry": {"type": "Polygon", "coordinates": [[[14.0, 41.26], [14.5, 41.26], [14.5, 41.59], [14.0, 41.59], [14.0, 41.26]]]}, "properties": {"Title": "Foglio 425 - FOGLIO CARG", "DOI": "CARG-425", "URL": "https://www.isprambiente.gov.it/Media/carg/index.html", "Location": "Italy Grid", "Type": "Official Map"}}, {"type": "Feature", "geometry": {"type": "Polygon", "coordinates": [[[14.5, 41.26], [15.0, 41.26], [15.0, 41.59], [14.5, 41.59], [14.5, 41.26]]]}, "properties": {"Title": "Foglio 426 - FOGLIO CARG", "DOI": "CARG-426", "URL": "https://www.isprambiente.gov.it/Media/carg/index.html", "Location": "Italy Grid", "Type": "Official Map"}}, {"type": "Feature", "geometry": {"type": "Polygon", "coordinates": [[[15.0, 41.26], [15.5, 41.26], [15.5, 41.59], [15.0, 41.59], [15.0, 41.26]]]}, "properties": {"Title": "Foglio 427 - FOGLIO CARG", "DOI": "CARG-427", "URL": "https://www.isprambiente.gov.it/Media/carg/index.html", "Location": "Italy Grid", "Type": "Official Map"}}, {"type": "Feature", "geometry": {"type": "Polygon", "coordinates": [[[15.5, 41.26], [16.0, 41.26], [16.0, 41.59], [15.5, 41.59], [15.5, 41.26]]]}, "properties": {"Title": "Foglio 428 - FOGLIO CARG", "DOI": "CARG-428", "URL": "https://www.isprambiente.gov.it/Media/carg/index.html", "Location": "Italy Grid", "Type": "Official Map"}}, {"type": "Feature", "geometry": {"type": "Polygon", "coordinates": [[[16.0, 41.26], [16.5, 41.26], [16.5, 41.59], [16.0, 41.59], [16.0, 41.26]]]}, "properties": {"Title": "Foglio 429 - FOGLIO CARG", "DOI": "CARG-429", "URL": "https://www.isprambiente.gov.it/Media/carg/index.html", "Location": "Italy Grid", "Type": "Official Map"}}, {"type": "Feature", "geometry": {"type": "Polygon", "coordinates": [[[16.5, 41.26], [17.0, 41.26], [17.0, 41.59], [16.5, 41.59], [16.5, 41.26]]]}, "properties": {"Title": "Foglio 430 - FOGLIO CARG", "DOI": "CARG-430", "URL": "https://www.isprambiente.gov.it/Media/carg/index.html", "Location": "Italy Grid", "Type": "Official Map"}}, {"type": "Feature", "geometry": {"type": "Polygon", "coordinates": [[[17.0, 41.26], [17.5, 41.26], [17.5, 41.59], [17.0, 41.59], [17.0, 41.26]]]}, "properties": {"Title": "Foglio 431 - FOGLIO CARG", "DOI": "CARG-431", "URL": "https://www.isprambiente.gov.it/Media/carg/index.html", "Location": "Italy Grid", "Type": "Official Map"}}, {"type": "Feature", "geometry": {"type": "Polygon", "coordinates": [[[17.5, 41.26], [18.0, 41.26], [18.0, 41.59], [17.5, 41.59], [17.5, 41.26]]]}, "properties": {"Title": "Foglio 432 - FOGLIO CARG", "DOI": "CARG-432", "URL": "https://www.isprambiente.gov.it/Media/carg/index.html", "Location": "Italy Grid", "Type": "Official Map"}}, {"type": "Feature", "geometry": {"type": "Polygon", "coordinates": [[[4.0, 40.93], [4.5, 40.93], [4.5, 41.26], [4.0, 41.26], [4.0, 40.93]]]}, "properties": {"Title": "Foglio 433 - FOGLIO CARG", "DOI": "CARG-433", "URL": "https://www.isprambiente.gov.it/Media/carg/index.html", "Location": "Italy Grid", "Type": "Official Map"}}, {"type": "Feature", "geometry": {"type": "Polygon", "coordinates": [[[4.5, 40.93], [5.0, 40.93], [5.0, 41.26], [4.5, 41.26], [4.5, 40.93]]]}, "properties": {"Title": "Foglio 434 - FOGLIO CARG", "DOI": "CARG-434", "URL": "https://www.isprambiente.gov.it/Media/carg/index.html", "Location": "Italy Grid", "Type": "Official Map"}}, {"type": "Feature", "geometry": {"type": "Polygon", "coordinates": [[[5.0, 40.93], [5.5, 40.93], [5.5, 41.26], [5.0, 41.26], [5.0, 40.93]]]}, "properties": {"Title": "Foglio 435 - FOGLIO CARG", "DOI": "CARG-435", "URL": "https://www.isprambiente.gov.it/Media/carg/index.html", "Location": "Italy Grid", "Type": "Official Map"}}, {"type": "Feature", "geometry": {"type": "Polygon", "coordinates": [[[5.5, 40.93], [6.0, 40.93], [6.0, 41.26], [5.5, 41.26], [5.5, 40.93]]]}, "properties": {"Title": "Foglio 436 - FOGLIO CARG", "DOI": "CARG-436", "URL": "https://www.isprambiente.gov.it/Media/carg/index.html", "Location": "Italy Grid", "Type": "Official Map"}}, {"type": "Feature", "geometry": {"type": "Polygon", "coordinates": [[[6.0, 40.93], [6.5, 40.93], [6.5, 41.26], [6.0, 41.26], [6.0, 40.93]]]}, "properties": {"Title": "Foglio 437 - BARI", "DOI": "CARG-437", "URL": "https://www.isprambiente.gov.it/Media/carg/437_BARI/Foglio.html", "Location": "Italy Grid", "Type": "Official Map"}}, {"type": "Feature", "geometry": {"type": "Polygon", "coordinates": [[[6.5, 40.93], [7.0, 40.93], [7.0, 41.26], [6.5, 41.26], [6.5, 40.93]]]}, "properties": {"Title": "Foglio 438 - FOGLIO CARG", "DOI": "CARG-438", "URL": "https://www.isprambiente.gov.it/Media/carg/index.html", "Location": "Italy Grid", "Type": "Official Map"}}, {"type": "Feature", "geometry": {"type": "Polygon", "coordinates": [[[7.0, 40.93], [7.5, 40.93], [7.5, 41.26], [7.0, 41.26], [7.0, 40.93]]]}, "properties": {"Title": "Foglio 439 - FOGLIO CARG", "DOI": "CARG-439", "URL": "https://www.isprambiente.gov.it/Media/carg/index.html", "Location": "Italy Grid", "Type": "Official Map"}}, {"type": "Feature", "geometry": {"type": "Polygon", "coordinates": [[[7.5, 40.93], [8.0, 40.93], [8.0, 41.26], [7.5, 41.26], [7.5, 40.93]]]}, "properties": {"Title": "Foglio 440 - FOGLIO CARG", "DOI": "CARG-440", "URL": "https://www.isprambiente.gov.it/Media/carg/index.html", "Location": "Italy Grid", "Type": "Official Map"}}, {"type": "Feature", "geometry": {"type": "Polygon", "coordinates": [[[8.0, 40.93], [8.5, 40.93], [8.5, 41.26], [8.0, 41.26], [8.0, 40.93]]]}, "properties": {"Title": "Foglio 441 - FOGLIO CARG", "DOI": "CARG-441", "URL": "https://www.isprambiente.gov.it/Media/carg/index.html", "Location": "Italy Grid", "Type": "Official Map"}}, {"type": "Feature", "geometry": {"type": "Polygon", "coordinates": [[[8.5, 40.93], [9.0, 40.93], [9.0, 41.26], [8.5, 41.26], [8.5, 40.93]]]}, "properties": {"Title": "Foglio 442 - FOGLIO CARG", "DOI": "CARG-442", "URL": "https://www.isprambiente.gov.it/Media/carg/index.html", "Location": "Italy Grid", "Type": "Official Map"}}, {"type": "Feature", "geometry": {"type": "Polygon", "coordinates": [[[11.0, 40.93], [11.5, 40.93], [11.5, 41.26], [11.0, 41.26], [11.0, 40.93]]]}, "properties": {"Title": "Foglio 443 - FOGLIO CARG", "DOI": "CARG-443", "URL": "https://www.isprambiente.gov.it/Media/carg/index.html", "Location": "Italy Grid", "Type": "Official Map"}}, {"type": "Feature", "geometry": {"type": "Polygon", "coordinates": [[[11.5, 40.93], [12.0, 40.93], [12.0, 41.26], [11.5, 41.26], [11.5, 40.93]]]}, "properties": {"Title": "Foglio 444 - FOGLIO CARG", "DOI": "CARG-444", "URL": "https://www.isprambiente.gov.it/Media/carg/index.html", "Location": "Italy Grid", "Type": "Official Map"}}, {"type": "Feature", "geometry": {"type": "Polygon", "coordinates": [[[12.0, 40.93], [12.5, 40.93], [12.5, 41.26], [12.0, 41.26], [12.0, 40.93]]]}, "properties": {"Title": "Foglio 445 - FOGLIO CARG", "DOI": "CARG-445", "URL": "https://www.isprambiente.gov.it/Media/carg/index.html", "Location": "Italy Grid", "Type": "Official Map"}}, {"type": "Feature", "geometry": {"type": "Polygon", "coordinates": [[[12.5, 40.93], [13.0, 40.93], [13.0, 41.26], [12.5, 41.26], [12.5, 40.93]]]}, "properties": {"Title": "Foglio 446 - NAPOLI", "DOI": "CARG-446", "URL": "https://www.isprambiente.gov.it/Media/carg/446_NAPOLI/Foglio.html", "Location": "Italy Grid", "Type": "Official Map"}}, {"type": "Feature", "geometry": {"type": "Polygon", "coordinates": [[[13.0, 40.93], [13.5, 40.93], [13.5, 41.26], [13.0, 41.26], [13.0, 40.93]]]}, "properties": {"Title": "Foglio 447 - FOGLIO CARG", "DOI": "CARG-447", "URL": "https://www.isprambiente.gov.it/Media/carg/index.html", "Location": "Italy Grid", "Type": "Official Map"}}, {"type": "Feature", "geometry": {"type": "Polygon", "coordinates": [[[13.5, 40.93], [14.0, 40.93], [14.0, 41.26], [13.5, 41.26], [13.5, 40.93]]]}, "properties": {"Title": "Foglio 448 - ERCOLANO", "DOI": "CARG-448", "URL": "https://www.isprambiente.gov.it/Media/carg/448_ERCOLANO/Foglio.html", "Location": "Italy Grid", "Type": "Official Map"}}, {"type": "Feature", "geometry": {"type": "Polygon", "coordinates": [[[14.0, 40.93], [14.5, 40.93], [14.5, 41.26], [14.0, 41.26], [14.0, 40.93]]]}, "properties": {"Title": "Foglio 449 - FOGLIO CARG", "DOI": "CARG-449", "URL": "https://www.isprambiente.gov.it/Media/carg/index.html", "Location": "Italy Grid", "Type": "Official Map"}}, {"type": "Feature", "geometry": {"type": "Polygon", "coordinates": [[[14.5, 40.93], [15.0, 40.93], [15.0, 41.26], [14.5, 41.26], [14.5, 40.93]]]}, "properties": {"Title": "Foglio 450 - FOGLIO CARG", "DOI": "CARG-450", "URL": "https://www.isprambiente.gov.it/Media/carg/index.html", "Location": "Italy Grid", "Type": "Official Map"}}, {"type": "Feature", "geometry": {"type": "Polygon", "coordinates": [[[15.0, 40.93], [15.5, 40.93], [15.5, 41.26], [15.0, 41.26], [15.0, 40.93]]]}, "properties": {"Title": "Foglio 451 - FOGLIO CARG", "DOI": "CARG-451", "URL": "https://www.isprambiente.gov.it/Media/carg/index.html", "Location": "Italy Grid", "Type": "Official Map"}}, {"type": "Feature", "geometry": {"type": "Polygon", "coordinates": [[[15.5, 40.93], [16.0, 40.93], [16.0, 41.26], [15.5, 41.26], [15.5, 40.93]]]}, "properties": {"Title": "Foglio 452 - FOGLIO CARG", "DOI": "CARG-452", "URL": "https://www.isprambiente.gov.it/Media/carg/index.html", "Location": "Italy Grid", "Type": "Official Map"}}, {"type": "Feature", "geometry": {"type": "Polygon", "coordinates": [[[16.0, 40.93], [16.5, 40.93], [16.5, 41.26], [16.0, 41.26], [16.0, 40.93]]]}, "properties": {"Title": "Foglio 453 - FOGLIO CARG", "DOI": "CARG-453", "URL": "https://www.isprambiente.gov.it/Media/carg/index.html", "Location": "Italy Grid", "Type": "Official Map"}}, {"type": "Feature", "geometry": {"type": "Polygon", "coordinates": [[[16.5, 40.93], [17.0, 40.93], [17.0, 41.26], [16.5, 41.26], [16.5, 40.93]]]}, "properties": {"Title": "Foglio 454 - FOGLIO CARG", "DOI": "CARG-454", "URL": "https://www.isprambiente.gov.it/Media/carg/index.html", "Location": "Italy Grid", "Type": "Official Map"}}, {"type": "Feature", "geometry": {"type": "Polygon", "coordinates": [[[17.0, 40.93], [17.5, 40.93], [17.5, 41.26], [17.0, 41.26], [17.0, 40.93]]]}, "properties": {"Title": "Foglio 455 - FOGLIO CARG", "DOI": "CARG-455", "URL": "https://www.isprambiente.gov.it/Media/carg/index.html", "Location": "Italy Grid", "Type": "Official Map"}}, {"type": "Feature", "geometry": {"type": "Polygon", "coordinates": [[[17.5, 40.93], [18.0, 40.93], [18.0, 41.26], [17.5, 41.26], [17.5, 40.93]]]}, "properties": {"Title": "Foglio 456 - FOGLIO CARG", "DOI": "CARG-456", "URL": "https://www.isprambiente.gov.it/Media/carg/index.html", "Location": "Italy Grid", "Type": "Official Map"}}, {"type": "Feature", "geometry": {"type": "Polygon", "coordinates": [[[4.0, 40.6], [4.5, 40.6], [4.5, 40.93], [4.0, 40.93], [4.0, 40.6]]]}, "properties": {"Title": "Foglio 457 - FOGLIO CARG", "DOI": "CARG-457", "URL": "https://www.isprambiente.gov.it/Media/carg/index.html", "Location": "Italy Grid", "Type": "Official Map"}}, {"type": "Feature", "geometry": {"type": "Polygon", "coordinates": [[[4.5, 40.6], [5.0, 40.6], [5.0, 40.93], [4.5, 40.93], [4.5, 40.6]]]}, "properties": {"Title": "Foglio 458 - FOGLIO CARG", "DOI": "CARG-458", "URL": "https://www.isprambiente.gov.it/Media/carg/index.html", "Location": "Italy Grid", "Type": "Official Map"}}, {"type": "Feature", "geometry": {"type": "Polygon", "coordinates": [[[5.0, 40.6], [5.5, 40.6], [5.5, 40.93], [5.0, 40.93], [5.0, 40.6]]]}, "properties": {"Title": "Foglio 459 - FOGLIO CARG", "DOI": "CARG-459", "URL": "https://www.isprambiente.gov.it/Media/carg/index.html", "Location": "Italy Grid", "Type": "Official Map"}}, {"type": "Feature", "geometry": {"type": "Polygon", "coordinates": [[[5.5, 40.6], [6.0, 40.6], [6.0, 40.93], [5.5, 40.93], [5.5, 40.6]]]}, "properties": {"Title": "Foglio 460 - FOGLIO CARG", "DOI": "CARG-460", "URL": "https://www.isprambiente.gov.it/Media/carg/index.html", "Location": "Italy Grid", "Type": "Official Map"}}, {"type": "Feature", "geometry": {"type": "Polygon", "coordinates": [[[6.0, 40.6], [6.5, 40.6], [6.5, 40.93], [6.0, 40.93], [6.0, 40.6]]]}, "properties": {"Title": "Foglio 461 - FOGLIO CARG", "DOI": "CARG-461", "URL": "https://www.isprambiente.gov.it/Media/carg/index.html", "Location": "Italy Grid", "Type": "Official Map"}}, {"type": "Feature", "geometry": {"type": "Polygon", "coordinates": [[[6.5, 40.6], [7.0, 40.6], [7.0, 40.93], [6.5, 40.93], [6.5, 40.6]]]}, "properties": {"Title": "Foglio 462 - FOGLIO CARG", "DOI": "CARG-462", "URL": "https://www.isprambiente.gov.it/Media/carg/index.html", "Location": "Italy Grid", "Type": "Official Map"}}, {"type": "Feature", "geometry": {"type": "Polygon", "coordinates": [[[7.0, 40.6], [7.5, 40.6], [7.5, 40.93], [7.0, 40.93], [7.0, 40.6]]]}, "properties": {"Title": "Foglio 463 - FOGLIO CARG", "DOI": "CARG-463", "URL": "https://www.isprambiente.gov.it/Media/carg/index.html", "Location": "Italy Grid", "Type": "Official Map"}}, {"type": "Feature", "geometry": {"type": "Polygon", "coordinates": [[[7.5, 40.6], [8.0, 40.6], [8.0, 40.93], [7.5, 40.93], [7.5, 40.6]]]}, "properties": {"Title": "Foglio 464 - ISCHIA", "DOI": "CARG-464", "URL": "https://www.isprambiente.gov.it/Media/carg/464_ISCHIA/Foglio.html", "Location": "Italy Grid", "Type": "Official Map"}}, {"type": "Feature", "geometry": {"type": "Polygon", "coordinates": [[[8.0, 40.6], [8.5, 40.6], [8.5, 40.93], [8.0, 40.93], [8.0, 40.6]]]}, "properties": {"Title": "Foglio 465 - FOGLIO CARG", "DOI": "CARG-465", "URL": "https://www.isprambiente.gov.it/Media/carg/index.html", "Location": "Italy Grid", "Type": "Official Map"}}, {"type": "Feature", "geometry": {"type": "Polygon", "coordinates": [[[8.5, 40.6], [9.0, 40.6], [9.0, 40.93], [8.5, 40.93], [8.5, 40.6]]]}, "properties": {"Title": "Foglio 466 - FOGLIO CARG", "DOI": "CARG-466", "URL": "https://www.isprambiente.gov.it/Media/carg/index.html", "Location": "Italy Grid", "Type": "Official Map"}}, {"type": "Feature", "geometry": {"type": "Polygon", "coordinates": [[[11.0, 40.6], [11.5, 40.6], [11.5, 40.93], [11.0, 40.93], [11.0, 40.6]]]}, "properties": {"Title": "Foglio 467 - FOGLIO CARG", "DOI": "CARG-467", "URL": "https://www.isprambiente.gov.it/Media/carg/index.html", "Location": "Italy Grid", "Type": "Official Map"}}, {"type": "Feature", "geometry": {"type": "Polygon", "coordinates": [[[11.5, 40.6], [12.0, 40.6], [12.0, 40.93], [11.5, 40.93], [11.5, 40.6]]]}, "properties": {"Title": "Foglio 468 - FOGLIO CARG", "DOI": "CARG-468", "URL": "https://www.isprambiente.gov.it/Media/carg/index.html", "Location": "Italy Grid", "Type": "Official Map"}}, {"type": "Feature", "geometry": {"type": "Polygon", "coordinates": [[[12.0, 40.6], [12.5, 40.6], [12.5, 40.93], [12.0, 40.93], [12.0, 40.6]]]}, "properties": {"Title": "Foglio 469 - FOGLIO CARG", "DOI": "CARG-469", "URL": "https://www.isprambiente.gov.it/Media/carg/index.html", "Location": "Italy Grid", "Type": "Official Map"}}, {"type": "Feature", "geometry": {"type": "Polygon", "coordinates": [[[12.5, 40.6], [13.0, 40.6], [13.0, 40.93], [12.5, 40.93], [12.5, 40.6]]]}, "properties": {"Title": "Foglio 470 - POTENZA", "DOI": "CARG-470", "URL": "https://www.isprambiente.gov.it/Media/carg/470_POTENZA/Foglio.html", "Location": "Italy Grid", "Type": "Official Map"}}, {"type": "Feature", "geometry": {"type": "Polygon", "coordinates": [[[13.0, 40.6], [13.5, 40.6], [13.5, 40.93], [13.0, 40.93], [13.0, 40.6]]]}, "properties": {"Title": "Foglio 471 - FOGLIO CARG", "DOI": "CARG-471", "URL": "https://www.isprambiente.gov.it/Media/carg/index.html", "Location": "Italy Grid", "Type": "Official Map"}}, {"type": "Feature", "geometry": {"type": "Polygon", "coordinates": [[[13.5, 40.6], [14.0, 40.6], [14.0, 40.93], [13.5, 40.93], [13.5, 40.6]]]}, "properties": {"Title": "Foglio 472 - FOGLIO CARG", "DOI": "CARG-472", "URL": "https://www.isprambiente.gov.it/Media/carg/index.html", "Location": "Italy Grid", "Type": "Official Map"}}, {"type": "Feature", "geometry": {"type": "Polygon", "coordinates": [[[14.0, 40.6], [14.5, 40.6], [14.5, 40.93], [14.0, 40.93], [14.0, 40.6]]]}, "properties": {"Title": "Foglio 473 - FOGLIO CARG", "DOI": "CARG-473", "URL": "https://www.isprambiente.gov.it/Media/carg/index.html", "Location": "Italy Grid", "Type": "Official Map"}}, {"type": "Feature", "geometry": {"type": "Polygon", "coordinates": [[[14.5, 40.6], [15.0, 40.6], [15.0, 40.93], [14.5, 40.93], [14.5, 40.6]]]}, "properties": {"Title": "Foglio 474 - FOGLIO CARG", "DOI": "CARG-474", "URL": "https://www.isprambiente.gov.it/Media/carg/index.html", "Location": "Italy Grid", "Type": "Official Map"}}, {"type": "Feature", "geometry": {"type": "Polygon", "coordinates": [[[15.0, 40.6], [15.5, 40.6], [15.5, 40.93], [15.0, 40.93], [15.0, 40.6]]]}, "properties": {"Title": "Foglio 475 - FOGLIO CARG", "DOI": "CARG-475", "URL": "https://www.isprambiente.gov.it/Media/carg/index.html", "Location": "Italy Grid", "Type": "Official Map"}}, {"type": "Feature", "geometry": {"type": "Polygon", "coordinates": [[[15.5, 40.6], [16.0, 40.6], [16.0, 40.93], [15.5, 40.93], [15.5, 40.6]]]}, "properties": {"Title": "Foglio 476 - FOGLIO CARG", "DOI": "CARG-476", "URL": "https://www.isprambiente.gov.it/Media/carg/index.html", "Location": "Italy Grid", "Type": "Official Map"}}, {"type": "Feature", "geometry": {"type": "Polygon", "coordinates": [[[16.0, 40.6], [16.5, 40.6], [16.5, 40.93], [16.0, 40.93], [16.0, 40.6]]]}, "properties": {"Title": "Foglio 477 - FOGLIO CARG", "DOI": "CARG-477", "URL": "https://www.isprambiente.gov.it/Media/carg/index.html", "Location": "Italy Grid", "Type": "Official Map"}}, {"type": "Feature", "geometry": {"type": "Polygon", "coordinates": [[[16.5, 40.6], [17.0, 40.6], [17.0, 40.93], [16.5, 40.93], [16.5, 40.6]]]}, "properties": {"Title": "Foglio 478 - FOGLIO CARG", "DOI": "CARG-478", "URL": "https://www.isprambiente.gov.it/Media/carg/index.html", "Location": "Italy Grid", "Type": "Official Map"}}, {"type": "Feature", "geometry": {"type": "Polygon", "coordinates": [[[17.0, 40.6], [17.5, 40.6], [17.5, 40.93], [17.0, 40.93], [17.0, 40.6]]]}, "properties": {"Title": "Foglio 479 - FOGLIO CARG", "DOI": "CARG-479", "URL": "https://www.isprambiente.gov.it/Media/carg/index.html", "Location": "Italy Grid", "Type": "Official Map"}}, {"type": "Feature", "geometry": {"type": "Polygon", "coordinates": [[[17.5, 40.6], [18.0, 40.6], [18.0, 40.93], [17.5, 40.93], [17.5, 40.6]]]}, "properties": {"Title": "Foglio 480 - FOGLIO CARG", "DOI": "CARG-480", "URL": "https://www.isprambiente.gov.it/Media/carg/index.html", "Location": "Italy Grid", "Type": "Official Map"}}, {"type": "Feature", "geometry": {"type": "Polygon", "coordinates": [[[4.0, 40.27], [4.5, 40.27], [4.5, 40.6], [4.0, 40.6], [4.0, 40.27]]]}, "properties": {"Title": "Foglio 481 - FOGLIO CARG", "DOI": "CARG-481", "URL": "https://www.isprambiente.gov.it/Media/carg/index.html", "Location": "Italy Grid", "Type": "Official Map"}}, {"type": "Feature", "geometry": {"type": "Polygon", "coordinates": [[[4.5, 40.27], [5.0, 40.27], [5.0, 40.6], [4.5, 40.6], [4.5, 40.27]]]}, "properties": {"Title": "Foglio 482 - FOGLIO CARG", "DOI": "CARG-482", "URL": "https://www.isprambiente.gov.it/Media/carg/index.html", "Location": "Italy Grid", "Type": "Official Map"}}, {"type": "Feature", "geometry": {"type": "Polygon", "coordinates": [[[5.0, 40.27], [5.5, 40.27], [5.5, 40.6], [5.0, 40.6], [5.0, 40.27]]]}, "properties": {"Title": "Foglio 483 - FOGLIO CARG", "DOI": "CARG-483", "URL": "https://www.isprambiente.gov.it/Media/carg/index.html", "Location": "Italy Grid", "Type": "Official Map"}}, {"type": "Feature", "geometry": {"type": "Polygon", "coordinates": [[[5.5, 40.27], [6.0, 40.27], [6.0, 40.6], [5.5, 40.6], [5.5, 40.27]]]}, "properties": {"Title": "Foglio 484 - FOGLIO CARG", "DOI": "CARG-484", "URL": "https://www.isprambiente.gov.it/Media/carg/index.html", "Location": "Italy Grid", "Type": "Official Map"}}, {"type": "Feature", "geometry": {"type": "Polygon", "coordinates": [[[6.0, 40.27], [6.5, 40.27], [6.5, 40.6], [6.0, 40.6], [6.0, 40.27]]]}, "properties": {"Title": "Foglio 485 - FOGLIO CARG", "DOI": "CARG-485", "URL": "https://www.isprambiente.gov.it/Media/carg/index.html", "Location": "Italy Grid", "Type": "Official Map"}}, {"type": "Feature", "geometry": {"type": "Polygon", "coordinates": [[[6.5, 40.27], [7.0, 40.27], [7.0, 40.6], [6.5, 40.6], [6.5, 40.27]]]}, "properties": {"Title": "Foglio 486 - FOGLIO CARG", "DOI": "CARG-486", "URL": "https://www.isprambiente.gov.it/Media/carg/index.html", "Location": "Italy Grid", "Type": "Official Map"}}, {"type": "Feature", "geometry": {"type": "Polygon", "coordinates": [[[7.0, 40.27], [7.5, 40.27], [7.5, 40.6], [7.0, 40.6], [7.0, 40.27]]]}, "properties": {"Title": "Foglio 487 - FOGLIO CARG", "DOI": "CARG-487", "URL": "https://www.isprambiente.gov.it/Media/carg/index.html", "Location": "Italy Grid", "Type": "Official Map"}}, {"type": "Feature", "geometry": {"type": "Polygon", "coordinates": [[[7.5, 40.27], [8.0, 40.27], [8.0, 40.6], [7.5, 40.6], [7.5, 40.27]]]}, "properties": {"Title": "Foglio 488 - FOGLIO CARG", "DOI": "CARG-488", "URL": "https://www.isprambiente.gov.it/Media/carg/index.html", "Location": "Italy Grid", "Type": "Official Map"}}, {"type": "Feature", "geometry": {"type": "Polygon", "coordinates": [[[8.0, 40.27], [8.5, 40.27], [8.5, 40.6], [8.0, 40.6], [8.0, 40.27]]]}, "properties": {"Title": "Foglio 489 - FOGLIO CARG", "DOI": "CARG-489", "URL": "https://www.isprambiente.gov.it/Media/carg/index.html", "Location": "Italy Grid", "Type": "Official Map"}}, {"type": "Feature", "geometry": {"type": "Polygon", "coordinates": [[[8.5, 40.27], [9.0, 40.27], [9.0, 40.6], [8.5, 40.6], [8.5, 40.27]]]}, "properties": {"Title": "Foglio 490 - FOGLIO CARG", "DOI": "CARG-490", "URL": "https://www.isprambiente.gov.it/Media/carg/index.html", "Location": "Italy Grid", "Type": "Official Map"}}, {"type": "Feature", "geometry": {"type": "Polygon", "coordinates": [[[11.0, 40.27], [11.5, 40.27], [11.5, 40.6], [11.0, 40.6], [11.0, 40.27]]]}, "properties": {"Title": "Foglio 491 - FOGLIO CARG", "DOI": "CARG-491", "URL": "https://www.isprambiente.gov.it/Media/carg/index.html", "Location": "Italy Grid", "Type": "Official Map"}}, {"type": "Feature", "geometry": {"type": "Polygon", "coordinates": [[[11.5, 40.27], [12.0, 40.27], [12.0, 40.6], [11.5, 40.6], [11.5, 40.27]]]}, "properties": {"Title": "Foglio 492 - FOGLIO CARG", "DOI": "CARG-492", "URL": "https://www.isprambiente.gov.it/Media/carg/index.html", "Location": "Italy Grid", "Type": "Official Map"}}, {"type": "Feature", "geometry": {"type": "Polygon", "coordinates": [[[12.0, 40.27], [12.5, 40.27], [12.5, 40.6], [12.0, 40.6], [12.0, 40.27]]]}, "properties": {"Title": "Foglio 493 - FOGLIO CARG", "DOI": "CARG-493", "URL": "https://www.isprambiente.gov.it/Media/carg/index.html", "Location": "Italy Grid", "Type": "Official Map"}}, {"type": "Feature", "geometry": {"type": "Polygon", "coordinates": [[[12.5, 40.27], [13.0, 40.27], [13.0, 40.6], [12.5, 40.6], [12.5, 40.27]]]}, "properties": {"Title": "Foglio 494 - FOGLIO CARG", "DOI": "CARG-494", "URL": "https://www.isprambiente.gov.it/Media/carg/index.html", "Location": "Italy Grid", "Type": "Official Map"}}, {"type": "Feature", "geometry": {"type": "Polygon", "coordinates": [[[13.0, 40.27], [13.5, 40.27], [13.5, 40.6], [13.0, 40.6], [13.0, 40.27]]]}, "properties": {"Title": "Foglio 495 - FOGLIO CARG", "DOI": "CARG-495", "URL": "https://www.isprambiente.gov.it/Media/carg/index.html", "Location": "Italy Grid", "Type": "Official Map"}}, {"type": "Feature", "geometry": {"type": "Polygon", "coordinates": [[[13.5, 40.27], [14.0, 40.27], [14.0, 40.6], [13.5, 40.6], [13.5, 40.27]]]}, "properties": {"Title": "Foglio 496 - FOGLIO CARG", "DOI": "CARG-496", "URL": "https://www.isprambiente.gov.it/Media/carg/index.html", "Location": "Italy Grid", "Type": "Official Map"}}, {"type": "Feature", "geometry": {"type": "Polygon", "coordinates": [[[14.0, 40.27], [14.5, 40.27], [14.5, 40.6], [14.0, 40.6], [14.0, 40.27]]]}, "properties": {"Title": "Foglio 497 - FOGLIO CARG", "DOI": "CARG-497", "URL": "https://www.isprambiente.gov.it/Media/carg/index.html", "Location": "Italy Grid", "Type": "Official Map"}}, {"type": "Feature", "geometry": {"type": "Polygon", "coordinates": [[[14.5, 40.27], [15.0, 40.27], [15.0, 40.6], [14.5, 40.6], [14.5, 40.27]]]}, "properties": {"Title": "Foglio 498 - FOGLIO CARG", "DOI": "CARG-498", "URL": "https://www.isprambiente.gov.it/Media/carg/index.html", "Location": "Italy Grid", "Type": "Official Map"}}, {"type": "Feature", "geometry": {"type": "Polygon", "coordinates": [[[15.0, 40.27], [15.5, 40.27], [15.5, 40.6], [15.0, 40.6], [15.0, 40.27]]]}, "properties": {"Title": "Foglio 499 - FOGLIO CARG", "DOI": "CARG-499", "URL": "https://www.isprambiente.gov.it/Media/carg/index.html", "Location": "Italy Grid", "Type": "Official Map"}}, {"type": "Feature", "geometry": {"type": "Polygon", "coordinates": [[[15.5, 40.27], [16.0, 40.27], [16.0, 40.6], [15.5, 40.6], [15.5, 40.27]]]}, "properties": {"Title": "Foglio 500 - FOGLIO CARG", "DOI": "CARG-500", "URL": "https://www.isprambiente.gov.it/Media/carg/index.html", "Location": "Italy Grid", "Type": "Official Map"}}, {"type": "Feature", "geometry": {"type": "Polygon", "coordinates": [[[16.0, 40.27], [16.5, 40.27], [16.5, 40.6], [16.0, 40.6], [16.0, 40.27]]]}, "properties": {"Title": "Foglio 501 - FOGLIO CARG", "DOI": "CARG-501", "URL": "https://www.isprambiente.gov.it/Media/carg/index.html", "Location": "Italy Grid", "Type": "Official Map"}}, {"type": "Feature", "geometry": {"type": "Polygon", "coordinates": [[[16.5, 40.27], [17.0, 40.27], [17.0, 40.6], [16.5, 40.6], [16.5, 40.27]]]}, "properties": {"Title": "Foglio 502 - FOGLIO CARG", "DOI": "CARG-502", "URL": "https://www.isprambiente.gov.it/Media/carg/index.html", "Location": "Italy Grid", "Type": "Official Map"}}, {"type": "Feature", "geometry": {"type": "Polygon", "coordinates": [[[17.0, 40.27], [17.5, 40.27], [17.5, 40.6], [17.0, 40.6], [17.0, 40.27]]]}, "properties": {"Title": "Foglio 503 - FOGLIO CARG", "DOI": "CARG-503", "URL": "https://www.isprambiente.gov.it/Media/carg/index.html", "Location": "Italy Grid", "Type": "Official Map"}}, {"type": "Feature", "geometry": {"type": "Polygon", "coordinates": [[[17.5, 40.27], [18.0, 40.27], [18.0, 40.6], [17.5, 40.6], [17.5, 40.27]]]}, "properties": {"Title": "Foglio 504 - FOGLIO CARG", "DOI": "CARG-504", "URL": "https://www.isprambiente.gov.it/Media/carg/index.html", "Location": "Italy Grid", "Type": "Official Map"}}, {"type": "Feature", "geometry": {"type": "Polygon", "coordinates": [[[4.0, 39.94], [4.5, 39.94], [4.5, 40.27], [4.0, 40.27], [4.0, 39.94]]]}, "properties": {"Title": "Foglio 505 - FOGLIO CARG", "DOI": "CARG-505", "URL": "https://www.isprambiente.gov.it/Media/carg/index.html", "Location": "Italy Grid", "Type": "Official Map"}}, {"type": "Feature", "geometry": {"type": "Polygon", "coordinates": [[[4.5, 39.94], [5.0, 39.94], [5.0, 40.27], [4.5, 40.27], [4.5, 39.94]]]}, "properties": {"Title": "Foglio 506 - FOGLIO CARG", "DOI": "CARG-506", "URL": "https://www.isprambiente.gov.it/Media/carg/index.html", "Location": "Italy Grid", "Type": "Official Map"}}, {"type": "Feature", "geometry": {"type": "Polygon", "coordinates": [[[5.0, 39.94], [5.5, 39.94], [5.5, 40.27], [5.0, 40.27], [5.0, 39.94]]]}, "properties": {"Title": "Foglio 507 - FOGLIO CARG", "DOI": "CARG-507", "URL": "https://www.isprambiente.gov.it/Media/carg/index.html", "Location": "Italy Grid", "Type": "Official Map"}}, {"type": "Feature", "geometry": {"type": "Polygon", "coordinates": [[[5.5, 39.94], [6.0, 39.94], [6.0, 40.27], [5.5, 40.27], [5.5, 39.94]]]}, "properties": {"Title": "Foglio 508 - FOGLIO CARG", "DOI": "CARG-508", "URL": "https://www.isprambiente.gov.it/Media/carg/index.html", "Location": "Italy Grid", "Type": "Official Map"}}, {"type": "Feature", "geometry": {"type": "Polygon", "coordinates": [[[6.0, 39.94], [6.5, 39.94], [6.5, 40.27], [6.0, 40.27], [6.0, 39.94]]]}, "properties": {"Title": "Foglio 509 - FOGLIO CARG", "DOI": "CARG-509", "URL": "https://www.isprambiente.gov.it/Media/carg/index.html", "Location": "Italy Grid", "Type": "Official Map"}}, {"type": "Feature", "geometry": {"type": "Polygon", "coordinates": [[[6.5, 39.94], [7.0, 39.94], [7.0, 40.27], [6.5, 40.27], [6.5, 39.94]]]}, "properties": {"Title": "Foglio 510 - FOGLIO CARG", "DOI": "CARG-510", "URL": "https://www.isprambiente.gov.it/Media/carg/index.html", "Location": "Italy Grid", "Type": "Official Map"}}, {"type": "Feature", "geometry": {"type": "Polygon", "coordinates": [[[7.0, 39.94], [7.5, 39.94], [7.5, 40.27], [7.0, 40.27], [7.0, 39.94]]]}, "properties": {"Title": "Foglio 511 - FOGLIO CARG", "DOI": "CARG-511", "URL": "https://www.isprambiente.gov.it/Media/carg/index.html", "Location": "Italy Grid", "Type": "Official Map"}}, {"type": "Feature", "geometry": {"type": "Polygon", "coordinates": [[[7.5, 39.94], [8.0, 39.94], [8.0, 40.27], [7.5, 40.27], [7.5, 39.94]]]}, "properties": {"Title": "Foglio 512 - FOGLIO CARG", "DOI": "CARG-512", "URL": "https://www.isprambiente.gov.it/Media/carg/index.html", "Location": "Italy Grid", "Type": "Official Map"}}, {"type": "Feature", "geometry": {"type": "Polygon", "coordinates": [[[8.0, 39.94], [8.5, 39.94], [8.5, 40.27], [8.0, 40.27], [8.0, 39.94]]]}, "properties": {"Title": "Foglio 513 - FOGLIO CARG", "DOI": "CARG-513", "URL": "https://www.isprambiente.gov.it/Media/carg/index.html", "Location": "Italy Grid", "Type": "Official Map"}}, {"type": "Feature", "geometry": {"type": "Polygon", "coordinates": [[[8.5, 39.94], [9.0, 39.94], [9.0, 40.27], [8.5, 40.27], [8.5, 39.94]]]}, "properties": {"Title": "Foglio 514 - FOGLIO CARG", "DOI": "CARG-514", "URL": "https://www.isprambiente.gov.it/Media/carg/index.html", "Location": "Italy Grid", "Type": "Official Map"}}, {"type": "Feature", "geometry": {"type": "Polygon", "coordinates": [[[11.0, 39.94], [11.5, 39.94], [11.5, 40.27], [11.0, 40.27], [11.0, 39.94]]]}, "properties": {"Title": "Foglio 515 - FOGLIO CARG", "DOI": "CARG-515", "URL": "https://www.isprambiente.gov.it/Media/carg/index.html", "Location": "Italy Grid", "Type": "Official Map"}}, {"type": "Feature", "geometry": {"type": "Polygon", "coordinates": [[[11.5, 39.94], [12.0, 39.94], [12.0, 40.27], [11.5, 40.27], [11.5, 39.94]]]}, "properties": {"Title": "Foglio 516 - FOGLIO CARG", "DOI": "CARG-516", "URL": "https://www.isprambiente.gov.it/Media/carg/index.html", "Location": "Italy Grid", "Type": "Official Map"}}, {"type": "Feature", "geometry": {"type": "Polygon", "coordinates": [[[12.0, 39.94], [12.5, 39.94], [12.5, 40.27], [12.0, 40.27], [12.0, 39.94]]]}, "properties": {"Title": "Foglio 517 - FOGLIO CARG", "DOI": "CARG-517", "URL": "https://www.isprambiente.gov.it/Media/carg/index.html", "Location": "Italy Grid", "Type": "Official Map"}}, {"type": "Feature", "geometry": {"type": "Polygon", "coordinates": [[[12.5, 39.94], [13.0, 39.94], [13.0, 40.27], [12.5, 40.27], [12.5, 39.94]]]}, "properties": {"Title": "Foglio 518 - FOGLIO CARG", "DOI": "CARG-518", "URL": "https://www.isprambiente.gov.it/Media/carg/index.html", "Location": "Italy Grid", "Type": "Official Map"}}, {"type": "Feature", "geometry": {"type": "Polygon", "coordinates": [[[13.0, 39.94], [13.5, 39.94], [13.5, 40.27], [13.0, 40.27], [13.0, 39.94]]]}, "properties": {"Title": "Foglio 519 - FOGLIO CARG", "DOI": "CARG-519", "URL": "https://www.isprambiente.gov.it/Media/carg/index.html", "Location": "Italy Grid", "Type": "Official Map"}}, {"type": "Feature", "geometry": {"type": "Polygon", "coordinates": [[[13.5, 39.94], [14.0, 39.94], [14.0, 40.27], [13.5, 40.27], [13.5, 39.94]]]}, "properties": {"Title": "Foglio 520 - FOGLIO CARG", "DOI": "CARG-520", "URL": "https://www.isprambiente.gov.it/Media/carg/index.html", "Location": "Italy Grid", "Type": "Official Map"}}, {"type": "Feature", "geometry": {"type": "Polygon", "coordinates": [[[14.0, 39.94], [14.5, 39.94], [14.5, 40.27], [14.0, 40.27], [14.0, 39.94]]]}, "properties": {"Title": "Foglio 521 - FOGLIO CARG", "DOI": "CARG-521", "URL": "https://www.isprambiente.gov.it/Media/carg/index.html", "Location": "Italy Grid", "Type": "Official Map"}}, {"type": "Feature", "geometry": {"type": "Polygon", "coordinates": [[[14.5, 39.94], [15.0, 39.94], [15.0, 40.27], [14.5, 40.27], [14.5, 39.94]]]}, "properties": {"Title": "Foglio 522 - FOGLIO CARG", "DOI": "CARG-522", "URL": "https://www.isprambiente.gov.it/Media/carg/index.html", "Location": "Italy Grid", "Type": "Official Map"}}, {"type": "Feature", "geometry": {"type": "Polygon", "coordinates": [[[15.0, 39.94], [15.5, 39.94], [15.5, 40.27], [15.0, 40.27], [15.0, 39.94]]]}, "properties": {"Title": "Foglio 523 - FOGLIO CARG", "DOI": "CARG-523", "URL": "https://www.isprambiente.gov.it/Media/carg/index.html", "Location": "Italy Grid", "Type": "Official Map"}}, {"type": "Feature", "geometry": {"type": "Polygon", "coordinates": [[[15.5, 39.94], [16.0, 39.94], [16.0, 40.27], [15.5, 40.27], [15.5, 39.94]]]}, "properties": {"Title": "Foglio 524 - FOGLIO CARG", "DOI": "CARG-524", "URL": "https://www.isprambiente.gov.it/Media/carg/index.html", "Location": "Italy Grid", "Type": "Official Map"}}, {"type": "Feature", "geometry": {"type": "Polygon", "coordinates": [[[16.0, 39.94], [16.5, 39.94], [16.5, 40.27], [16.0, 40.27], [16.0, 39.94]]]}, "properties": {"Title": "Foglio 525 - FOGLIO CARG", "DOI": "CARG-525", "URL": "https://www.isprambiente.gov.it/Media/carg/index.html", "Location": "Italy Grid", "Type": "Official Map"}}, {"type": "Feature", "geometry": {"type": "Polygon", "coordinates": [[[16.5, 39.94], [17.0, 39.94], [17.0, 40.27], [16.5, 40.27], [16.5, 39.94]]]}, "properties": {"Title": "Foglio 526 - FOGLIO CARG", "DOI": "CARG-526", "URL": "https://www.isprambiente.gov.it/Media/carg/index.html", "Location": "Italy Grid", "Type": "Official Map"}}, {"type": "Feature", "geometry": {"type": "Polygon", "coordinates": [[[17.0, 39.94], [17.5, 39.94], [17.5, 40.27], [17.0, 40.27], [17.0, 39.94]]]}, "properties": {"Title": "Foglio 527 - FOGLIO CARG", "DOI": "CARG-527", "URL": "https://www.isprambiente.gov.it/Media/carg/index.html", "Location": "Italy Grid", "Type": "Official Map"}}, {"type": "Feature", "geometry": {"type": "Polygon", "coordinates": [[[17.5, 39.94], [18.0, 39.94], [18.0, 40.27], [17.5, 40.27], [17.5, 39.94]]]}, "properties": {"Title": "Foglio 528 - FOGLIO CARG", "DOI": "CARG-528", "URL": "https://www.isprambiente.gov.it/Media/carg/index.html", "Location": "Italy Grid", "Type": "Official Map"}}, {"type": "Feature", "geometry": {"type": "Polygon", "coordinates": [[[4.0, 39.61], [4.5, 39.61], [4.5, 39.94], [4.0, 39.94], [4.0, 39.61]]]}, "properties": {"Title": "Foglio 529 - FOGLIO CARG", "DOI": "CARG-529", "URL": "https://www.isprambiente.gov.it/Media/carg/index.html", "Location": "Italy Grid", "Type": "Official Map"}}, {"type": "Feature", "geometry": {"type": "Polygon", "coordinates": [[[4.5, 39.61], [5.0, 39.61], [5.0, 39.94], [4.5, 39.94], [4.5, 39.61]]]}, "properties": {"Title": "Foglio 530 - FOGLIO CARG", "DOI": "CARG-530", "URL": "https://www.isprambiente.gov.it/Media/carg/index.html", "Location": "Italy Grid", "Type": "Official Map"}}, {"type": "Feature", "geometry": {"type": "Polygon", "coordinates": [[[5.0, 39.61], [5.5, 39.61], [5.5, 39.94], [5.0, 39.94], [5.0, 39.61]]]}, "properties": {"Title": "Foglio 531 - FOGLIO CARG", "DOI": "CARG-531", "URL": "https://www.isprambiente.gov.it/Media/carg/index.html", "Location": "Italy Grid", "Type": "Official Map"}}, {"type": "Feature", "geometry": {"type": "Polygon", "coordinates": [[[5.5, 39.61], [6.0, 39.61], [6.0, 39.94], [5.5, 39.94], [5.5, 39.61]]]}, "properties": {"Title": "Foglio 532 - FOGLIO CARG", "DOI": "CARG-532", "URL": "https://www.isprambiente.gov.it/Media/carg/index.html", "Location": "Italy Grid", "Type": "Official Map"}}, {"type": "Feature", "geometry": {"type": "Polygon", "coordinates": [[[6.0, 39.61], [6.5, 39.61], [6.5, 39.94], [6.0, 39.94], [6.0, 39.61]]]}, "properties": {"Title": "Foglio 533 - FOGLIO CARG", "DOI": "CARG-533", "URL": "https://www.isprambiente.gov.it/Media/carg/index.html", "Location": "Italy Grid", "Type": "Official Map"}}, {"type": "Feature", "geometry": {"type": "Polygon", "coordinates": [[[6.5, 39.61], [7.0, 39.61], [7.0, 39.94], [6.5, 39.94], [6.5, 39.61]]]}, "properties": {"Title": "Foglio 534 - FOGLIO CARG", "DOI": "CARG-534", "URL": "https://www.isprambiente.gov.it/Media/carg/index.html", "Location": "Italy Grid", "Type": "Official Map"}}, {"type": "Feature", "geometry": {"type": "Polygon", "coordinates": [[[7.0, 39.61], [7.5, 39.61], [7.5, 39.94], [7.0, 39.94], [7.0, 39.61]]]}, "properties": {"Title": "Foglio 535 - FOGLIO CARG", "DOI": "CARG-535", "URL": "https://www.isprambiente.gov.it/Media/carg/index.html", "Location": "Italy Grid", "Type": "Official Map"}}, {"type": "Feature", "geometry": {"type": "Polygon", "coordinates": [[[7.5, 39.61], [8.0, 39.61], [8.0, 39.94], [7.5, 39.94], [7.5, 39.61]]]}, "properties": {"Title": "Foglio 536 - FOGLIO CARG", "DOI": "CARG-536", "URL": "https://www.isprambiente.gov.it/Media/carg/index.html", "Location": "Italy Grid", "Type": "Official Map"}}, {"type": "Feature", "geometry": {"type": "Polygon", "coordinates": [[[8.0, 39.61], [8.5, 39.61], [8.5, 39.94], [8.0, 39.94], [8.0, 39.61]]]}, "properties": {"Title": "Foglio 537 - FOGLIO CARG", "DOI": "CARG-537", "URL": "https://www.isprambiente.gov.it/Media/carg/index.html", "Location": "Italy Grid", "Type": "Official Map"}}, {"type": "Feature", "geometry": {"type": "Polygon", "coordinates": [[[8.5, 39.61], [9.0, 39.61], [9.0, 39.94], [8.5, 39.94], [8.5, 39.61]]]}, "properties": {"Title": "Foglio 538 - FOGLIO CARG", "DOI": "CARG-538", "URL": "https://www.isprambiente.gov.it/Media/carg/index.html", "Location": "Italy Grid", "Type": "Official Map"}}, {"type": "Feature", "geometry": {"type": "Polygon", "coordinates": [[[11.0, 39.61], [11.5, 39.61], [11.5, 39.94], [11.0, 39.94], [11.0, 39.61]]]}, "properties": {"Title": "Foglio 539 - FOGLIO CARG", "DOI": "CARG-539", "URL": "https://www.isprambiente.gov.it/Media/carg/index.html", "Location": "Italy Grid", "Type": "Official Map"}}, {"type": "Feature", "geometry": {"type": "Polygon", "coordinates": [[[11.5, 39.61], [12.0, 39.61], [12.0, 39.94], [11.5, 39.94], [11.5, 39.61]]]}, "properties": {"Title": "Foglio 540 - FOGLIO CARG", "DOI": "CARG-540", "URL": "https://www.isprambiente.gov.it/Media/carg/index.html", "Location": "Italy Grid", "Type": "Official Map"}}, {"type": "Feature", "geometry": {"type": "Polygon", "coordinates": [[[12.0, 39.61], [12.5, 39.61], [12.5, 39.94], [12.0, 39.94], [12.0, 39.61]]]}, "properties": {"Title": "Foglio 541 - FOGLIO CARG", "DOI": "CARG-541", "URL": "https://www.isprambiente.gov.it/Media/carg/index.html", "Location": "Italy Grid", "Type": "Official Map"}}, {"type": "Feature", "geometry": {"type": "Polygon", "coordinates": [[[12.5, 39.61], [13.0, 39.61], [13.0, 39.94], [12.5, 39.94], [12.5, 39.61]]]}, "properties": {"Title": "Foglio 542 - FOGLIO CARG", "DOI": "CARG-542", "URL": "https://www.isprambiente.gov.it/Media/carg/index.html", "Location": "Italy Grid", "Type": "Official Map"}}, {"type": "Feature", "geometry": {"type": "Polygon", "coordinates": [[[13.0, 39.61], [13.5, 39.61], [13.5, 39.94], [13.0, 39.94], [13.0, 39.61]]]}, "properties": {"Title": "Foglio 543 - FOGLIO CARG", "DOI": "CARG-543", "URL": "https://www.isprambiente.gov.it/Media/carg/index.html", "Location": "Italy Grid", "Type": "Official Map"}}, {"type": "Feature", "geometry": {"type": "Polygon", "coordinates": [[[13.5, 39.61], [14.0, 39.61], [14.0, 39.94], [13.5, 39.94], [13.5, 39.61]]]}, "properties": {"Title": "Foglio 544 - FOGLIO CARG", "DOI": "CARG-544", "URL": "https://www.isprambiente.gov.it/Media/carg/index.html", "Location": "Italy Grid", "Type": "Official Map"}}, {"type": "Feature", "geometry": {"type": "Polygon", "coordinates": [[[14.0, 39.61], [14.5, 39.61], [14.5, 39.94], [14.0, 39.94], [14.0, 39.61]]]}, "properties": {"Title": "Foglio 545 - FOGLIO CARG", "DOI": "CARG-545", "URL": "https://www.isprambiente.gov.it/Media/carg/index.html", "Location": "Italy Grid", "Type": "Official Map"}}, {"type": "Feature", "geometry": {"type": "Polygon", "coordinates": [[[14.5, 39.61], [15.0, 39.61], [15.0, 39.94], [14.5, 39.94], [14.5, 39.61]]]}, "properties": {"Title": "Foglio 546 - FOGLIO CARG", "DOI": "CARG-546", "URL": "https://www.isprambiente.gov.it/Media/carg/index.html", "Location": "Italy Grid", "Type": "Official Map"}}, {"type": "Feature", "geometry": {"type": "Polygon", "coordinates": [[[15.0, 39.61], [15.5, 39.61], [15.5, 39.94], [15.0, 39.94], [15.0, 39.61]]]}, "properties": {"Title": "Foglio 547 - FOGLIO CARG", "DOI": "CARG-547", "URL": "https://www.isprambiente.gov.it/Media/carg/index.html", "Location": "Italy Grid", "Type": "Official Map"}}, {"type": "Feature", "geometry": {"type": "Polygon", "coordinates": [[[15.5, 39.61], [16.0, 39.61], [16.0, 39.94], [15.5, 39.94], [15.5, 39.61]]]}, "properties": {"Title": "Foglio 548 - FOGLIO CARG", "DOI": "CARG-548", "URL": "https://www.isprambiente.gov.it/Media/carg/index.html", "Location": "Italy Grid", "Type": "Official Map"}}, {"type": "Feature", "geometry": {"type": "Polygon", "coordinates": [[[16.0, 39.61], [16.5, 39.61], [16.5, 39.94], [16.0, 39.94], [16.0, 39.61]]]}, "properties": {"Title": "Foglio 549 - FOGLIO CARG", "DOI": "CARG-549", "URL": "https://www.isprambiente.gov.it/Media/carg/index.html", "Location": "Italy Grid", "Type": "Official Map"}}, {"type": "Feature", "geometry": {"type": "Polygon", "coordinates": [[[16.5, 39.61], [17.0, 39.61], [17.0, 39.94], [16.5, 39.94], [16.5, 39.61]]]}, "properties": {"Title": "Foglio 550 - FOGLIO CARG", "DOI": "CARG-550", "URL": "https://www.isprambiente.gov.it/Media/carg/index.html", "Location": "Italy Grid", "Type": "Official Map"}}, {"type": "Feature", "geometry": {"type": "Polygon", "coordinates": [[[17.0, 39.61], [17.5, 39.61], [17.5, 39.94], [17.0, 39.94], [17.0, 39.61]]]}, "properties": {"Title": "Foglio 551 - FOGLIO CARG", "DOI": "CARG-551", "URL": "https://www.isprambiente.gov.it/Media/carg/index.html", "Location": "Italy Grid", "Type": "Official Map"}}, {"type": "Feature", "geometry": {"type": "Polygon", "coordinates": [[[17.5, 39.61], [18.0, 39.61], [18.0, 39.94], [17.5, 39.94], [17.5, 39.61]]]}, "properties": {"Title": "Foglio 552 - FOGLIO CARG", "DOI": "CARG-552", "URL": "https://www.isprambiente.gov.it/Media/carg/index.html", "Location": "Italy Grid", "Type": "Official Map"}}, {"type": "Feature", "geometry": {"type": "Polygon", "coordinates": [[[4.0, 39.28], [4.5, 39.28], [4.5, 39.61], [4.0, 39.61], [4.0, 39.28]]]}, "properties": {"Title": "Foglio 553 - FOGLIO CARG", "DOI": "CARG-553", "URL": "https://www.isprambiente.gov.it/Media/carg/index.html", "Location": "Italy Grid", "Type": "Official Map"}}, {"type": "Feature", "geometry": {"type": "Polygon", "coordinates": [[[4.5, 39.28], [5.0, 39.28], [5.0, 39.61], [4.5, 39.61], [4.5, 39.28]]]}, "properties": {"Title": "Foglio 554 - FOGLIO CARG", "DOI": "CARG-554", "URL": "https://www.isprambiente.gov.it/Media/carg/index.html", "Location": "Italy Grid", "Type": "Official Map"}}, {"type": "Feature", "geometry": {"type": "Polygon", "coordinates": [[[5.0, 39.28], [5.5, 39.28], [5.5, 39.61], [5.0, 39.61], [5.0, 39.28]]]}, "properties": {"Title": "Foglio 555 - FOGLIO CARG", "DOI": "CARG-555", "URL": "https://www.isprambiente.gov.it/Media/carg/index.html", "Location": "Italy Grid", "Type": "Official Map"}}, {"type": "Feature", "geometry": {"type": "Polygon", "coordinates": [[[5.5, 39.28], [6.0, 39.28], [6.0, 39.61], [5.5, 39.61], [5.5, 39.28]]]}, "properties": {"Title": "Foglio 556 - FOGLIO CARG", "DOI": "CARG-556", "URL": "https://www.isprambiente.gov.it/Media/carg/index.html", "Location": "Italy Grid", "Type": "Official Map"}}, {"type": "Feature", "geometry": {"type": "Polygon", "coordinates": [[[6.0, 39.28], [6.5, 39.28], [6.5, 39.61], [6.0, 39.61], [6.0, 39.28]]]}, "properties": {"Title": "Foglio 557 - CAGLIARI", "DOI": "CARG-557", "URL": "https://www.isprambiente.gov.it/Media/carg/557_CAGLIARI/Foglio.html", "Location": "Italy Grid", "Type": "Official Map"}}, {"type": "Feature", "geometry": {"type": "Polygon", "coordinates": [[[6.5, 39.28], [7.0, 39.28], [7.0, 39.61], [6.5, 39.61], [6.5, 39.28]]]}, "properties": {"Title": "Foglio 558 - FOGLIO CARG", "DOI": "CARG-558", "URL": "https://www.isprambiente.gov.it/Media/carg/index.html", "Location": "Italy Grid", "Type": "Official Map"}}, {"type": "Feature", "geometry": {"type": "Polygon", "coordinates": [[[7.0, 39.28], [7.5, 39.28], [7.5, 39.61], [7.0, 39.61], [7.0, 39.28]]]}, "properties": {"Title": "Foglio 559 - FOGLIO CARG", "DOI": "CARG-559", "URL": "https://www.isprambiente.gov.it/Media/carg/index.html", "Location": "Italy Grid", "Type": "Official Map"}}, {"type": "Feature", "geometry": {"type": "Polygon", "coordinates": [[[7.5, 39.28], [8.0, 39.28], [8.0, 39.61], [7.5, 39.61], [7.5, 39.28]]]}, "properties": {"Title": "Foglio 560 - FOGLIO CARG", "DOI": "CARG-560", "URL": "https://www.isprambiente.gov.it/Media/carg/index.html", "Location": "Italy Grid", "Type": "Official Map"}}, {"type": "Feature", "geometry": {"type": "Polygon", "coordinates": [[[8.0, 39.28], [8.5, 39.28], [8.5, 39.61], [8.0, 39.61], [8.0, 39.28]]]}, "properties": {"Title": "Foglio 561 - FOGLIO CARG", "DOI": "CARG-561", "URL": "https://www.isprambiente.gov.it/Media/carg/index.html", "Location": "Italy Grid", "Type": "Official Map"}}, {"type": "Feature", "geometry": {"type": "Polygon", "coordinates": [[[8.5, 39.28], [9.0, 39.28], [9.0, 39.61], [8.5, 39.61], [8.5, 39.28]]]}, "properties": {"Title": "Foglio 562 - FOGLIO CARG", "DOI": "CARG-562", "URL": "https://www.isprambiente.gov.it/Media/carg/index.html", "Location": "Italy Grid", "Type": "Official Map"}}, {"type": "Feature", "geometry": {"type": "Polygon", "coordinates": [[[11.0, 39.28], [11.5, 39.28], [11.5, 39.61], [11.0, 39.61], [11.0, 39.28]]]}, "properties": {"Title": "Foglio 563 - FOGLIO CARG", "DOI": "CARG-563", "URL": "https://www.isprambiente.gov.it/Media/carg/index.html", "Location": "Italy Grid", "Type": "Official Map"}}, {"type": "Feature", "geometry": {"type": "Polygon", "coordinates": [[[11.5, 39.28], [12.0, 39.28], [12.0, 39.61], [11.5, 39.61], [11.5, 39.28]]]}, "properties": {"Title": "Foglio 564 - FOGLIO CARG", "DOI": "CARG-564", "URL": "https://www.isprambiente.gov.it/Media/carg/index.html", "Location": "Italy Grid", "Type": "Official Map"}}, {"type": "Feature", "geometry": {"type": "Polygon", "coordinates": [[[12.0, 39.28], [12.5, 39.28], [12.5, 39.61], [12.0, 39.61], [12.0, 39.28]]]}, "properties": {"Title": "Foglio 565 - FOGLIO CARG", "DOI": "CARG-565", "URL": "https://www.isprambiente.gov.it/Media/carg/index.html", "Location": "Italy Grid", "Type": "Official Map"}}, {"type": "Feature", "geometry": {"type": "Polygon", "coordinates": [[[12.5, 39.28], [13.0, 39.28], [13.0, 39.61], [12.5, 39.61], [12.5, 39.28]]]}, "properties": {"Title": "Foglio 566 - FOGLIO CARG", "DOI": "CARG-566", "URL": "https://www.isprambiente.gov.it/Media/carg/index.html", "Location": "Italy Grid", "Type": "Official Map"}}, {"type": "Feature", "geometry": {"type": "Polygon", "coordinates": [[[13.0, 39.28], [13.5, 39.28], [13.5, 39.61], [13.0, 39.61], [13.0, 39.28]]]}, "properties": {"Title": "Foglio 567 - FOGLIO CARG", "DOI": "CARG-567", "URL": "https://www.isprambiente.gov.it/Media/carg/index.html", "Location": "Italy Grid", "Type": "Official Map"}}, {"type": "Feature", "geometry": {"type": "Polygon", "coordinates": [[[13.5, 39.28], [14.0, 39.28], [14.0, 39.61], [13.5, 39.61], [13.5, 39.28]]]}, "properties": {"Title": "Foglio 568 - FOGLIO CARG", "DOI": "CARG-568", "URL": "https://www.isprambiente.gov.it/Media/carg/index.html", "Location": "Italy Grid", "Type": "Official Map"}}, {"type": "Feature", "geometry": {"type": "Polygon", "coordinates": [[[14.0, 39.28], [14.5, 39.28], [14.5, 39.61], [14.0, 39.61], [14.0, 39.28]]]}, "properties": {"Title": "Foglio 569 - FOGLIO CARG", "DOI": "CARG-569", "URL": "https://www.isprambiente.gov.it/Media/carg/index.html", "Location": "Italy Grid", "Type": "Official Map"}}, {"type": "Feature", "geometry": {"type": "Polygon", "coordinates": [[[14.5, 39.28], [15.0, 39.28], [15.0, 39.61], [14.5, 39.61], [14.5, 39.28]]]}, "properties": {"Title": "Foglio 570 - FOGLIO CARG", "DOI": "CARG-570", "URL": "https://www.isprambiente.gov.it/Media/carg/index.html", "Location": "Italy Grid", "Type": "Official Map"}}, {"type": "Feature", "geometry": {"type": "Polygon", "coordinates": [[[15.0, 39.28], [15.5, 39.28], [15.5, 39.61], [15.0, 39.61], [15.0, 39.28]]]}, "properties": {"Title": "Foglio 571 - FOGLIO CARG", "DOI": "CARG-571", "URL": "https://www.isprambiente.gov.it/Media/carg/index.html", "Location": "Italy Grid", "Type": "Official Map"}}, {"type": "Feature", "geometry": {"type": "Polygon", "coordinates": [[[15.5, 39.28], [16.0, 39.28], [16.0, 39.61], [15.5, 39.61], [15.5, 39.28]]]}, "properties": {"Title": "Foglio 572 - FOGLIO CARG", "DOI": "CARG-572", "URL": "https://www.isprambiente.gov.it/Media/carg/index.html", "Location": "Italy Grid", "Type": "Official Map"}}, {"type": "Feature", "geometry": {"type": "Polygon", "coordinates": [[[16.0, 39.28], [16.5, 39.28], [16.5, 39.61], [16.0, 39.61], [16.0, 39.28]]]}, "properties": {"Title": "Foglio 573 - FOGLIO CARG", "DOI": "CARG-573", "URL": "https://www.isprambiente.gov.it/Media/carg/index.html", "Location": "Italy Grid", "Type": "Official Map"}}, {"type": "Feature", "geometry": {"type": "Polygon", "coordinates": [[[16.5, 39.28], [17.0, 39.28], [17.0, 39.61], [16.5, 39.61], [16.5, 39.28]]]}, "properties": {"Title": "Foglio 574 - FOGLIO CARG", "DOI": "CARG-574", "URL": "https://www.isprambiente.gov.it/Media/carg/index.html", "Location": "Italy Grid", "Type": "Official Map"}}, {"type": "Feature", "geometry": {"type": "Polygon", "coordinates": [[[17.0, 39.28], [17.5, 39.28], [17.5, 39.61], [17.0, 39.61], [17.0, 39.28]]]}, "properties": {"Title": "Foglio 575 - FOGLIO CARG", "DOI": "CARG-575", "URL": "https://www.isprambiente.gov.it/Media/carg/index.html", "Location": "Italy Grid", "Type": "Official Map"}}, {"type": "Feature", "geometry": {"type": "Polygon", "coordinates": [[[17.5, 39.28], [18.0, 39.28], [18.0, 39.61], [17.5, 39.61], [17.5, 39.28]]]}, "properties": {"Title": "Foglio 576 - FOGLIO CARG", "DOI": "CARG-576", "URL": "https://www.isprambiente.gov.it/Media/carg/index.html", "Location": "Italy Grid", "Type": "Official Map"}}, {"type": "Feature", "geometry": {"type": "Polygon", "coordinates": [[[6.0, 38.95], [6.5, 38.95], [6.5, 39.28], [6.0, 39.28], [6.0, 38.95]]]}, "properties": {"Title": "Foglio 577 - FOGLIO CARG", "DOI": "CARG-577", "URL": "https://www.isprambiente.gov.it/Media/carg/index.html", "Location": "Italy Grid", "Type": "Official Map"}}, {"type": "Feature", "geometry": {"type": "Polygon", "coordinates": [[[6.5, 38.95], [7.0, 38.95], [7.0, 39.28], [6.5, 39.28], [6.5, 38.95]]]}, "properties": {"Title": "Foglio 578 - FOGLIO CARG", "DOI": "CARG-578", "URL": "https://www.isprambiente.gov.it/Media/carg/index.html", "Location": "Italy Grid", "Type": "Official Map"}}, {"type": "Feature", "geometry": {"type": "Polygon", "coordinates": [[[7.0, 38.95], [7.5, 38.95], [7.5, 39.28], [7.0, 39.28], [7.0, 38.95]]]}, "properties": {"Title": "Foglio 579 - FOGLIO CARG", "DOI": "CARG-579", "URL": "https://www.isprambiente.gov.it/Media/carg/index.html", "Location": "Italy Grid", "Type": "Official Map"}}, {"type": "Feature", "geometry": {"type": "Polygon", "coordinates": [[[7.5, 38.95], [8.0, 38.95], [8.0, 39.28], [7.5, 39.28], [7.5, 38.95]]]}, "properties": {"Title": "Foglio 580 - FOGLIO CARG", "DOI": "CARG-580", "URL": "https://www.isprambiente.gov.it/Media/carg/index.html", "Location": "Italy Grid", "Type": "Official Map"}}, {"type": "Feature", "geometry": {"type": "Polygon", "coordinates": [[[9.0, 38.95], [9.5, 38.95], [9.5, 39.28], [9.0, 39.28], [9.0, 38.95]]]}, "properties": {"Title": "Foglio 581 - FOGLIO CARG", "DOI": "CARG-581", "URL": "https://www.isprambiente.gov.it/Media/carg/index.html", "Location": "Italy Grid", "Type": "Official Map"}}, {"type": "Feature", "geometry": {"type": "Polygon", "coordinates": [[[9.5, 38.95], [10.0, 38.95], [10.0, 39.28], [9.5, 39.28], [9.5, 38.95]]]}, "properties": {"Title": "Foglio 582 - FOGLIO CARG", "DOI": "CARG-582", "URL": "https://www.isprambiente.gov.it/Media/carg/index.html", "Location": "Italy Grid", "Type": "Official Map"}}, {"type": "Feature", "geometry": {"type": "Polygon", "coordinates": [[[10.0, 38.95], [10.5, 38.95], [10.5, 39.28], [10.0, 39.28], [10.0, 38.95]]]}, "properties": {"Title": "Foglio 583 - FOGLIO CARG", "DOI": "CARG-583", "URL": "https://www.isprambiente.gov.it/Media/carg/index.html", "Location": "Italy Grid", "Type": "Official Map"}}, {"type": "Feature", "geometry": {"type": "Polygon", "coordinates": [[[10.5, 38.95], [11.0, 38.95], [11.0, 39.28], [10.5, 39.28], [10.5, 38.95]]]}, "properties": {"Title": "Foglio 584 - FOGLIO CARG", "DOI": "CARG-584", "URL": "https://www.isprambiente.gov.it/Media/carg/index.html", "Location": "Italy Grid", "Type": "Official Map"}}, {"type": "Feature", "geometry": {"type": "Polygon", "coordinates": [[[11.0, 38.95], [11.5, 38.95], [11.5, 39.28], [11.0, 39.28], [11.0, 38.95]]]}, "properties": {"Title": "Foglio 585 - FOGLIO CARG", "DOI": "CARG-585", "URL": "https://www.isprambiente.gov.it/Media/carg/index.html", "Location": "Italy Grid", "Type": "Official Map"}}, {"type": "Feature", "geometry": {"type": "Polygon", "coordinates": [[[11.5, 38.95], [12.0, 38.95], [12.0, 39.28], [11.5, 39.28], [11.5, 38.95]]]}, "properties": {"Title": "Foglio 586 - FOGLIO CARG", "DOI": "CARG-586", "URL": "https://www.isprambiente.gov.it/Media/carg/index.html", "Location": "Italy Grid", "Type": "Official Map"}}, {"type": "Feature", "geometry": {"type": "Polygon", "coordinates": [[[12.0, 38.95], [12.5, 38.95], [12.5, 39.28], [12.0, 39.28], [12.0, 38.95]]]}, "properties": {"Title": "Foglio 587 - FOGLIO CARG", "DOI": "CARG-587", "URL": "https://www.isprambiente.gov.it/Media/carg/index.html", "Location": "Italy Grid", "Type": "Official Map"}}, {"type": "Feature", "geometry": {"type": "Polygon", "coordinates": [[[12.5, 38.95], [13.0, 38.95], [13.0, 39.28], [12.5, 39.28], [12.5, 38.95]]]}, "properties": {"Title": "Foglio 588 - FOGLIO CARG", "DOI": "CARG-588", "URL": "https://www.isprambiente.gov.it/Media/carg/index.html", "Location": "Italy Grid", "Type": "Official Map"}}, {"type": "Feature", "geometry": {"type": "Polygon", "coordinates": [[[13.0, 38.95], [13.5, 38.95], [13.5, 39.28], [13.0, 39.28], [13.0, 38.95]]]}, "properties": {"Title": "Foglio 589 - FOGLIO CARG", "DOI": "CARG-589", "URL": "https://www.isprambiente.gov.it/Media/carg/index.html", "Location": "Italy Grid", "Type": "Official Map"}}, {"type": "Feature", "geometry": {"type": "Polygon", "coordinates": [[[13.5, 38.95], [14.0, 38.95], [14.0, 39.28], [13.5, 39.28], [13.5, 38.95]]]}, "properties": {"Title": "Foglio 590 - FOGLIO CARG", "DOI": "CARG-590", "URL": "https://www.isprambiente.gov.it/Media/carg/index.html", "Location": "Italy Grid", "Type": "Official Map"}}, {"type": "Feature", "geometry": {"type": "Polygon", "coordinates": [[[14.0, 38.95], [14.5, 38.95], [14.5, 39.28], [14.0, 39.28], [14.0, 38.95]]]}, "properties": {"Title": "Foglio 591 - FOGLIO CARG", "DOI": "CARG-591", "URL": "https://www.isprambiente.gov.it/Media/carg/index.html", "Location": "Italy Grid", "Type": "Official Map"}}, {"type": "Feature", "geometry": {"type": "Polygon", "coordinates": [[[14.5, 38.95], [15.0, 38.95], [15.0, 39.28], [14.5, 39.28], [14.5, 38.95]]]}, "properties": {"Title": "Foglio 592 - FOGLIO CARG", "DOI": "CARG-592", "URL": "https://www.isprambiente.gov.it/Media/carg/index.html", "Location": "Italy Grid", "Type": "Official Map"}}, {"type": "Feature", "geometry": {"type": "Polygon", "coordinates": [[[15.0, 38.95], [15.5, 38.95], [15.5, 39.28], [15.0, 39.28], [15.0, 38.95]]]}, "properties": {"Title": "Foglio 593 - FOGLIO CARG", "DOI": "CARG-593", "URL": "https://www.isprambiente.gov.it/Media/carg/index.html", "Location": "Italy Grid", "Type": "Official Map"}}, {"type": "Feature", "geometry": {"type": "Polygon", "coordinates": [[[15.5, 38.95], [16.0, 38.95], [16.0, 39.28], [15.5, 39.28], [15.5, 38.95]]]}, "properties": {"Title": "Foglio 594 - FOGLIO CARG", "DOI": "CARG-594", "URL": "https://www.isprambiente.gov.it/Media/carg/index.html", "Location": "Italy Grid", "Type": "Official Map"}}, {"type": "Feature", "geometry": {"type": "Polygon", "coordinates": [[[16.0, 38.95], [16.5, 38.95], [16.5, 39.28], [16.0, 39.28], [16.0, 38.95]]]}, "properties": {"Title": "Foglio 595 - PALERMO", "DOI": "CARG-595", "URL": "https://www.isprambiente.gov.it/Media/carg/595_PALERMO/Foglio.html", "Location": "Italy Grid", "Type": "Official Map"}}, {"type": "Feature", "geometry": {"type": "Polygon", "coordinates": [[[16.5, 38.95], [17.0, 38.95], [17.0, 39.28], [16.5, 39.28], [16.5, 38.95]]]}, "properties": {"Title": "Foglio 596 - FOGLIO CARG", "DOI": "CARG-596", "URL": "https://www.isprambiente.gov.it/Media/carg/index.html", "Location": "Italy Grid", "Type": "Official Map"}}, {"type": "Feature", "geometry": {"type": "Polygon", "coordinates": [[[17.0, 38.95], [17.5, 38.95], [17.5, 39.28], [17.0, 39.28], [17.0, 38.95]]]}, "properties": {"Title": "Foglio 597 - FOGLIO CARG", "DOI": "CARG-597", "URL": "https://www.isprambiente.gov.it/Media/carg/index.html", "Location": "Italy Grid", "Type": "Official Map"}}, {"type": "Feature", "geometry": {"type": "Polygon", "coordinates": [[[17.5, 38.95], [18.0, 38.95], [18.0, 39.28], [17.5, 39.28], [17.5, 38.95]]]}, "properties": {"Title": "Foglio 598 - FOGLIO CARG", "DOI": "CARG-598", "URL": "https://www.isprambiente.gov.it/Media/carg/index.html", "Location": "Italy Grid", "Type": "Official Map"}}, {"type": "Feature", "geometry": {"type": "Polygon", "coordinates": [[[18.0, 38.95], [18.5, 38.95], [18.5, 39.28], [18.0, 39.28], [18.0, 38.95]]]}, "properties": {"Title": "Foglio 599 - FOGLIO CARG", "DOI": "CARG-599", "URL": "https://www.isprambiente.gov.it/Media/carg/index.html", "Location": "Italy Grid", "Type": "Official Map"}}, {"type": "Feature", "geometry": {"type": "Polygon", "coordinates": [[[18.5, 38.95], [19.0, 38.95], [19.0, 39.28], [18.5, 39.28], [18.5, 38.95]]]}, "properties": {"Title": "Foglio 600 - FOGLIO CARG", "DOI": "CARG-600", "URL": "https://www.isprambiente.gov.it/Media/carg/index.html", "Location": "Italy Grid", "Type": "Official Map"}}, {"type": "Feature", "geometry": {"type": "Polygon", "coordinates": [[[7.0, 38.62], [7.5, 38.62], [7.5, 38.95], [7.0, 38.95], [7.0, 38.62]]]}, "properties": {"Title": "Foglio 601 - FOGLIO CARG", "DOI": "CARG-601", "URL": "https://www.isprambiente.gov.it/Media/carg/index.html", "Location": "Italy Grid", "Type": "Official Map"}}, {"type": "Feature", "geometry": {"type": "Polygon", "coordinates": [[[7.5, 38.62], [8.0, 38.62], [8.0, 38.95], [7.5, 38.95], [7.5, 38.62]]]}, "properties": {"Title": "Foglio 602 - REGGIO CALABRIA", "DOI": "CARG-602", "URL": "https://www.isprambiente.gov.it/Media/carg/602_REGGIO_CALABRIA/Foglio.html", "Location": "Italy Grid", "Type": "Official Map"}}, {"type": "Feature", "geometry": {"type": "Polygon", "coordinates": [[[8.0, 38.62], [8.5, 38.62], [8.5, 38.95], [8.0, 38.95], [8.0, 38.62]]]}, "properties": {"Title": "Foglio 603 - FOGLIO CARG", "DOI": "CARG-603", "URL": "https://www.isprambiente.gov.it/Media/carg/index.html", "Location": "Italy Grid", "Type": "Official Map"}}, {"type": "Feature", "geometry": {"type": "Polygon", "coordinates": [[[8.5, 38.62], [9.0, 38.62], [9.0, 38.95], [8.5, 38.95], [8.5, 38.62]]]}, "properties": {"Title": "Foglio 604 - FOGLIO CARG", "DOI": "CARG-604", "URL": "https://www.isprambiente.gov.it/Media/carg/index.html", "Location": "Italy Grid", "Type": "Official Map"}}, {"type": "Feature", "geometry": {"type": "Polygon", "coordinates": [[[9.0, 38.62], [9.5, 38.62], [9.5, 38.95], [9.0, 38.95], [9.0, 38.62]]]}, "properties": {"Title": "Foglio 605 - FOGLIO CARG", "DOI": "CARG-605", "URL": "https://www.isprambiente.gov.it/Media/carg/index.html", "Location": "Italy Grid", "Type": "Official Map"}}, {"type": "Feature", "geometry": {"type": "Polygon", "coordinates": [[[9.5, 38.62], [10.0, 38.62], [10.0, 38.95], [9.5, 38.95], [9.5, 38.62]]]}, "properties": {"Title": "Foglio 606 - FOGLIO CARG", "DOI": "CARG-606", "URL": "https://www.isprambiente.gov.it/Media/carg/index.html", "Location": "Italy Grid", "Type": "Official Map"}}, {"type": "Feature", "geometry": {"type": "Polygon", "coordinates": [[[10.0, 38.62], [10.5, 38.62], [10.5, 38.95], [10.0, 38.95], [10.0, 38.62]]]}, "properties": {"Title": "Foglio 607 - FOGLIO CARG", "DOI": "CARG-607", "URL": "https://www.isprambiente.gov.it/Media/carg/index.html", "Location": "Italy Grid", "Type": "Official Map"}}, {"type": "Feature", "geometry": {"type": "Polygon", "coordinates": [[[10.5, 38.62], [11.0, 38.62], [11.0, 38.95], [10.5, 38.95], [10.5, 38.62]]]}, "properties": {"Title": "Foglio 608 - FOGLIO CARG", "DOI": "CARG-608", "URL": "https://www.isprambiente.gov.it/Media/carg/index.html", "Location": "Italy Grid", "Type": "Official Map"}}, {"type": "Feature", "geometry": {"type": "Polygon", "coordinates": [[[11.0, 38.62], [11.5, 38.62], [11.5, 38.95], [11.0, 38.95], [11.0, 38.62]]]}, "properties": {"Title": "Foglio 609 - FOGLIO CARG", "DOI": "CARG-609", "URL": "https://www.isprambiente.gov.it/Media/carg/index.html", "Location": "Italy Grid", "Type": "Official Map"}}, {"type": "Feature", "geometry": {"type": "Polygon", "coordinates": [[[11.5, 38.62], [12.0, 38.62], [12.0, 38.95], [11.5, 38.95], [11.5, 38.62]]]}, "properties": {"Title": "Foglio 610 - FOGLIO CARG", "DOI": "CARG-610", "URL": "https://www.isprambiente.gov.it/Media/carg/index.html", "Location": "Italy Grid", "Type": "Official Map"}}, {"type": "Feature", "geometry": {"type": "Polygon", "coordinates": [[[12.0, 38.62], [12.5, 38.62], [12.5, 38.95], [12.0, 38.95], [12.0, 38.62]]]}, "properties": {"Title": "Foglio 611 - FOGLIO CARG", "DOI": "CARG-611", "URL": "https://www.isprambiente.gov.it/Media/carg/index.html", "Location": "Italy Grid", "Type": "Official Map"}}, {"type": "Feature", "geometry": {"type": "Polygon", "coordinates": [[[12.5, 38.62], [13.0, 38.62], [13.0, 38.95], [12.5, 38.95], [12.5, 38.62]]]}, "properties": {"Title": "Foglio 612 - FOGLIO CARG", "DOI": "CARG-612", "URL": "https://www.isprambiente.gov.it/Media/carg/index.html", "Location": "Italy Grid", "Type": "Official Map"}}, {"type": "Feature", "geometry": {"type": "Polygon", "coordinates": [[[13.0, 38.62], [13.5, 38.62], [13.5, 38.95], [13.0, 38.95], [13.0, 38.62]]]}, "properties": {"Title": "Foglio 613 - FOGLIO CARG", "DOI": "CARG-613", "URL": "https://www.isprambiente.gov.it/Media/carg/index.html", "Location": "Italy Grid", "Type": "Official Map"}}, {"type": "Feature", "geometry": {"type": "Polygon", "coordinates": [[[13.5, 38.62], [14.0, 38.62], [14.0, 38.95], [13.5, 38.95], [13.5, 38.62]]]}, "properties": {"Title": "Foglio 614 - FOGLIO CARG", "DOI": "CARG-614", "URL": "https://www.isprambiente.gov.it/Media/carg/index.html", "Location": "Italy Grid", "Type": "Official Map"}}, {"type": "Feature", "geometry": {"type": "Polygon", "coordinates": [[[14.0, 38.62], [14.5, 38.62], [14.5, 38.95], [14.0, 38.95], [14.0, 38.62]]]}, "properties": {"Title": "Foglio 615 - FOGLIO CARG", "DOI": "CARG-615", "URL": "https://www.isprambiente.gov.it/Media/carg/index.html", "Location": "Italy Grid", "Type": "Official Map"}}, {"type": "Feature", "geometry": {"type": "Polygon", "coordinates": [[[14.5, 38.62], [15.0, 38.62], [15.0, 38.95], [14.5, 38.95], [14.5, 38.62]]]}, "properties": {"Title": "Foglio 616 - FOGLIO CARG", "DOI": "CARG-616", "URL": "https://www.isprambiente.gov.it/Media/carg/index.html", "Location": "Italy Grid", "Type": "Official Map"}}, {"type": "Feature", "geometry": {"type": "Polygon", "coordinates": [[[15.0, 38.62], [15.5, 38.62], [15.5, 38.95], [15.0, 38.95], [15.0, 38.62]]]}, "properties": {"Title": "Foglio 617 - FOGLIO CARG", "DOI": "CARG-617", "URL": "https://www.isprambiente.gov.it/Media/carg/index.html", "Location": "Italy Grid", "Type": "Official Map"}}, {"type": "Feature", "geometry": {"type": "Polygon", "coordinates": [[[15.5, 38.62], [16.0, 38.62], [16.0, 38.95], [15.5, 38.95], [15.5, 38.62]]]}, "properties": {"Title": "Foglio 618 - FOGLIO CARG", "DOI": "CARG-618", "URL": "https://www.isprambiente.gov.it/Media/carg/index.html", "Location": "Italy Grid", "Type": "Official Map"}}, {"type": "Feature", "geometry": {"type": "Polygon", "coordinates": [[[16.0, 38.62], [16.5, 38.62], [16.5, 38.95], [16.0, 38.95], [16.0, 38.62]]]}, "properties": {"Title": "Foglio 619 - FOGLIO CARG", "DOI": "CARG-619", "URL": "https://www.isprambiente.gov.it/Media/carg/index.html", "Location": "Italy Grid", "Type": "Official Map"}}, {"type": "Feature", "geometry": {"type": "Polygon", "coordinates": [[[16.5, 38.62], [17.0, 38.62], [17.0, 38.95], [16.5, 38.95], [16.5, 38.62]]]}, "properties": {"Title": "Foglio 620 - FOGLIO CARG", "DOI": "CARG-620", "URL": "https://www.isprambiente.gov.it/Media/carg/index.html", "Location": "Italy Grid", "Type": "Official Map"}}, {"type": "Feature", "geometry": {"type": "Polygon", "coordinates": [[[17.0, 38.62], [17.5, 38.62], [17.5, 38.95], [17.0, 38.95], [17.0, 38.62]]]}, "properties": {"Title": "Foglio 621 - FOGLIO CARG", "DOI": "CARG-621", "URL": "https://www.isprambiente.gov.it/Media/carg/index.html", "Location": "Italy Grid", "Type": "Official Map"}}, {"type": "Feature", "geometry": {"type": "Polygon", "coordinates": [[[17.5, 38.62], [18.0, 38.62], [18.0, 38.95], [17.5, 38.95], [17.5, 38.62]]]}, "properties": {"Title": "Foglio 622 - FOGLIO CARG", "DOI": "CARG-622", "URL": "https://www.isprambiente.gov.it/Media/carg/index.html", "Location": "Italy Grid", "Type": "Official Map"}}, {"type": "Feature", "geometry": {"type": "Polygon", "coordinates": [[[18.0, 38.62], [18.5, 38.62], [18.5, 38.95], [18.0, 38.95], [18.0, 38.62]]]}, "properties": {"Title": "Foglio 623 - FOGLIO CARG", "DOI": "CARG-623", "URL": "https://www.isprambiente.gov.it/Media/carg/index.html", "Location": "Italy Grid", "Type": "Official Map"}}, {"type": "Feature", "geometry": {"type": "Polygon", "coordinates": [[[18.5, 38.62], [19.0, 38.62], [19.0, 38.95], [18.5, 38.95], [18.5, 38.62]]]}, "properties": {"Title": "Foglio 624 - FOGLIO CARG", "DOI": "CARG-624", "URL": "https://www.isprambiente.gov.it/Media/carg/index.html", "Location": "Italy Grid", "Type": "Official Map"}}, {"type": "Feature", "geometry": {"type": "Polygon", "coordinates": [[[7.0, 38.29], [7.5, 38.29], [7.5, 38.62], [7.0, 38.62], [7.0, 38.29]]]}, "properties": {"Title": "Foglio 625 - ACIREALE (ETNA)", "DOI": "CARG-625", "URL": "https://www.isprambiente.gov.it/Media/carg/625_ACIREALE_(ETNA)/Foglio.html", "Location": "Italy Grid", "Type": "Official Map"}}, {"type": "Feature", "geometry": {"type": "Polygon", "coordinates": [[[7.5, 38.29], [8.0, 38.29], [8.0, 38.62], [7.5, 38.62], [7.5, 38.29]]]}, "properties": {"Title": "Foglio 626 - FOGLIO CARG", "DOI": "CARG-626", "URL": "https://www.isprambiente.gov.it/Media/carg/index.html", "Location": "Italy Grid", "Type": "Official Map"}}, {"type": "Feature", "geometry": {"type": "Polygon", "coordinates": [[[8.0, 38.29], [8.5, 38.29], [8.5, 38.62], [8.0, 38.62], [8.0, 38.29]]]}, "properties": {"Title": "Foglio 627 - FOGLIO CARG", "DOI": "CARG-627", "URL": "https://www.isprambiente.gov.it/Media/carg/index.html", "Location": "Italy Grid", "Type": "Official Map"}}, {"type": "Feature", "geometry": {"type": "Polygon", "coordinates": [[[8.5, 38.29], [9.0, 38.29], [9.0, 38.62], [8.5, 38.62], [8.5, 38.29]]]}, "properties": {"Title": "Foglio 628 - FOGLIO CARG", "DOI": "CARG-628", "URL": "https://www.isprambiente.gov.it/Media/carg/index.html", "Location": "Italy Grid", "Type": "Official Map"}}, {"type": "Feature", "geometry": {"type": "Polygon", "coordinates": [[[9.0, 38.29], [9.5, 38.29], [9.5, 38.62], [9.0, 38.62], [9.0, 38.29]]]}, "properties": {"Title": "Foglio 629 - FOGLIO CARG", "DOI": "CARG-629", "URL": "https://www.isprambiente.gov.it/Media/carg/index.html", "Location": "Italy Grid", "Type": "Official Map"}}, {"type": "Feature", "geometry": {"type": "Polygon", "coordinates": [[[9.5, 38.29], [10.0, 38.29], [10.0, 38.62], [9.5, 38.62], [9.5, 38.29]]]}, "properties": {"Title": "Foglio 630 - FOGLIO CARG", "DOI": "CARG-630", "URL": "https://www.isprambiente.gov.it/Media/carg/index.html", "Location": "Italy Grid", "Type": "Official Map"}}, {"type": "Feature", "geometry": {"type": "Polygon", "coordinates": [[[10.0, 38.29], [10.5, 38.29], [10.5, 38.62], [10.0, 38.62], [10.0, 38.29]]]}, "properties": {"Title": "Foglio 631 - FOGLIO CARG", "DOI": "CARG-631", "URL": "https://www.isprambiente.gov.it/Media/carg/index.html", "Location": "Italy Grid", "Type": "Official Map"}}, {"type": "Feature", "geometry": {"type": "Polygon", "coordinates": [[[10.5, 38.29], [11.0, 38.29], [11.0, 38.62], [10.5, 38.62], [10.5, 38.29]]]}, "properties": {"Title": "Foglio 632 - FOGLIO CARG", "DOI": "CARG-632", "URL": "https://www.isprambiente.gov.it/Media/carg/index.html", "Location": "Italy Grid", "Type": "Official Map"}}, {"type": "Feature", "geometry": {"type": "Polygon", "coordinates": [[[11.0, 38.29], [11.5, 38.29], [11.5, 38.62], [11.0, 38.62], [11.0, 38.29]]]}, "properties": {"Title": "Foglio 633 - FOGLIO CARG", "DOI": "CARG-633", "URL": "https://www.isprambiente.gov.it/Media/carg/index.html", "Location": "Italy Grid", "Type": "Official Map"}}, {"type": "Feature", "geometry": {"type": "Polygon", "coordinates": [[[11.5, 38.29], [12.0, 38.29], [12.0, 38.62], [11.5, 38.62], [11.5, 38.29]]]}, "properties": {"Title": "Foglio 634 - CATANIA", "DOI": "CARG-634", "URL": "https://www.isprambiente.gov.it/Media/carg/634_CATANIA/Foglio.html", "Location": "Italy Grid", "Type": "Official Map"}}, {"type": "Feature", "geometry": {"type": "Polygon", "coordinates": [[[12.0, 38.29], [12.5, 38.29], [12.5, 38.62], [12.0, 38.62], [12.0, 38.29]]]}, "properties": {"Title": "Foglio 635 - FOGLIO CARG", "DOI": "CARG-635", "URL": "https://www.isprambiente.gov.it/Media/carg/index.html", "Location": "Italy Grid", "Type": "Official Map"}}, {"type": "Feature", "geometry": {"type": "Polygon", "coordinates": [[[12.5, 38.29], [13.0, 38.29], [13.0, 38.62], [12.5, 38.62], [12.5, 38.29]]]}, "properties": {"Title": "Foglio 636 - FOGLIO CARG", "DOI": "CARG-636", "URL": "https://www.isprambiente.gov.it/Media/carg/index.html", "Location": "Italy Grid", "Type": "Official Map"}}, {"type": "Feature", "geometry": {"type": "Polygon", "coordinates": [[[13.0, 38.29], [13.5, 38.29], [13.5, 38.62], [13.0, 38.62], [13.0, 38.29]]]}, "properties": {"Title": "Foglio 637 - FOGLIO CARG", "DOI": "CARG-637", "URL": "https://www.isprambiente.gov.it/Media/carg/index.html", "Location": "Italy Grid", "Type": "Official Map"}}, {"type": "Feature", "geometry": {"type": "Polygon", "coordinates": [[[13.5, 38.29], [14.0, 38.29], [14.0, 38.62], [13.5, 38.62], [13.5, 38.29]]]}, "properties": {"Title": "Foglio 638 - FOGLIO CARG", "DOI": "CARG-638", "URL": "https://www.isprambiente.gov.it/Media/carg/index.html", "Location": "Italy Grid", "Type": "Official Map"}}, {"type": "Feature", "geometry": {"type": "Polygon", "coordinates": [[[14.0, 38.29], [14.5, 38.29], [14.5, 38.62], [14.0, 38.62], [14.0, 38.29]]]}, "properties": {"Title": "Foglio 639 - FOGLIO CARG", "DOI": "CARG-639", "URL": "https://www.isprambiente.gov.it/Media/carg/index.html", "Location": "Italy Grid", "Type": "Official Map"}}, {"type": "Feature", "geometry": {"type": "Polygon", "coordinates": [[[14.5, 38.29], [15.0, 38.29], [15.0, 38.62], [14.5, 38.62], [14.5, 38.29]]]}, "properties": {"Title": "Foglio 640 - FOGLIO CARG", "DOI": "CARG-640", "URL": "https://www.isprambiente.gov.it/Media/carg/index.html", "Location": "Italy Grid", "Type": "Official Map"}}, {"type": "Feature", "geometry": {"type": "Polygon", "coordinates": [[[15.0, 38.29], [15.5, 38.29], [15.5, 38.62], [15.0, 38.62], [15.0, 38.29]]]}, "properties": {"Title": "Foglio 641 - FOGLIO CARG", "DOI": "CARG-641", "URL": "https://www.isprambiente.gov.it/Media/carg/index.html", "Location": "Italy Grid", "Type": "Official Map"}}, {"type": "Feature", "geometry": {"type": "Polygon", "coordinates": [[[15.5, 38.29], [16.0, 38.29], [16.0, 38.62], [15.5, 38.62], [15.5, 38.29]]]}, "properties": {"Title": "Foglio 642 - FOGLIO CARG", "DOI": "CARG-642", "URL": "https://www.isprambiente.gov.it/Media/carg/index.html", "Location": "Italy Grid", "Type": "Official Map"}}, {"type": "Feature", "geometry": {"type": "Polygon", "coordinates": [[[16.0, 38.29], [16.5, 38.29], [16.5, 38.62], [16.0, 38.62], [16.0, 38.29]]]}, "properties": {"Title": "Foglio 643 - FOGLIO CARG", "DOI": "CARG-643", "URL": "https://www.isprambiente.gov.it/Media/carg/index.html", "Location": "Italy Grid", "Type": "Official Map"}}, {"type": "Feature", "geometry": {"type": "Polygon", "coordinates": [[[16.5, 38.29], [17.0, 38.29], [17.0, 38.62], [16.5, 38.62], [16.5, 38.29]]]}, "properties": {"Title": "Foglio 644 - FOGLIO CARG", "DOI": "CARG-644", "URL": "https://www.isprambiente.gov.it/Media/carg/index.html", "Location": "Italy Grid", "Type": "Official Map"}}, {"type": "Feature", "geometry": {"type": "Polygon", "coordinates": [[[17.0, 38.29], [17.5, 38.29], [17.5, 38.62], [17.0, 38.62], [17.0, 38.29]]]}, "properties": {"Title": "Foglio 645 - FOGLIO CARG", "DOI": "CARG-645", "URL": "https://www.isprambiente.gov.it/Media/carg/index.html", "Location": "Italy Grid", "Type": "Official Map"}}, {"type": "Feature", "geometry": {"type": "Polygon", "coordinates": [[[17.5, 38.29], [18.0, 38.29], [18.0, 38.62], [17.5, 38.62], [17.5, 38.29]]]}, "properties": {"Title": "Foglio 646 - FOGLIO CARG", "DOI": "CARG-646", "URL": "https://www.isprambiente.gov.it/Media/carg/index.html", "Location": "Italy Grid", "Type": "Official Map"}}, {"type": "Feature", "geometry": {"type": "Polygon", "coordinates": [[[18.0, 38.29], [18.5, 38.29], [18.5, 38.62], [18.0, 38.62], [18.0, 38.29]]]}, "properties": {"Title": "Foglio 647 - FOGLIO CARG", "DOI": "CARG-647", "URL": "https://www.isprambiente.gov.it/Media/carg/index.html", "Location": "Italy Grid", "Type": "Official Map"}}, {"type": "Feature", "geometry": {"type": "Polygon", "coordinates": [[[18.5, 38.29], [19.0, 38.29], [19.0, 38.62], [18.5, 38.62], [18.5, 38.29]]]}, "properties": {"Title": "Foglio 648 - FOGLIO CARG", "DOI": "CARG-648", "URL": "https://www.isprambiente.gov.it/Media/carg/index.html", "Location": "Italy Grid", "Type": "Official Map"}}, {"type": "Feature", "geometry": {"type": "Polygon", "coordinates": [[[7.0, 37.96], [7.5, 37.96], [7.5, 38.29], [7.0, 38.29], [7.0, 37.96]]]}, "properties": {"Title": "Foglio 649 - FOGLIO CARG", "DOI": "CARG-649", "URL": "https://www.isprambiente.gov.it/Media/carg/index.html", "Location": "Italy Grid", "Type": "Official Map"}}, {"type": "Feature", "geometry": {"type": "Polygon", "coordinates": [[[7.5, 37.96], [8.0, 37.96], [8.0, 38.29], [7.5, 38.29], [7.5, 37.96]]]}, "properties": {"Title": "Foglio 650 - FOGLIO CARG", "DOI": "CARG-650", "URL": "https://www.isprambiente.gov.it/Media/carg/index.html", "Location": "Italy Grid", "Type": "Official Map"}}, {"type": "Feature", "geometry": {"type": "Polygon", "coordinates": [[[8.0, 37.96], [8.5, 37.96], [8.5, 38.29], [8.0, 38.29], [8.0, 37.96]]]}, "properties": {"Title": "Foglio 651 - FOGLIO CARG", "DOI": "CARG-651", "URL": "https://www.isprambiente.gov.it/Media/carg/index.html", "Location": "Italy Grid", "Type": "Official Map"}}, {"type": "Feature", "geometry": {"type": "Polygon", "coordinates": [[[8.5, 37.96], [9.0, 37.96], [9.0, 38.29], [8.5, 38.29], [8.5, 37.96]]]}, "properties": {"Title": "Foglio 652 - FOGLIO CARG", "DOI": "CARG-652", "URL": "https://www.isprambiente.gov.it/Media/carg/index.html", "Location": "Italy Grid", "Type": "Official Map"}}]}